CustomerID,Recency,Frequency,Monetary,Cluster,Segment
12346.0,325,12,77556.46,2,VIP
12347.0,1,8,4921.53,3,Loyal
12348.0,74,5,2019.4,3,Loyal
12349.0,18,4,4428.69,3,Loyal
12350.0,309,1,334.4,1,Low-Value
12351.0,374,1,300.93,1,Low-Value
12352.0,35,10,2849.84,3,Loyal
12353.0,203,2,406.76,0,At-Risk
12354.0,231,1,1079.4,0,At-Risk
12355.0,213,2,947.61,0,At-Risk
12356.0,22,6,6371.73,3,Loyal
12357.0,32,3,18287.66,3,Loyal
12358.0,1,5,3887.07,3,Loyal
12359.0,57,10,8873.39,2,VIP
12360.0,51,8,4252.89,3,Loyal
12361.0,286,4,511.25,0,At-Risk
12362.0,2,11,5356.2300000000005,2,VIP
12363.0,109,2,552.0,0,At-Risk
12364.0,7,4,1313.1,3,Loyal
12365.0,290,2,641.38,0,At-Risk
12366.0,633,1,500.24,1,Low-Value
12367.0,3,1,168.9,0,At-Risk
12368.0,627,1,917.7,1,Low-Value
12369.0,412,3,1791.15,1,Low-Value
12370.0,50,7,4316.56,3,Loyal
12371.0,44,5,4067.38,3,Loyal
12372.0,71,3,1298.04,3,Loyal
12373.0,310,3,1127.65,3,Loyal
12374.0,24,4,2989.2200000000003,3,Loyal
12375.0,10,2,457.5,0,At-Risk
12376.0,389,2,503.15,1,Low-Value
12377.0,314,4,3426.32,3,Loyal
12378.0,129,2,5416.32,3,Loyal
12379.0,81,4,1620.22,3,Loyal
12380.0,21,11,9676.3,2,VIP
12381.0,4,5,1845.31,3,Loyal
12383.0,184,5,1850.56,3,Loyal
12384.0,28,2,585.27,0,At-Risk
12385.0,378,1,1938.4,1,Low-Value
12386.0,337,2,401.9,1,Low-Value
12387.0,414,1,143.94,1,Low-Value
12388.0,15,8,3901.11,3,Loyal
12389.0,402,3,1433.33,1,Low-Value
12390.0,79,1,549.84,0,At-Risk
12391.0,21,6,2724.84,3,Loyal
12392.0,590,1,234.75000000000003,1,Low-Value
12393.0,71,6,2399.45,3,Loyal
12394.0,63,2,1272.48,0,At-Risk
12395.0,18,15,4721.17,2,VIP
12396.0,673,1,931.43,1,Low-Value
12397.0,35,2,2409.9,3,Loyal
12398.0,45,1,1635.66,0,At-Risk
12399.0,118,7,1962.3,3,Loyal
12400.0,413,1,205.25,1,Low-Value
12401.0,302,1,84.3,1,Low-Value
12402.0,322,6,1256.9,3,Loyal
12403.0,49,2,1019.36,0,At-Risk
12404.0,681,1,63.24,1,Low-Value
12405.0,148,1,1710.39,0,At-Risk
12406.0,21,5,6390.36,3,Loyal
12407.0,49,5,1708.12,3,Loyal
12408.0,32,8,4340.77,3,Loyal
12409.0,78,7,23419.29,2,VIP
12410.0,308,3,1013.71,3,Loyal
12411.0,409,1,346.9,1,Low-Value
12412.0,74,6,2596.93,3,Loyal
12413.0,66,4,999.45,3,Loyal
12414.0,216,6,952.41,3,Loyal
12415.0,23,28,144458.37,2,VIP
12416.0,656,1,202.56,1,Low-Value
12417.0,2,20,6797.41,2,VIP
12418.0,112,4,2021.2,3,Loyal
12419.0,385,2,503.01,1,Low-Value
12420.0,63,1,600.39,0,At-Risk
12421.0,15,6,1098.6,3,Loyal
12422.0,95,17,5231.8,2,VIP
12423.0,0,10,2622.39,3,Loyal
12424.0,162,4,3340.0299999999997,3,Loyal
12425.0,77,2,1741.41,3,Loyal
12426.0,194,2,1345.21,0,At-Risk
12427.0,21,3,825.8,0,At-Risk
12428.0,25,9,7956.46,2,VIP
12429.0,8,8,6204.41,2,VIP
12430.0,42,1,256.4,0,At-Risk
12431.0,35,27,10432.22,2,VIP
12432.0,42,5,5059.32,3,Loyal
12433.0,0,10,16794.14,2,VIP
12434.0,84,3,1103.43,3,Loyal
12435.0,79,6,13925.93,2,VIP
12436.0,99,1,509.01,0,At-Risk
12437.0,1,39,12683.4,2,VIP
12438.0,13,2,2906.85,3,Loyal
12439.0,682,2,1142.88,1,Low-Value
12440.0,461,2,859.2,1,Low-Value
12441.0,366,1,173.55,1,Low-Value
12442.0,2,1,172.06,0,At-Risk
12443.0,731,1,485.31,1,Low-Value
12444.0,20,5,5005.46,3,Loyal
12445.0,21,2,434.98,0,At-Risk
12446.0,57,1,1002.31,0,At-Risk
12447.0,242,1,476.49,0,At-Risk
12448.0,43,1,449.45,0,At-Risk
12449.0,21,6,4835.89,3,Loyal
12450.0,155,5,688.2,3,Loyal
12451.0,10,8,12669.88,2,VIP
12452.0,16,2,430.57,0,At-Risk
12453.0,133,1,707.09,0,At-Risk
12454.0,55,5,16679.78,2,VIP
12455.0,72,10,5879.95,2,VIP
12456.0,43,3,3181.04,3,Loyal
12457.0,65,8,2995.91,3,Loyal
12458.0,70,4,1777.49,3,Loyal
12459.0,604,1,454.36,1,Low-Value
12460.0,455,1,326.65,1,Low-Value
12461.0,93,2,826.88,0,At-Risk
12462.0,18,2,1189.59,0,At-Risk
12463.0,52,4,1344.78,3,Loyal
12464.0,9,8,1212.05,3,Loyal
12465.0,16,2,742.1899999999999,0,At-Risk
12466.0,681,1,56.73,1,Low-Value
12467.0,422,1,132.8,1,Low-Value
12468.0,187,5,3670.74,3,Loyal
12469.0,522,2,3070.54,1,Low-Value
12470.0,689,1,211.95,1,Low-Value
12471.0,1,79,39918.19,2,VIP
12472.0,31,19,16249.29,2,VIP
12473.0,28,5,3928.05,3,Loyal
12474.0,16,31,12372.75,2,VIP
12475.0,53,2,1149.64,0,At-Risk
12476.0,15,23,14083.91,2,VIP
12477.0,22,9,20276.37,2,VIP
12478.0,3,1,680.99,0,At-Risk
12479.0,10,1,527.2,0,At-Risk
12480.0,27,7,5464.85,3,Loyal
12481.0,22,15,12185.51,2,VIP
12482.0,575,29,23691.4,2,VIP
12483.0,16,19,5097.18,2,VIP
12484.0,32,12,6354.1,2,VIP
12485.0,528,1,708.1,1,Low-Value
12486.0,431,1,1037.28,1,Low-Value
12487.0,730,1,285.3,1,Low-Value
12488.0,9,3,1298.66,3,Loyal
12489.0,335,1,334.93,1,Low-Value
12490.0,4,21,9823.64,2,VIP
12491.0,38,1,460.4,0,At-Risk
12492.0,62,3,715.21,0,At-Risk
12493.0,165,2,433.74,0,At-Risk
12494.0,15,9,1815.27,3,Loyal
12495.0,640,1,357.4,1,Low-Value
12496.0,619,2,45.34,1,Low-Value
12497.0,81,3,6248.5,3,Loyal
12498.0,20,3,403.7000000000001,0,At-Risk
12499.0,559,1,393.72,1,Low-Value
12500.0,22,19,5955.21,2,VIP
12501.0,336,1,2169.39,1,Low-Value
12502.0,95,5,3723.87,3,Loyal
12503.0,583,1,1126.0,1,Low-Value
12504.0,17,4,779.05,3,Loyal
12505.0,408,1,955.2,1,Low-Value
12506.0,232,1,73.5,0,At-Risk
12507.0,133,4,1844.06,3,Loyal
12508.0,25,2,397.88,0,At-Risk
12509.0,283,1,176.5,0,At-Risk
12510.0,142,9,5178.02,3,Loyal
12511.0,428,1,3084.02,1,Low-Value
12512.0,65,2,132.18,0,At-Risk
12513.0,112,1,612.29,0,At-Risk
12514.0,266,2,1597.76,3,Loyal
12515.0,352,1,383.7,1,Low-Value
12516.0,77,4,2648.62,3,Loyal
12517.0,27,5,2481.6,3,Loyal
12518.0,0,5,2056.89,3,Loyal
12519.0,63,2,716.54,0,At-Risk
12520.0,78,5,2634.26,3,Loyal
12521.0,142,1,599.68,0,At-Risk
12522.0,38,2,192.72,0,At-Risk
12523.0,18,23,4352.35,2,VIP
12524.0,8,17,11126.11,2,VIP
12525.0,497,3,973.73,1,Low-Value
12526.0,0,3,1316.66,3,Loyal
12527.0,81,5,735.51,3,Loyal
12528.0,8,6,1933.48,3,Loyal
12529.0,527,1,316.48,1,Low-Value
12530.0,59,9,3759.26,3,Loyal
12531.0,14,2,1933.2,3,Loyal
12532.0,29,1,349.83000000000004,0,At-Risk
12533.0,627,2,1367.89,1,Low-Value
12534.0,130,1,1089.18,0,At-Risk
12535.0,91,2,716.35,0,At-Risk
12536.0,42,3,12601.830000000002,3,Loyal
12537.0,408,1,732.94,1,Low-Value
12538.0,28,2,640.45,0,At-Risk
12539.0,21,7,11214.75,2,VIP
12540.0,19,33,22254.49,2,VIP
12541.0,29,3,981.18,3,Loyal
12542.0,483,2,481.88,1,Low-Value
12543.0,447,1,980.25,1,Low-Value
12544.0,35,1,372.7,0,At-Risk
12545.0,74,2,1000.39,0,At-Risk
12546.0,46,2,1161.5,0,At-Risk
12547.0,197,3,383.58,0,At-Risk
12548.0,165,1,95.2,0,At-Risk
12549.0,575,6,1575.68,1,Low-Value
12550.0,78,1,964.83,0,At-Risk
12551.0,357,1,168.0,1,Low-Value
12552.0,38,2,437.82,0,At-Risk
12553.0,7,12,4608.75,2,VIP
12554.0,448,1,468.5,1,Low-Value
12555.0,681,1,129.23,1,Low-Value
12556.0,49,2,599.56,0,At-Risk
12557.0,15,8,18096.14,2,VIP
12558.0,7,1,269.96,0,At-Risk
12559.0,310,2,561.71,1,Low-Value
12560.0,4,3,2134.01,3,Loyal
12561.0,302,1,238.85,1,Low-Value
12562.0,7,9,4966.92,2,VIP
12563.0,408,1,249.24,1,Low-Value
12564.0,260,1,456.9,0,At-Risk
12565.0,288,1,145.92,1,Low-Value
12566.0,85,1,351.65,0,At-Risk
12567.0,22,15,11767.48,2,VIP
12568.0,644,1,70.0,1,Low-Value
12569.0,1,32,4124.69,2,VIP
12570.0,681,1,77.52,1,Low-Value
12571.0,39,2,519.61,0,At-Risk
12572.0,8,2,1020.42,0,At-Risk
12573.0,226,5,717.41,3,Loyal
12574.0,315,1,218.45,1,Low-Value
12575.0,456,2,622.82,1,Low-Value
12576.0,35,8,2142.72,3,Loyal
12577.0,34,8,1617.1,3,Loyal
12578.0,20,4,4642.45,3,Loyal
12579.0,77,1,440.42,0,At-Risk
12580.0,246,2,1052.9,0,At-Risk
12581.0,39,1,197.71,0,At-Risk
12582.0,238,4,1980.4,3,Loyal
12583.0,2,27,13591.58,2,VIP
12584.0,3,9,2338.15,3,Loyal
12585.0,233,2,2040.1,3,Loyal
12586.0,16,4,2062.67,3,Loyal
12587.0,7,1,144.0,0,At-Risk
12588.0,38,4,958.78,3,Loyal
12589.0,28,8,4695.66,3,Loyal
12590.0,210,2,9864.26,3,Loyal
12591.0,316,3,1338.95,3,Loyal
12592.0,91,5,2582.66,3,Loyal
12593.0,108,3,418.1,0,At-Risk
12594.0,37,15,5090.11,2,VIP
12595.0,504,1,299.02,1,Low-Value
12596.0,50,2,618.27,0,At-Risk
12597.0,18,4,3811.22,3,Loyal
12598.0,9,11,4534.09,2,VIP
12599.0,28,13,2296.72,2,VIP
12600.0,28,21,4967.42,2,VIP
12601.0,189,6,681.26,3,Loyal
12602.0,58,1,153.12,0,At-Risk
12603.0,21,1,739.1999999999999,0,At-Risk
12604.0,78,2,254.18,0,At-Risk
12605.0,375,4,1232.95,3,Loyal
12606.0,681,1,21.0,1,Low-Value
12607.0,59,1,1579.51,0,At-Risk
12608.0,404,1,415.79,1,Low-Value
12609.0,77,9,3435.86,3,Loyal
12610.0,22,5,2099.54,3,Loyal
12611.0,51,1,1193.32,0,At-Risk
12612.0,73,1,704.04,0,At-Risk
12613.0,56,10,6817.37,2,VIP
12614.0,277,1,315.6,0,At-Risk
12615.0,1,8,5740.98,2,VIP
12616.0,94,3,1131.1,3,Loyal
12617.0,28,1,352.98,0,At-Risk
12618.0,21,1,177.31,0,At-Risk
12619.0,15,10,3781.38,2,VIP
12620.0,14,3,1339.41,3,Loyal
12621.0,1,35,24311.2,2,VIP
12622.0,231,1,180.1,0,At-Risk
12623.0,275,7,3747.84,3,Loyal
12624.0,105,2,641.13,0,At-Risk
12625.0,211,4,5164.88,3,Loyal
12626.0,22,9,6620.48,2,VIP
12627.0,10,7,4478.53,3,Loyal
12628.0,3,3,786.46,0,At-Risk
12629.0,385,2,1558.22,1,Low-Value
12630.0,9,2,1270.88,0,At-Risk
12631.0,56,6,3481.57,3,Loyal
12632.0,520,2,804.88,1,Low-Value
12633.0,58,7,5678.16,3,Loyal
12634.0,535,2,490.0,1,Low-Value
12635.0,89,4,2930.41,3,Loyal
12636.0,738,1,141.0,1,Low-Value
12637.0,66,12,8283.81,2,VIP
12638.0,32,2,921.49,0,At-Risk
12639.0,238,3,1312.37,3,Loyal
12640.0,23,3,1174.58,3,Loyal
12641.0,114,1,185.9,0,At-Risk
12642.0,24,3,1013.26,3,Loyal
12643.0,127,12,8304.82,2,VIP
12644.0,129,4,1918.49,3,Loyal
12645.0,33,8,3539.3,3,Loyal
12646.0,4,2,1346.97,0,At-Risk
12647.0,21,36,16955.55,2,VIP
12648.0,154,4,1112.0,3,Loyal
12649.0,106,8,2294.65,3,Loyal
12650.0,2,1,314.44,0,At-Risk
12651.0,334,4,377.75,1,Low-Value
12652.0,330,2,1017.03,1,Low-Value
12653.0,148,3,4160.83,3,Loyal
12654.0,10,5,601.98,3,Loyal
12655.0,423,1,261.35,1,Low-Value
12656.0,16,8,6407.83,2,VIP
12657.0,10,4,1643.18,3,Loyal
12658.0,18,1,686.05,0,At-Risk
12659.0,29,1,91.68,0,At-Risk
12660.0,10,1,245.1,0,At-Risk
12661.0,435,1,162.0,1,Low-Value
12662.0,0,20,6726.54,2,VIP
12663.0,624,2,239.4,1,Low-Value
12664.0,7,11,6070.04,2,VIP
12665.0,324,3,313.6,1,Low-Value
12666.0,393,1,1248.42,1,Low-Value
12667.0,57,1,620.13,0,At-Risk
12668.0,11,10,11383.03,2,VIP
12669.0,150,3,2744.0299999999997,3,Loyal
12670.0,9,7,3760.29,3,Loyal
12671.0,605,1,2622.481,1,Low-Value
12672.0,329,2,437.05,1,Low-Value
12673.0,4,3,1230.02,3,Loyal
12674.0,38,4,1970.6,3,Loyal
12675.0,553,2,957.25,1,Low-Value
12676.0,24,11,2843.09,3,Loyal
12677.0,554,2,395.1,1,Low-Value
12678.0,41,21,34281.18,2,VIP
12679.0,58,4,1113.02,3,Loyal
12680.0,0,4,880.81,3,Loyal
12681.0,14,45,29834.76,2,VIP
12682.0,3,52,22950.22,2,VIP
12683.0,3,21,11633.7,2,VIP
12684.0,7,7,2283.63,3,Loyal
12685.0,27,6,2863.08,3,Loyal
12686.0,371,1,89.14,1,Low-Value
12687.0,480,2,2138.91,1,Low-Value
12688.0,113,1,4873.8099999999995,3,Loyal
12689.0,25,2,1247.61,0,At-Risk
12690.0,205,1,389.01,0,At-Risk
12691.0,27,7,1170.4,3,Loyal
12692.0,636,1,110.95,1,Low-Value
12693.0,126,7,1703.02,3,Loyal
12694.0,69,3,1843.35,3,Loyal
12695.0,6,7,1407.12,3,Loyal
12696.0,434,2,851.91,1,Low-Value
12697.0,28,3,957.59,3,Loyal
12698.0,589,1,339.75,1,Low-Value
12699.0,417,1,638.11,1,Low-Value
12700.0,7,4,4939.99,3,Loyal
12701.0,79,6,2446.41,3,Loyal
12702.0,19,1,219.0,0,At-Risk
12703.0,70,4,1006.53,3,Loyal
12704.0,6,8,2340.84,3,Loyal
12705.0,14,14,11762.1,2,VIP
12707.0,291,1,603.42,0,At-Risk
12708.0,29,18,5117.66,2,VIP
12709.0,14,34,30291.76,2,VIP
12710.0,96,3,1149.02,3,Loyal
12711.0,611,2,1339.05,1,Low-Value
12712.0,28,21,6723.03,2,VIP
12713.0,0,1,848.55,0,At-Risk
12714.0,8,12,14093.71,2,VIP
12715.0,105,1,343.36,0,At-Risk
12716.0,3,2,1053.49,0,At-Risk
12717.0,150,3,1308.91,3,Loyal
12718.0,70,1,238.25,0,At-Risk
12719.0,4,2,644.95,0,At-Risk
12720.0,2,30,7787.28,2,VIP
12721.0,31,8,4013.08,3,Loyal
12722.0,84,4,997.63,3,Loyal
12723.0,3,5,725.07,3,Loyal
12724.0,4,7,2317.52,3,Loyal
12725.0,370,4,2266.76,3,Loyal
12726.0,27,11,4014.6,2,VIP
12727.0,10,10,5679.53,2,VIP
12728.0,70,5,1070.17,3,Loyal
12729.0,113,1,453.01,0,At-Risk
12730.0,521,1,829.25,1,Low-Value
12731.0,23,17,25775.71,2,VIP
12732.0,179,1,236.26,0,At-Risk
12733.0,233,4,2424.87,3,Loyal
12734.0,352,3,639.65,1,Low-Value
12735.0,314,2,779.5699999999999,1,Low-Value
12736.0,332,1,234.0,1,Low-Value
12737.0,498,2,3710.5,1,Low-Value
12738.0,371,1,155.35,1,Low-Value
12739.0,77,4,2726.73,3,Loyal
12740.0,63,1,427.6,0,At-Risk
12741.0,528,2,406.07,1,Low-Value
12742.0,625,1,1201.52,1,Low-Value
12743.0,133,2,540.13,0,At-Risk
12744.0,51,11,25317.06,2,VIP
12745.0,486,3,925.41,1,Low-Value
12746.0,540,1,254.55,1,Low-Value
12747.0,1,26,8898.48,2,VIP
12748.0,0,336,53539.64,2,VIP
12749.0,3,9,6897.36,2,VIP
12750.0,128,1,275.88,0,At-Risk
12751.0,444,1,268.27,1,Low-Value
12752.0,80,1,4366.78,3,Loyal
12753.0,22,6,21429.39,2,VIP
12754.0,235,3,3010.74,3,Loyal
12755.0,280,11,5236.26,2,VIP
12756.0,86,1,112.08,0,At-Risk
12757.0,15,13,7834.650000000001,2,VIP
12758.0,116,7,9903.24,2,VIP
12759.0,51,8,5020.74,3,Loyal
12760.0,455,1,347.8,1,Low-Value
12761.0,457,2,782.95,1,Low-Value
12762.0,7,2,1898.52,3,Loyal
12763.0,137,2,494.08,0,At-Risk
12764.0,316,1,1693.88,1,Low-Value
12765.0,471,6,1404.58,1,Low-Value
12766.0,3,9,8918.99,2,VIP
12767.0,375,1,949.82,1,Low-Value
12768.0,450,1,168.69,1,Low-Value
12769.0,238,1,1143.6,0,At-Risk
12770.0,210,2,3246.45,3,Loyal
12771.0,485,1,282.3,1,Low-Value
12772.0,59,1,892.47,0,At-Risk
12773.0,563,1,124.25,1,Low-Value
12774.0,535,1,98.7,1,Low-Value
12775.0,16,7,1686.12,3,Loyal
12776.0,667,1,55.5,1,Low-Value
12777.0,457,1,519.45,1,Low-Value
12778.0,19,9,1775.6799999999998,3,Loyal
12779.0,37,14,6474.11,2,VIP
12780.0,598,1,337.4,1,Low-Value
12781.0,63,2,826.74,0,At-Risk
12782.0,4,11,4618.24,2,VIP
12783.0,1,6,2225.91,3,Loyal
12784.0,8,3,1763.15,3,Loyal
12785.0,363,3,1100.4,1,Low-Value
12786.0,609,1,728.5,1,Low-Value
12787.0,9,4,862.18,3,Loyal
12788.0,462,4,444.9,1,Low-Value
12789.0,64,3,273.35,0,At-Risk
12790.0,191,2,591.85,0,At-Risk
12791.0,373,6,863.51,3,Loyal
12792.0,256,2,827.01,0,At-Risk
12793.0,334,3,885.53,1,Low-Value
12794.0,52,2,860.41,0,At-Risk
12795.0,18,1,430.48,0,At-Risk
12796.0,627,1,381.0,1,Low-Value
12797.0,365,2,552.08,1,Low-Value
12798.0,9,4,8510.93,3,Loyal
12799.0,528,1,219.35,1,Low-Value
12800.0,469,3,584.25,1,Low-Value
12801.0,500,1,1071.82,1,Low-Value
12802.0,186,7,2416.42,3,Loyal
12803.0,392,1,1092.81,1,Low-Value
12804.0,465,2,325.37,1,Low-Value
12805.0,381,4,1434.95,3,Loyal
12806.0,434,4,2878.96,3,Loyal
12807.0,382,1,330.34999999999997,1,Low-Value
12808.0,36,5,776.7,3,Loyal
12809.0,177,3,1755.94,3,Loyal
12810.0,534,2,534.99,1,Low-Value
12811.0,260,5,1033.9,3,Loyal
12812.0,44,1,229.64,0,At-Risk
12813.0,501,3,1687.8,1,Low-Value
12814.0,101,1,125.92,0,At-Risk
12815.0,147,2,1063.46,0,At-Risk
12816.0,95,2,572.2,0,At-Risk
12817.0,280,3,690.98,0,At-Risk
12818.0,261,1,1542.08,0,At-Risk
12819.0,457,1,540.52,1,Low-Value
12820.0,2,11,2689.52,3,Loyal
12821.0,213,2,220.8,0,At-Risk
12822.0,70,2,948.88,0,At-Risk
12823.0,74,18,6501.5,2,VIP
12824.0,59,1,397.12,0,At-Risk
12825.0,520,2,518.63,1,Low-Value
12826.0,2,12,2800.75,2,VIP
12827.0,5,3,430.15,0,At-Risk
12828.0,2,6,1018.71,3,Loyal
12829.0,336,3,385.3,1,Low-Value
12830.0,37,6,6814.64,3,Loyal
12831.0,261,3,451.11,0,At-Risk
12832.0,31,2,383.03,0,At-Risk
12833.0,144,1,417.38,0,At-Risk
12834.0,282,1,312.38,0,At-Risk
12835.0,427,41,5996.83,2,VIP
12836.0,58,15,6559.7300000000005,2,VIP
12837.0,172,2,662.66,0,At-Risk
12838.0,33,10,2975.91,3,Loyal
12839.0,2,26,9669.12,2,VIP
12840.0,143,7,4041.97,3,Loyal
12841.0,4,40,6958.2,2,VIP
12842.0,69,4,1917.99,3,Loyal
12843.0,65,30,6583.36,2,VIP
12844.0,28,4,648.6,3,Loyal
12845.0,266,4,354.09000000000003,0,At-Risk
12846.0,681,1,15.58,1,Low-Value
12847.0,21,2,1609.0,3,Loyal
12848.0,675,1,208.0,1,Low-Value
12849.0,30,6,3042.4700000000003,3,Loyal
12850.0,445,1,330.0,1,Low-Value
12851.0,96,2,280.76,0,At-Risk
12852.0,294,1,311.55,1,Low-Value
12853.0,134,11,3907.5,2,VIP
12854.0,78,7,2970.9700000000003,3,Loyal
12855.0,372,4,612.84,1,Low-Value
12856.0,7,6,2170.78,3,Loyal
12857.0,210,6,3688.0,3,Loyal
12858.0,382,1,147.27,1,Low-Value
12859.0,458,1,575.1,1,Low-Value
12860.0,692,1,54.22,1,Low-Value
12861.0,619,1,68.25,1,Low-Value
12862.0,425,2,984.62,1,Low-Value
12863.0,51,6,2792.55,3,Loyal
12864.0,137,2,299.57,0,At-Risk
12865.0,25,4,3323.47,3,Loyal
12866.0,282,3,1227.35,3,Loyal
12867.0,25,13,7829.26,2,VIP
12868.0,185,8,2043.76,3,Loyal
12869.0,681,1,337.66999999999996,1,Low-Value
12870.0,374,3,1676.95,1,Low-Value
12871.0,83,3,744.02,0,At-Risk
12872.0,326,12,3283.96,3,Loyal
12873.0,281,3,2027.3,3,Loyal
12874.0,384,2,948.42,1,Low-Value
12875.0,142,5,1356.9900000000002,3,Loyal
12876.0,57,4,4081.79,3,Loyal
12877.0,3,20,2942.14,2,VIP
12878.0,235,2,854.99,0,At-Risk
12879.0,44,3,573.22,0,At-Risk
12880.0,381,2,640.13,1,Low-Value
12881.0,275,1,298.0,0,At-Risk
12882.0,8,2,1463.04,3,Loyal
12883.0,24,4,703.47,3,Loyal
12884.0,87,1,309.05,0,At-Risk
12885.0,62,3,1175.22,3,Loyal
12886.0,67,2,1378.4,3,Loyal
12887.0,383,1,222.4,1,Low-Value
12888.0,213,2,354.12,0,At-Risk
12889.0,380,4,385.46,1,Low-Value
12890.0,23,2,706.02,0,At-Risk
12891.0,185,11,840.5,3,Loyal
12892.0,396,1,263.38,1,Low-Value
12893.0,30,1,176.55,0,At-Risk
12894.0,574,1,157.35,1,Low-Value
12895.0,41,2,372.8,0,At-Risk
12897.0,204,4,514.25,0,At-Risk
12898.0,463,2,296.21,1,Low-Value
12899.0,413,1,366.4,1,Low-Value
12900.0,421,1,340.33000000000004,1,Low-Value
12901.0,8,28,17654.54,2,VIP
12902.0,264,1,138.68,0,At-Risk
12903.0,428,1,833.5300000000001,1,Low-Value
12904.0,17,2,496.06,0,At-Risk
12905.0,576,2,1018.42,1,Low-Value
12906.0,11,5,2919.81,3,Loyal
12907.0,395,2,508.91,1,Low-Value
12908.0,175,5,1776.0,3,Loyal
12909.0,39,8,3103.19,3,Loyal
12910.0,22,13,5796.52,2,VIP
12911.0,551,1,1651.72,1,Low-Value
12912.0,2,5,1662.3,3,Loyal
12913.0,4,13,6283.24,2,VIP
12914.0,400,1,223.98,1,Low-Value
12915.0,148,4,975.1,3,Loyal
12916.0,138,7,4479.73,3,Loyal
12917.0,127,6,4359.2,3,Loyal
12918.0,625,1,10953.5,1,Low-Value
12919.0,7,6,1335.19,3,Loyal
12920.0,16,4,486.64,0,At-Risk
12921.0,8,74,35233.24,2,VIP
12922.0,160,1,405.38,0,At-Risk
12923.0,63,3,770.42,0,At-Risk
12924.0,87,12,2469.4,3,Loyal
12925.0,4,3,729.3299999999999,0,At-Risk
12926.0,410,4,1523.97,1,Low-Value
12927.0,394,1,197.31,1,Low-Value
12928.0,34,12,4304.89,2,VIP
12929.0,311,1,117.85,1,Low-Value
12930.0,77,2,415.8,0,At-Risk
12931.0,21,57,92347.34,2,VIP
12932.0,538,8,1698.56,1,Low-Value
12933.0,23,8,1636.63,3,Loyal
12934.0,736,1,181.65,1,Low-Value
12935.0,1,15,4243.86,2,VIP
12936.0,16,4,1063.9,3,Loyal
12937.0,14,9,3097.61,3,Loyal
12938.0,25,1,114.14,0,At-Risk
12939.0,63,20,25264.8,2,VIP
12940.0,54,2,899.69,0,At-Risk
12941.0,723,1,377.49,1,Low-Value
12942.0,130,3,675.6,0,At-Risk
12943.0,557,2,496.5,1,Low-Value
12944.0,35,2,604.51,0,At-Risk
12945.0,287,2,900.11,0,At-Risk
12946.0,436,1,324.45,1,Low-Value
12947.0,143,6,1603.99,3,Loyal
12948.0,15,9,2317.43,3,Loyal
12949.0,30,22,15526.7,2,VIP
12950.0,1,3,1843.0,3,Loyal
12951.0,8,15,3213.7200000000003,2,VIP
12952.0,5,4,1387.79,3,Loyal
12953.0,9,2,828.8100000000001,0,At-Risk
12954.0,638,1,162.45,1,Low-Value
12955.0,0,11,4757.16,2,VIP
12956.0,305,4,521.89,0,At-Risk
12957.0,9,13,8706.97,2,VIP
12958.0,399,2,467.34,1,Low-Value
12959.0,483,1,150.95,1,Low-Value
12960.0,413,4,1322.0700000000002,1,Low-Value
12961.0,378,1,211.99,1,Low-Value
12962.0,6,2,266.39,0,At-Risk
12963.0,7,12,3235.79,2,VIP
12964.0,436,1,132.24,1,Low-Value
12965.0,88,1,769.8100000000001,0,At-Risk
12966.0,9,1,160.18,0,At-Risk
12967.0,357,3,2938.52,3,Loyal
12968.0,111,1,135.95,0,At-Risk
12969.0,602,1,122.45,1,Low-Value
12970.0,6,10,1453.6,3,Loyal
12971.0,3,116,15704.6,2,VIP
12972.0,413,4,1161.2,1,Low-Value
12973.0,413,1,385.55,1,Low-Value
12974.0,197,2,408.95,0,At-Risk
12975.0,436,6,2100.09,3,Loyal
12976.0,211,8,3156.38,3,Loyal
12977.0,155,4,513.88,0,At-Risk
12978.0,384,5,2502.82,3,Loyal
12979.0,728,1,517.7,1,Low-Value
12980.0,157,21,16245.78,2,VIP
12981.0,29,2,372.22,0,At-Risk
12982.0,242,8,2744.81,3,Loyal
12983.0,597,1,490.08,1,Low-Value
12984.0,18,1,97.5,0,At-Risk
12985.0,0,2,1239.38,0,At-Risk
12986.0,428,10,2729.84,3,Loyal
12987.0,73,5,1312.21,3,Loyal
12988.0,291,1,505.82,0,At-Risk
12989.0,2,33,13551.75,2,VIP
12990.0,30,7,955.5,3,Loyal
12991.0,22,3,764.82,0,At-Risk
12992.0,724,1,93.35,1,Low-Value
12993.0,22,8,1259.63,3,Loyal
12994.0,3,3,974.42,3,Loyal
12995.0,84,1,211.32,0,At-Risk
12996.0,375,1,355.5,1,Low-Value
12997.0,21,8,2110.91,3,Loyal
12998.0,492,3,920.08,1,Low-Value
12999.0,195,3,455.88,0,At-Risk
13000.0,106,4,1032.5,3,Loyal
13001.0,3,33,24042.65,2,VIP
13002.0,317,3,414.13,1,Low-Value
13003.0,105,3,149.05,0,At-Risk
13004.0,11,36,11650.85,2,VIP
13005.0,173,4,999.68,3,Loyal
13006.0,55,1,81.57,0,At-Risk
13007.0,579,1,175.25,1,Low-Value
13008.0,322,3,612.13,1,Low-Value
13009.0,672,1,234.0,1,Low-Value
13010.0,373,2,330.12,1,Low-Value
13011.0,371,1,50.55,1,Low-Value
13012.0,8,11,2957.83,2,VIP
13013.0,0,29,11097.43,2,VIP
13014.0,10,11,5381.08,2,VIP
13015.0,52,11,6579.78,2,VIP
13016.0,72,3,789.89,0,At-Risk
13017.0,6,1,204.0,0,At-Risk
13018.0,15,35,9763.16,2,VIP
13019.0,378,6,1229.95,3,Loyal
13020.0,562,2,618.96,1,Low-Value
13021.0,3,17,4887.24,2,VIP
13022.0,429,1,65.3,1,Low-Value
13023.0,63,3,1449.03,3,Loyal
13024.0,470,2,555.87,1,Low-Value
13025.0,731,1,323.39,1,Low-Value
13026.0,0,9,1733.08,3,Loyal
13027.0,113,19,17239.2,2,VIP
13028.0,22,2,661.3199999999999,0,At-Risk
13029.0,30,5,1927.3,3,Loyal
13030.0,10,2,752.4399999999999,0,At-Risk
13031.0,406,5,3292.84,3,Loyal
13032.0,51,9,2815.96,3,Loyal
13033.0,356,2,220.55,1,Low-Value
13034.0,54,3,756.8199999999999,0,At-Risk
13035.0,73,3,1364.2,3,Loyal
13036.0,684,1,307.1,1,Low-Value
13037.0,137,12,3914.95,2,VIP
13038.0,79,3,908.46,3,Loyal
13039.0,583,4,1010.73,1,Low-Value
13040.0,8,2,676.99,0,At-Risk
13041.0,450,4,799.13,1,Low-Value
13042.0,597,3,1488.59,1,Low-Value
13043.0,272,1,516.42,0,At-Risk
13044.0,290,11,4848.05,2,VIP
13045.0,98,3,808.92,0,At-Risk
13046.0,30,3,949.25,3,Loyal
13047.0,31,24,8428.53,2,VIP
13048.0,13,9,4049.13,3,Loyal
13049.0,63,4,1408.24,3,Loyal
13050.0,14,35,11986.52,2,VIP
13051.0,578,2,155.8,1,Low-Value
13052.0,211,7,3119.33,3,Loyal
13053.0,621,1,127.65,1,Low-Value
13055.0,77,4,2321.11,3,Loyal
13056.0,550,1,209.48,1,Low-Value
13057.0,529,3,709.59,1,Low-Value
13058.0,24,3,271.40000000000003,0,At-Risk
13059.0,249,10,2291.77,3,Loyal
13060.0,253,1,307.53000000000003,0,At-Risk
13061.0,71,1,248.61,0,At-Risk
13062.0,190,1,346.98,0,At-Risk
13063.0,480,1,188.4,1,Low-Value
13064.0,12,6,1666.84,3,Loyal
13065.0,372,5,1055.05,3,Loyal
13066.0,23,2,470.8,0,At-Risk
13067.0,81,3,508.51,0,At-Risk
13068.0,9,2,344.0,0,At-Risk
13069.0,0,38,9284.45,2,VIP
13070.0,191,4,751.7,3,Loyal
13071.0,611,1,129.22,1,Low-Value
13072.0,266,1,177.15,0,At-Risk
13073.0,410,2,418.08,1,Low-Value
13074.0,510,4,1378.74,1,Low-Value
13075.0,129,1,919.61,0,At-Risk
13076.0,457,1,135.4,1,Low-Value
13077.0,0,11,2740.65,3,Loyal
13078.0,2,57,29018.06,2,VIP
13079.0,3,6,419.18,3,Loyal
13080.0,178,4,280.73,0,At-Risk
13081.0,11,28,56838.37,2,VIP
13082.0,125,21,7335.75,2,VIP
13083.0,3,3,395.43,0,At-Risk
13084.0,491,1,122.4,1,Low-Value
13085.0,157,8,2433.28,3,Loyal
13086.0,382,1,439.33,1,Low-Value
13087.0,725,1,313.64,1,Low-Value
13088.0,416,1,236.11,1,Low-Value
13089.0,2,203,113416.91,2,VIP
13090.0,8,24,13091.74,2,VIP
13091.0,27,3,2321.82,3,Loyal
13092.0,70,12,2140.28,3,Loyal
13093.0,275,55,54144.25,2,VIP
13094.0,20,13,2209.44,2,VIP
13095.0,70,1,74.39999999999999,0,At-Risk
13096.0,393,1,419.7000000000001,1,Low-Value
13097.0,32,28,13324.1,2,VIP
13098.0,0,28,28882.44,2,VIP
13099.0,98,1,207.36,0,At-Risk
13101.0,233,4,695.4,3,Loyal
13102.0,0,37,11380.1,2,VIP
13103.0,39,3,709.64,0,At-Risk
13104.0,2,9,1709.1,3,Loyal
13105.0,435,1,72.0,1,Low-Value
13106.0,132,2,603.46,0,At-Risk
13107.0,43,9,5253.07,2,VIP
13108.0,372,2,748.4599999999999,1,Low-Value
13109.0,59,3,1134.03,3,Loyal
13110.0,30,12,2957.4700000000003,2,VIP
13111.0,718,1,321.88000000000005,1,Low-Value
13112.0,540,1,20.6,1,Low-Value
13113.0,0,37,18230.07,2,VIP
13114.0,730,1,234.38,1,Low-Value
13115.0,11,10,5494.7,2,VIP
13116.0,137,1,501.14,0,At-Risk
13117.0,21,18,2255.66,2,VIP
13118.0,19,9,2415.41,3,Loyal
13119.0,668,1,134.9,1,Low-Value
13120.0,238,1,30.6,0,At-Risk
13121.0,268,1,283.73,0,At-Risk
13122.0,93,2,922.39,0,At-Risk
13123.0,472,2,506.75,1,Low-Value
13124.0,89,4,4641.66,3,Loyal
13125.0,523,1,148.62,1,Low-Value
13126.0,4,13,3774.81,2,VIP
13127.0,77,1,259.17,0,At-Risk
13128.0,630,1,263.5,1,Low-Value
13129.0,451,2,233.25,1,Low-Value
13130.0,93,1,64.0,0,At-Risk
13131.0,22,7,3313.77,3,Loyal
13132.0,261,1,77.3,0,At-Risk
13133.0,273,3,200.45,0,At-Risk
13134.0,85,6,2475.23,3,Loyal
13135.0,196,2,3371.45,3,Loyal
13136.0,55,13,6274.56,2,VIP
13137.0,10,16,7586.94,2,VIP
13138.0,21,7,1274.01,3,Loyal
13139.0,15,8,8202.98,2,VIP
13140.0,107,5,1054.92,3,Loyal
13141.0,84,17,7656.08,2,VIP
13142.0,18,1,307.09000000000003,0,At-Risk
13143.0,584,1,405.1,1,Low-Value
13144.0,332,2,135.35,1,Low-Value
13145.0,39,7,1128.52,3,Loyal
13146.0,25,1,228.91,0,At-Risk
13147.0,9,4,712.8,3,Loyal
13148.0,28,26,8497.82,2,VIP
13149.0,13,4,1676.06,3,Loyal
13150.0,483,3,449.97,1,Low-Value
13151.0,295,3,2465.21,3,Loyal
13152.0,416,7,2146.38,3,Loyal
13153.0,5,1,486.22,0,At-Risk
13154.0,398,3,1624.84,1,Low-Value
13155.0,32,6,1370.48,3,Loyal
13156.0,384,3,1586.54,1,Low-Value
13157.0,48,9,5687.36,2,VIP
13158.0,94,5,1508.18,3,Loyal
13159.0,8,4,1429.35,3,Loyal
13160.0,21,1,91.8,0,At-Risk
13161.0,312,2,472.13,1,Low-Value
13162.0,121,16,9275.49,2,VIP
13163.0,609,1,17.65,1,Low-Value
13164.0,568,2,372.2,1,Low-Value
13165.0,45,3,1451.16,3,Loyal
13166.0,282,2,875.93,0,At-Risk
13167.0,18,5,1125.15,3,Loyal
13168.0,35,5,1840.73,3,Loyal
13169.0,63,3,840.08,0,At-Risk
13170.0,26,1,108.81,0,At-Risk
13171.0,21,3,468.41,0,At-Risk
13172.0,399,1,69.6,1,Low-Value
13173.0,3,11,2399.82,3,Loyal
13174.0,15,12,7995.36,2,VIP
13175.0,581,2,831.45,1,Low-Value
13176.0,45,1,481.49,0,At-Risk
13177.0,64,2,512.2,0,At-Risk
13178.0,25,21,14059.19,2,VIP
13179.0,618,1,572.3100000000001,1,Low-Value
13180.0,606,1,86.10000000000001,1,Low-Value
13181.0,380,1,359.69,1,Low-Value
13182.0,44,1,121.18,0,At-Risk
13183.0,7,15,7036.18,2,VIP
13184.0,14,10,1668.95,3,Loyal
13185.0,267,1,71.4,0,At-Risk
13186.0,39,3,1575.89,3,Loyal
13187.0,336,4,341.36,1,Low-Value
13188.0,10,1,114.6,0,At-Risk
13189.0,18,2,260.68,0,At-Risk
13190.0,543,3,570.66,1,Low-Value
13191.0,657,1,164.69,1,Low-Value
13192.0,94,6,2558.58,3,Loyal
13193.0,60,1,112.08,0,At-Risk
13194.0,135,2,472.78,0,At-Risk
13195.0,413,1,136.73,1,Low-Value
13196.0,10,7,3068.84,3,Loyal
13197.0,609,1,373.0100000000001,1,Low-Value
13198.0,9,8,4974.2300000000005,3,Loyal
13199.0,3,67,15964.21,2,VIP
13200.0,18,4,870.09,3,Loyal
13201.0,501,4,1233.06,1,Low-Value
13202.0,393,7,1580.3,3,Loyal
13203.0,9,10,2648.25,3,Loyal
13204.0,730,1,966.66,1,Low-Value
13205.0,442,1,2803.2,1,Low-Value
13206.0,399,13,8308.19,2,VIP
13207.0,14,4,535.86,0,At-Risk
13208.0,58,9,1976.3,3,Loyal
13209.0,29,13,8509.51,2,VIP
13210.0,93,1,353.48,0,At-Risk
13211.0,9,10,2618.77,3,Loyal
13212.0,19,3,786.83,0,At-Risk
13213.0,56,11,3851.52,2,VIP
13214.0,417,7,3264.23,3,Loyal
13215.0,401,1,81.6,1,Low-Value
13216.0,267,1,333.74,0,At-Risk
13217.0,121,4,666.48,3,Loyal
13218.0,126,1,62.63999999999999,0,At-Risk
13219.0,617,1,76.23,1,Low-Value
13220.0,77,5,1336.09,3,Loyal
13221.0,239,2,847.41,0,At-Risk
13222.0,576,1,88.5,1,Low-Value
13223.0,199,6,969.12,3,Loyal
13224.0,59,2,2155.95,3,Loyal
13225.0,2,16,16260.07,2,VIP
13226.0,272,2,312.46,0,At-Risk
13227.0,201,1,257.7,0,At-Risk
13228.0,80,1,358.0,0,At-Risk
13229.0,225,1,160.95,0,At-Risk
13230.0,3,30,6120.01,2,VIP
13232.0,12,7,1328.35,3,Loyal
13233.0,73,4,1176.46,3,Loyal
13234.0,672,2,346.5,1,Low-Value
13235.0,211,1,1031.07,0,At-Risk
13236.0,24,2,744.85,0,At-Risk
13237.0,387,1,643.0,1,Low-Value
13238.0,16,6,1006.63,3,Loyal
13239.0,261,5,1594.69,3,Loyal
13240.0,95,8,1475.79,3,Loyal
13241.0,411,1,112.53,1,Low-Value
13242.0,111,7,699.4,3,Loyal
13243.0,202,5,1220.38,3,Loyal
13244.0,92,1,121.74,0,At-Risk
13245.0,50,2,989.22,0,At-Risk
13246.0,17,11,3351.75,2,VIP
13247.0,17,4,501.12,0,At-Risk
13248.0,124,2,465.68,0,At-Risk
13249.0,91,9,1608.9299999999998,3,Loyal
13250.0,460,2,253.09,1,Low-Value
13251.0,401,1,252.68,1,Low-Value
13252.0,393,2,399.3,1,Low-Value
13253.0,156,4,2951.11,3,Loyal
13254.0,375,1,51.41,1,Low-Value
13255.0,8,3,678.76,0,At-Risk
13257.0,435,1,149.75,1,Low-Value
13258.0,11,5,1009.43,3,Loyal
13259.0,61,9,1402.54,3,Loyal
13260.0,60,1,557.62,0,At-Risk
13261.0,268,2,944.1,0,At-Risk
13262.0,262,3,573.45,0,At-Risk
13263.0,0,39,8676.2,2,VIP
13264.0,442,1,722.5600000000001,1,Low-Value
13265.0,52,5,2092.66,3,Loyal
13266.0,10,19,6135.04,2,VIP
13267.0,2,36,9429.81,2,VIP
13268.0,17,11,3174.75,2,VIP
13269.0,0,28,8537.32,2,VIP
13270.0,365,1,590.0,1,Low-Value
13271.0,36,1,211.49,0,At-Risk
13272.0,30,2,276.56,0,At-Risk
13273.0,112,1,138.98,0,At-Risk
13274.0,408,1,360.85,1,Low-Value
13275.0,383,2,238.86,1,Low-Value
13276.0,63,5,1891.91,3,Loyal
13277.0,15,7,523.3,3,Loyal
13278.0,40,4,1435.85,3,Loyal
13279.0,77,1,137.75,0,At-Risk
13280.0,121,7,2293.33,3,Loyal
13281.0,438,1,350.85,1,Low-Value
13282.0,17,4,1313.19,3,Loyal
13283.0,59,4,373.36,0,At-Risk
13284.0,330,1,201.19,1,Low-Value
13285.0,22,6,3364.59,3,Loyal
13286.0,599,1,734.91,1,Low-Value
13287.0,602,3,781.59,1,Low-Value
13288.0,442,5,927.61,1,Low-Value
13289.0,723,1,307.95,1,Low-Value
13290.0,437,1,208.63,1,Low-Value
13291.0,155,11,3270.79,3,Loyal
13292.0,38,5,994.51,3,Loyal
13293.0,391,6,1192.94,3,Loyal
13294.0,189,3,1689.53,3,Loyal
13295.0,359,4,1101.97,3,Loyal
13296.0,136,6,792.51,3,Loyal
13297.0,7,7,4368.62,3,Loyal
13298.0,0,1,360.0,0,At-Risk
13299.0,267,3,1218.7,3,Loyal
13300.0,168,3,1285.51,3,Loyal
13301.0,103,4,618.09,3,Loyal
13302.0,154,2,159.2,0,At-Risk
13303.0,399,1,61.72,1,Low-Value
13304.0,350,4,1217.99,3,Loyal
13305.0,3,16,3616.41,2,VIP
13306.0,429,1,53.65,1,Low-Value
13307.0,119,3,273.34,0,At-Risk
13308.0,22,4,1670.37,3,Loyal
13309.0,6,6,1706.37,3,Loyal
13310.0,27,5,1541.2,3,Loyal
13311.0,3,2,598.57,0,At-Risk
13312.0,450,1,124.75,1,Low-Value
13313.0,21,12,3445.32,2,VIP
13314.0,1,3,775.94,0,At-Risk
13315.0,688,1,310.26000000000005,1,Low-Value
13316.0,36,10,12940.82,2,VIP
13317.0,65,19,6486.091,2,VIP
13318.0,0,3,640.76,0,At-Risk
13319.0,4,58,21323.22,2,VIP
13320.0,77,6,2211.6,3,Loyal
13321.0,71,2,567.36,0,At-Risk
13322.0,16,1,199.48,0,At-Risk
13323.0,2,5,787.85,3,Loyal
13324.0,35,18,10513.47,2,VIP
13325.0,81,1,675.3,0,At-Risk
13326.0,431,1,281.76,1,Low-Value
13327.0,38,20,9134.48,2,VIP
13328.0,315,1,1308.48,1,Low-Value
13329.0,31,8,4808.7699999999995,3,Loyal
13330.0,92,6,2796.1,3,Loyal
13331.0,401,1,262.4,1,Low-Value
13332.0,13,1,350.9,0,At-Risk
13333.0,410,3,1015.74,1,Low-Value
13334.0,81,5,6201.8,3,Loyal
13336.0,76,1,795.12,0,At-Risk
13337.0,545,1,1575.26,1,Low-Value
13338.0,157,4,2445.62,3,Loyal
13339.0,200,1,860.12,0,At-Risk
13340.0,44,12,22100.56,2,VIP
13341.0,260,1,775.85,0,At-Risk
13343.0,177,1,353.43,0,At-Risk
13344.0,67,3,2511.69,3,Loyal
13345.0,287,1,389.5,0,At-Risk
13346.0,462,6,299.4,1,Low-Value
13347.0,69,1,341.35999999999996,0,At-Risk
13348.0,63,1,233.76,0,At-Risk
13349.0,10,1,247.32,0,At-Risk
13350.0,15,2,979.12,0,At-Risk
13351.0,65,1,373.94,0,At-Risk
13352.0,59,1,397.98,0,At-Risk
13354.0,70,1,743.53,0,At-Risk
13355.0,121,1,674.7,0,At-Risk
13356.0,79,1,768.24,0,At-Risk
13357.0,256,5,3805.51,3,Loyal
13358.0,268,1,439.03,0,At-Risk
13359.0,63,2,1043.31,0,At-Risk
13360.0,431,4,1553.65,1,Low-Value
13361.0,471,2,1450.5,1,Low-Value
13362.0,8,7,5394.07,3,Loyal
13363.0,17,3,1723.86,3,Loyal
13364.0,70,1,134.96,0,At-Risk
13365.0,33,2,2225.37,3,Loyal
13366.0,49,1,56.16,0,At-Risk
13367.0,431,1,510.2,1,Low-Value
13368.0,256,4,1121.5,3,Loyal
13369.0,365,1,308.28000000000003,1,Low-Value
13370.0,371,1,754.87,1,Low-Value
13371.0,504,2,2297.66,1,Low-Value
13372.0,89,1,378.64,0,At-Risk
13373.0,60,6,7587.19,3,Loyal
13374.0,414,2,422.8,1,Low-Value
13375.0,88,2,1792.23,3,Loyal
13376.0,98,3,1019.76,3,Loyal
13377.0,396,2,1552.88,1,Low-Value
13379.0,25,3,572.56,0,At-Risk
13380.0,432,1,62.4,1,Low-Value
13381.0,31,12,8224.37,2,VIP
13382.0,280,5,1387.58,3,Loyal
13383.0,543,1,305.28000000000003,1,Low-Value
13384.0,30,11,6680.83,2,VIP
13385.0,329,1,534.57,1,Low-Value
13386.0,413,2,835.46,1,Low-Value
13387.0,416,1,186.94,1,Low-Value
13388.0,130,3,1185.65,3,Loyal
13389.0,10,3,797.96,0,At-Risk
13390.0,74,1,544.08,0,At-Risk
13391.0,203,1,59.8,0,At-Risk
13392.0,676,1,91.14,1,Low-Value
13393.0,583,4,1131.45,1,Low-Value
13394.0,1,19,6621.7,2,VIP
13395.0,184,3,1180.23,3,Loyal
13396.0,28,2,1360.99,0,At-Risk
13397.0,72,10,3191.87,3,Loyal
13398.0,191,2,670.34,0,At-Risk
13399.0,463,3,275.4,1,Low-Value
13400.0,582,1,310.83,1,Low-Value
13402.0,126,4,1226.85,3,Loyal
13403.0,17,3,229.5,0,At-Risk
13404.0,0,2,252.49,0,At-Risk
13405.0,73,6,1213.811,3,Loyal
13406.0,426,2,568.92,1,Low-Value
13407.0,578,3,2244.7,1,Low-Value
13408.0,1,106,50174.782,2,VIP
13410.0,23,9,2201.96,3,Loyal
13411.0,106,1,213.55,0,At-Risk
13412.0,619,1,487.35,1,Low-Value
13413.0,639,6,429.44,1,Low-Value
13414.0,133,6,2494.14,3,Loyal
13415.0,472,4,784.17,1,Low-Value
13416.0,43,3,940.8,3,Loyal
13417.0,4,6,1669.49,3,Loyal
13418.0,11,31,11559.66,2,VIP
13419.0,63,1,221.06,0,At-Risk
13420.0,149,2,159.85,0,At-Risk
13421.0,39,8,4058.75,3,Loyal
13422.0,63,1,2626.3,0,At-Risk
13423.0,428,1,217.03,1,Low-Value
13424.0,449,1,572.77,1,Low-Value
13425.0,107,5,3390.4300000000003,3,Loyal
13426.0,0,22,8167.38,2,VIP
13427.0,18,6,1006.53,3,Loyal
13428.0,9,3,478.54,0,At-Risk
13429.0,10,4,1006.8,3,Loyal
13430.0,18,2,679.4499999999999,0,At-Risk
13431.0,66,8,3316.24,3,Loyal
13432.0,570,2,439.1,1,Low-Value
13433.0,500,4,658.32,1,Low-Value
13434.0,73,5,1666.86,3,Loyal
13435.0,4,9,4447.33,2,VIP
13436.0,1,1,196.89,0,At-Risk
13437.0,13,7,3408.06,3,Loyal
13438.0,546,1,46.5,1,Low-Value
13439.0,254,3,986.61,3,Loyal
13440.0,422,7,1295.25,3,Loyal
13441.0,91,2,720.9,0,At-Risk
13442.0,666,3,419.87,1,Low-Value
13443.0,448,6,1273.16,1,Low-Value
13444.0,373,2,619.08,1,Low-Value
13445.0,625,1,241.9,1,Low-Value
13446.0,429,11,3881.89,3,Loyal
13447.0,22,3,1129.14,3,Loyal
13448.0,16,13,8745.93,2,VIP
13449.0,23,1,291.88,0,At-Risk
13450.0,26,13,4120.04,2,VIP
13451.0,25,11,7090.06,2,VIP
13452.0,258,3,729.8,0,At-Risk
13453.0,165,3,781.6899999999999,0,At-Risk
13454.0,640,1,219.87,1,Low-Value
13455.0,24,6,2212.99,3,Loyal
13456.0,17,6,1766.72,3,Loyal
13457.0,688,2,148.22,1,Low-Value
13458.0,6,16,11959.27,2,VIP
13459.0,624,2,1160.41,1,Low-Value
13460.0,28,2,183.44,0,At-Risk
13461.0,38,6,4160.0,3,Loyal
13462.0,252,5,1153.85,3,Loyal
13464.0,57,6,3097.64,3,Loyal
13465.0,445,2,931.12,1,Low-Value
13466.0,183,5,1013.35,3,Loyal
13467.0,10,2,1071.91,0,At-Risk
13468.0,1,72,12793.28,2,VIP
13469.0,652,1,82.4,1,Low-Value
13470.0,98,2,165.0,0,At-Risk
13471.0,0,4,2501.84,3,Loyal
13472.0,463,2,592.24,1,Low-Value
13473.0,60,8,2657.76,3,Loyal
13474.0,235,3,646.59,0,At-Risk
13475.0,190,4,1431.78,3,Loyal
13476.0,178,5,2061.47,3,Loyal
13477.0,37,11,2819.17,3,Loyal
13478.0,468,5,2215.78,1,Low-Value
13479.0,200,4,851.37,3,Loyal
13480.0,416,2,627.82,1,Low-Value
13481.0,45,11,3830.84,2,VIP
13482.0,231,2,336.09,0,At-Risk
13483.0,65,1,140.34,0,At-Risk
13484.0,240,3,790.72,0,At-Risk
13485.0,232,11,3019.2200000000003,3,Loyal
13486.0,77,3,1122.41,3,Loyal
13487.0,57,5,846.87,3,Loyal
13488.0,16,23,14205.96,2,VIP
13489.0,104,4,449.52,0,At-Risk
13490.0,653,1,154.25,1,Low-Value
13491.0,51,27,4467.66,2,VIP
13492.0,135,3,1269.84,3,Loyal
13493.0,274,2,618.63,0,At-Risk
13494.0,311,1,316.26000000000005,1,Low-Value
13495.0,7,10,4863.31,2,VIP
13496.0,10,2,653.33,0,At-Risk
13497.0,282,6,1166.83,3,Loyal
13498.0,729,1,327.38,1,Low-Value
13499.0,17,5,1159.11,3,Loyal
13500.0,22,4,1466.3,3,Loyal
13501.0,287,3,2885.11,3,Loyal
13502.0,16,5,780.5,3,Loyal
13503.0,70,6,1859.24,3,Loyal
13504.0,63,1,295.93,0,At-Risk
13505.0,72,4,4393.63,3,Loyal
13506.0,315,5,1338.08,3,Loyal
13507.0,2,4,2479.16,3,Loyal
13508.0,243,2,287.05,0,At-Risk
13509.0,8,8,1114.72,3,Loyal
13510.0,0,11,4558.29,2,VIP
13511.0,676,1,282.76,1,Low-Value
13512.0,260,4,713.39,3,Loyal
13513.0,126,3,824.59,0,At-Risk
13514.0,73,4,815.9000000000001,3,Loyal
13515.0,72,6,1265.82,3,Loyal
13516.0,20,4,1685.26,3,Loyal
13517.0,59,3,2128.42,3,Loyal
13518.0,85,1,627.16,0,At-Risk
13519.0,77,2,343.21,0,At-Risk
13520.0,58,11,6606.0,2,VIP
13521.0,0,3,1071.73,3,Loyal
13522.0,29,1,125.8,0,At-Risk
13523.0,32,6,4534.57,3,Loyal
13524.0,40,5,680.1800000000001,3,Loyal
13525.0,14,2,628.78,0,At-Risk
13526.0,737,2,1182.0,1,Low-Value
13527.0,33,12,4541.29,2,VIP
13529.0,78,2,307.76,0,At-Risk
13530.0,633,1,402.98,1,Low-Value
13531.0,204,6,1433.07,3,Loyal
13532.0,33,1,210.31,0,At-Risk
13533.0,182,3,269.09,0,At-Risk
13534.0,1,35,7720.9,2,VIP
13535.0,402,1,89.5,1,Low-Value
13536.0,0,7,3444.39,3,Loyal
13537.0,425,2,717.85,1,Low-Value
13538.0,42,12,3103.13,2,VIP
13539.0,85,7,1569.36,3,Loyal
13540.0,466,3,632.39,1,Low-Value
13541.0,426,2,785.25,1,Low-Value
13542.0,376,17,3959.49,2,VIP
13543.0,633,2,1439.61,1,Low-Value
13544.0,39,6,790.2,3,Loyal
13545.0,390,2,364.93,1,Low-Value
13546.0,11,5,1086.24,3,Loyal
13547.0,407,1,167.08,1,Low-Value
13548.0,95,3,901.44,3,Loyal
13549.0,25,8,1005.8,3,Loyal
13550.0,382,1,342.55,1,Low-Value
13551.0,318,2,244.2,1,Low-Value
13552.0,65,22,6948.92,2,VIP
13553.0,674,1,499.6,1,Low-Value
13554.0,379,7,1629.35,3,Loyal
13555.0,73,13,8891.84,2,VIP
13556.0,428,2,200.82,1,Low-Value
13557.0,27,13,3032.26,2,VIP
13558.0,5,4,594.52,3,Loyal
13559.0,512,2,990.0,1,Low-Value
13560.0,6,1,171.42000000000002,0,At-Risk
13561.0,215,11,1803.4,3,Loyal
13562.0,81,8,4838.18,3,Loyal
13563.0,83,2,777.53,0,At-Risk
13564.0,143,37,16498.97,2,VIP
13565.0,18,3,414.8,0,At-Risk
13566.0,40,5,1688.6,3,Loyal
13567.0,427,4,1079.29,1,Low-Value
13568.0,172,1,187.05,0,At-Risk
13569.0,16,4,726.54,3,Loyal
13570.0,242,1,239.49,0,At-Risk
13571.0,12,26,4537.26,2,VIP
13572.0,205,1,1384.25,0,At-Risk
13573.0,49,6,904.52,3,Loyal
13574.0,410,1,404.45,1,Low-Value
13575.0,22,5,732.0699999999999,3,Loyal
13576.0,9,28,11202.59,2,VIP
13577.0,24,11,3489.28,2,VIP
13578.0,408,1,147.66,1,Low-Value
13579.0,14,5,1374.34,3,Loyal
13580.0,405,1,107.75,1,Low-Value
13581.0,308,2,280.53000000000003,1,Low-Value
13582.0,389,2,241.68,1,Low-Value
13583.0,155,2,1445.031,3,Loyal
13584.0,306,3,385.7,1,Low-Value
13585.0,530,3,684.54,1,Low-Value
13586.0,540,1,127.28,1,Low-Value
13587.0,63,4,1673.5,3,Loyal
13588.0,15,9,2478.95,3,Loyal
13589.0,14,6,1120.74,3,Loyal
13590.0,10,18,6336.04,2,VIP
13591.0,64,7,2093.94,3,Loyal
13592.0,35,4,247.96,0,At-Risk
13593.0,107,14,5493.29,2,VIP
13594.0,52,2,533.32,0,At-Risk
13595.0,516,3,784.48,1,Low-Value
13596.0,5,2,664.11,0,At-Risk
13597.0,399,2,396.71,1,Low-Value
13598.0,46,5,761.96,3,Loyal
13599.0,0,33,9811.04,2,VIP
13600.0,311,2,518.42,1,Low-Value
13601.0,44,4,1159.99,3,Loyal
13602.0,64,4,1025.17,3,Loyal
13603.0,25,1,164.34,0,At-Risk
13604.0,658,1,717.62,1,Low-Value
13605.0,386,2,522.67,1,Low-Value
13606.0,28,3,276.75,0,At-Risk
13607.0,39,2,1075.81,0,At-Risk
13608.0,540,1,232.05,1,Low-Value
13609.0,592,1,167.35,1,Low-Value
13610.0,11,14,2103.71,2,VIP
13611.0,88,10,3297.9300000000003,3,Loyal
13612.0,632,1,818.29,1,Low-Value
13613.0,452,5,1039.85,1,Low-Value
13614.0,23,6,2332.74,3,Loyal
13615.0,318,8,6272.53,3,Loyal
13616.0,567,2,283.85,1,Low-Value
13617.0,39,8,1278.75,3,Loyal
13618.0,173,1,177.34,0,At-Risk
13619.0,544,2,224.94,1,Low-Value
13620.0,527,1,112.34,1,Low-Value
13621.0,116,1,213.85,0,At-Risk
13622.0,695,1,658.95,1,Low-Value
13623.0,30,10,2533.06,3,Loyal
13624.0,387,1,462.08,1,Low-Value
13625.0,596,1,301.26,1,Low-Value
13626.0,252,2,707.04,0,At-Risk
13627.0,58,7,2245.9,3,Loyal
13628.0,675,1,310.14,1,Low-Value
13629.0,22,19,13370.86,2,VIP
13630.0,4,7,2031.78,3,Loyal
13631.0,99,11,3070.42,3,Loyal
13632.0,24,8,3645.81,3,Loyal
13634.0,32,16,5033.77,2,VIP
13635.0,67,4,2999.16,3,Loyal
13636.0,36,5,949.12,3,Loyal
13637.0,51,3,804.3,0,At-Risk
13638.0,15,1,122.64,0,At-Risk
13639.0,73,2,1346.27,0,At-Risk
13640.0,610,1,405.0,1,Low-Value
13641.0,640,5,1016.47,1,Low-Value
13642.0,215,4,472.2,0,At-Risk
13643.0,30,10,2156.77,3,Loyal
13644.0,15,4,2624.26,3,Loyal
13645.0,119,1,252.1,0,At-Risk
13646.0,399,2,326.25,1,Low-Value
13647.0,9,8,3041.68,3,Loyal
13648.0,399,8,1764.02,3,Loyal
13649.0,256,6,1453.68,3,Loyal
13650.0,16,10,3288.0,3,Loyal
13651.0,34,3,226.85,0,At-Risk
13652.0,45,5,2262.05,3,Loyal
13653.0,487,1,152.2,1,Low-Value
13654.0,42,11,6308.0,2,VIP
13655.0,113,6,2280.51,3,Loyal
13656.0,164,4,1078.85,3,Loyal
13657.0,10,2,382.14,0,At-Risk
13658.0,9,9,6025.5,2,VIP
13659.0,205,12,4884.68,2,VIP
13660.0,399,1,306.64,1,Low-Value
13661.0,602,1,325.24,1,Low-Value
13662.0,85,11,2233.61,3,Loyal
13663.0,178,5,2047.51,3,Loyal
13665.0,385,3,1711.66,1,Low-Value
13666.0,59,5,127.9,0,At-Risk
13667.0,148,1,299.05,0,At-Risk
13668.0,2,35,12948.48,2,VIP
13669.0,50,3,413.55,0,At-Risk
13670.0,74,1,349.7,0,At-Risk
13671.0,394,1,172.6,1,Low-Value
13672.0,300,3,419.92,0,At-Risk
13673.0,18,2,387.44,0,At-Risk
13674.0,432,1,240.68,1,Low-Value
13675.0,150,2,486.8200000000001,0,At-Risk
13676.0,538,2,243.9,1,Low-Value
13677.0,404,2,551.24,1,Low-Value
13678.0,151,1,232.6,0,At-Risk
13679.0,493,3,281.26,1,Low-Value
13680.0,0,12,11419.67,2,VIP
13681.0,17,4,827.83,3,Loyal
13682.0,186,1,59.5,0,At-Risk
13683.0,457,1,258.6,1,Low-Value
13684.0,285,4,594.88,0,At-Risk
13685.0,2,7,3119.44,3,Loyal
13686.0,182,3,409.04,0,At-Risk
13687.0,437,1,11880.84,3,Loyal
13688.0,634,1,375.5,1,Low-Value
13689.0,62,2,1259.5,0,At-Risk
13690.0,58,1,172.25,0,At-Risk
13691.0,395,1,212.78,1,Low-Value
13692.0,24,5,3114.4,3,Loyal
13693.0,373,9,2011.82,3,Loyal
13694.0,3,143,195640.69,2,VIP
13695.0,30,16,2770.73,2,VIP
13696.0,421,3,2020.4,1,Low-Value
13697.0,38,1,151.29999999999998,0,At-Risk
13698.0,596,2,451.73,1,Low-Value
13699.0,154,2,764.15,0,At-Risk
13700.0,25,13,2596.97,2,VIP
13701.0,446,1,161.0,1,Low-Value
13702.0,445,1,135.18,1,Low-Value
13703.0,317,2,425.56,1,Low-Value
13704.0,4,9,2308.06,3,Loyal
13705.0,7,7,1717.19,3,Loyal
13706.0,302,2,631.17,1,Low-Value
13707.0,266,5,3365.86,3,Loyal
13708.0,270,1,285.33,0,At-Risk
13709.0,3,18,7571.35,2,VIP
13710.0,31,3,509.52,0,At-Risk
13711.0,218,9,1792.26,3,Loyal
13712.0,246,2,766.42,0,At-Risk
13713.0,407,3,740.76,1,Low-Value
13714.0,464,1,161.35,1,Low-Value
13715.0,280,17,8153.04,2,VIP
13716.0,268,1,138.28,0,At-Risk
13717.0,31,8,1763.3,3,Loyal
13718.0,245,2,306.55,0,At-Risk
13719.0,14,11,2783.08,3,Loyal
13720.0,116,4,799.9,3,Loyal
13721.0,35,2,741.54,0,At-Risk
13722.0,131,10,5635.41,2,VIP
13723.0,216,6,1194.08,3,Loyal
13724.0,636,1,213.01,1,Low-Value
13725.0,49,8,1980.56,3,Loyal
13726.0,38,2,1079.66,0,At-Risk
13727.0,28,8,1074.15,3,Loyal
13728.0,36,16,2855.17,2,VIP
13729.0,435,3,724.73,1,Low-Value
13730.0,135,2,752.6,0,At-Risk
13731.0,218,2,610.59,0,At-Risk
13732.0,27,1,491.86,0,At-Risk
13733.0,410,2,487.03,1,Low-Value
13734.0,508,4,6695.6900000000005,3,Loyal
13735.0,24,13,9762.77,2,VIP
13736.0,4,7,2752.47,3,Loyal
13737.0,199,1,339.59999999999997,0,At-Risk
13738.0,395,1,434.78,1,Low-Value
13739.0,17,2,292.2,0,At-Risk
13740.0,240,5,1582.77,3,Loyal
13741.0,71,3,668.4300000000001,0,At-Risk
13742.0,16,12,3107.87,2,VIP
13743.0,2,7,1341.6,3,Loyal
13744.0,94,2,1080.52,0,At-Risk
13745.0,161,2,777.36,0,At-Risk
13746.0,413,1,176.69,1,Low-Value
13747.0,373,2,169.79999999999998,1,Low-Value
13748.0,95,9,2064.35,3,Loyal
13750.0,53,11,3602.18,2,VIP
13751.0,287,1,296.25,0,At-Risk
13752.0,123,7,1579.83,3,Loyal
13753.0,287,4,2094.57,3,Loyal
13754.0,151,3,447.05,0,At-Risk
13755.0,3,9,2108.06,3,Loyal
13756.0,1,23,8655.95,2,VIP
13757.0,674,1,195.55,1,Low-Value
13758.0,11,15,8698.13,2,VIP
13759.0,32,2,659.4100000000001,0,At-Risk
13760.0,53,5,1363.64,3,Loyal
13761.0,49,6,1952.17,3,Loyal
13762.0,218,5,2472.48,3,Loyal
13763.0,62,3,5217.44,3,Loyal
13764.0,70,6,2919.62,3,Loyal
13765.0,652,1,352.821,1,Low-Value
13766.0,494,1,190.35,1,Low-Value
13767.0,1,73,33903.57,2,VIP
13768.0,726,2,875.97,1,Low-Value
13769.0,1,20,5478.12,2,VIP
13770.0,421,4,785.37,1,Low-Value
13771.0,63,9,5728.82,2,VIP
13772.0,33,8,3100.02,3,Loyal
13773.0,396,2,301.54,1,Low-Value
13774.0,81,1,345.0,0,At-Risk
13775.0,590,1,1049.66,1,Low-Value
13776.0,427,2,623.98,1,Low-Value
13777.0,0,61,49638.26,2,VIP
13778.0,102,4,1124.49,3,Loyal
13779.0,515,1,161.13,1,Low-Value
13780.0,6,3,732.07,0,At-Risk
13781.0,250,3,778.83,0,At-Risk
13782.0,12,13,1786.08,3,Loyal
13783.0,487,4,1542.09,1,Low-Value
13784.0,9,14,2910.23,2,VIP
13785.0,428,4,542.49,1,Low-Value
13786.0,366,6,3127.99,3,Loyal
13787.0,75,6,1222.5,3,Loyal
13788.0,504,1,3.75,1,Low-Value
13789.0,387,1,239.46,1,Low-Value
13790.0,3,1,348.79999999999995,0,At-Risk
13791.0,127,2,1516.0,3,Loyal
13792.0,65,3,383.95,0,At-Risk
13793.0,646,1,96.0,1,Low-Value
13794.0,546,1,126.03,1,Low-Value
13795.0,387,4,836.3,1,Low-Value
13796.0,498,1,289.7,1,Low-Value
13797.0,436,3,1179.45,1,Low-Value
13798.0,0,110,75428.87,2,VIP
13799.0,116,9,2803.57,3,Loyal
13800.0,309,3,1679.56,3,Loyal
13801.0,66,1,324.8,0,At-Risk
13802.0,138,19,26259.11,2,VIP
13803.0,254,3,1338.91,3,Loyal
13804.0,30,9,3161.12,3,Loyal
13805.0,51,2,924.6,0,At-Risk
13806.0,63,1,256.38,0,At-Risk
13807.0,366,3,422.2,1,Low-Value
13808.0,5,5,1747.66,3,Loyal
13809.0,304,3,679.6999999999999,0,At-Risk
13810.0,28,3,1499.01,3,Loyal
13811.0,183,3,814.5,0,At-Risk
13812.0,41,3,539.0,0,At-Risk
13813.0,39,8,2765.4700000000003,3,Loyal
13814.0,91,3,2257.32,3,Loyal
13815.0,21,8,7475.74,2,VIP
13816.0,23,2,571.67,0,At-Risk
13817.0,28,2,382.98,0,At-Risk
13818.0,429,1,61.28,1,Low-Value
13819.0,301,6,2642.35,3,Loyal
13820.0,417,3,652.75,1,Low-Value
13821.0,144,6,1379.08,3,Loyal
13822.0,5,2,632.0,0,At-Risk
13823.0,18,7,3403.4500000000003,3,Loyal
13824.0,32,12,3314.76,2,VIP
13825.0,621,2,255.59,1,Low-Value
13826.0,175,1,189.5,0,At-Risk
13827.0,57,3,409.8,0,At-Risk
13828.0,21,1,209.49,0,At-Risk
13829.0,420,1,102.0,1,Low-Value
13830.0,581,1,156.85000000000002,1,Low-Value
13831.0,15,18,6585.54,2,VIP
13832.0,18,2,609.89,0,At-Risk
13833.0,158,2,700.41,0,At-Risk
13834.0,576,2,324.19,1,Low-Value
13835.0,24,7,1095.27,3,Loyal
13836.0,398,2,620.37,1,Low-Value
13837.0,211,2,266.59000000000003,0,At-Risk
13838.0,5,10,1690.07,3,Loyal
13839.0,485,1,139.95000000000002,1,Low-Value
13840.0,415,1,651.4,1,Low-Value
13841.0,252,1,85.0,0,At-Risk
13842.0,58,18,5319.34,2,VIP
13843.0,380,1,319.75,1,Low-Value
13844.0,10,1,361.62,0,At-Risk
13845.0,64,1,312.98,0,At-Risk
13846.0,24,4,1307.79,3,Loyal
13847.0,719,1,310.72,1,Low-Value
13848.0,91,8,3015.0,3,Loyal
13849.0,51,5,3469.3,3,Loyal
13850.0,128,1,1595.48,0,At-Risk
13851.0,95,8,4606.46,3,Loyal
13852.0,610,1,187.35,1,Low-Value
13853.0,56,1,1090.14,0,At-Risk
13854.0,8,39,11944.56,2,VIP
13855.0,500,4,1310.34,1,Low-Value
13856.0,168,11,1142.03,3,Loyal
13857.0,392,6,1001.01,3,Loyal
13858.0,56,1,216.17,0,At-Risk
13859.0,325,2,515.86,1,Low-Value
13860.0,0,5,1245.9,3,Loyal
13861.0,428,2,273.26,1,Low-Value
13862.0,17,9,2556.09,3,Loyal
13863.0,247,4,1239.55,3,Loyal
13864.0,386,1,662.4000000000001,1,Low-Value
13865.0,57,4,501.56,0,At-Risk
13866.0,73,1,145.67,0,At-Risk
13867.0,30,3,1005.09,3,Loyal
13868.0,6,2,3192.54,3,Loyal
13869.0,122,10,7996.87,2,VIP
13870.0,1,15,5712.08,2,VIP
13871.0,22,17,7885.85,2,VIP
13872.0,526,3,919.57,1,Low-Value
13873.0,119,8,1038.92,3,Loyal
13874.0,357,7,2049.15,3,Loyal
13875.0,53,14,4814.37,2,VIP
13876.0,63,1,122.7,0,At-Risk
13877.0,85,3,449.68,0,At-Risk
13878.0,54,4,2416.9,3,Loyal
13879.0,645,1,395.5,1,Low-Value
13880.0,20,17,4293.86,2,VIP
13881.0,3,43,45179.1,2,VIP
13882.0,2,5,1191.13,3,Loyal
13883.0,10,15,6560.02,2,VIP
13884.0,6,10,1825.03,3,Loyal
13885.0,188,2,506.8,0,At-Risk
13886.0,70,1,243.56,0,At-Risk
13887.0,203,1,349.55,0,At-Risk
13888.0,119,7,2001.59,3,Loyal
13889.0,92,6,1991.23,3,Loyal
13890.0,0,14,2927.38,2,VIP
13891.0,377,3,859.21,1,Low-Value
13892.0,26,6,1267.65,3,Loyal
13893.0,297,1,821.1,0,At-Risk
13894.0,23,3,564.62,0,At-Risk
13895.0,27,6,4008.52,3,Loyal
13896.0,625,1,388.55,1,Low-Value
13897.0,49,3,1160.72,3,Loyal
13898.0,325,2,686.4,1,Low-Value
13899.0,15,2,388.52,0,At-Risk
13900.0,182,6,1610.59,3,Loyal
13901.0,71,15,5676.34,2,VIP
13902.0,631,5,34095.26,3,Loyal
13903.0,399,1,165.45000000000002,1,Low-Value
13904.0,36,2,332.64,0,At-Risk
13905.0,732,1,312.65,1,Low-Value
13906.0,408,1,42.0,1,Low-Value
13907.0,691,1,136.8,1,Low-Value
13908.0,79,4,2369.55,3,Loyal
13909.0,422,2,282.85,1,Low-Value
13911.0,56,20,4234.99,2,VIP
13912.0,423,1,124.95,1,Low-Value
13913.0,506,1,42.22,1,Low-Value
13914.0,11,2,626.45,0,At-Risk
13915.0,393,1,70.80000000000001,1,Low-Value
13916.0,463,4,1275.81,1,Low-Value
13917.0,49,2,272.04,0,At-Risk
13918.0,49,2,1212.84,0,At-Risk
13919.0,58,4,1360.68,3,Loyal
13920.0,431,4,1774.68,1,Low-Value
13921.0,401,4,730.7,1,Low-Value
13922.0,351,3,865.2,1,Low-Value
13923.0,53,1,351.13,0,At-Risk
13924.0,1,6,1838.85,3,Loyal
13925.0,92,4,678.25,3,Loyal
13926.0,22,1,223.85,0,At-Risk
13927.0,74,2,708.26,0,At-Risk
13928.0,10,4,464.57,0,At-Risk
13929.0,168,11,3494.1,3,Loyal
13930.0,57,2,337.34,0,At-Risk
13931.0,95,11,5257.38,2,VIP
13932.0,294,1,307.4,1,Low-Value
13933.0,108,2,608.79,0,At-Risk
13934.0,263,1,922.1,0,At-Risk
13935.0,596,3,6116.92,1,Low-Value
13936.0,179,3,939.66,3,Loyal
13937.0,168,2,880.13,0,At-Risk
13938.0,34,1,71.66,0,At-Risk
13939.0,22,7,1560.96,3,Loyal
13940.0,16,4,839.14,3,Loyal
13941.0,21,15,10027.18,2,VIP
13942.0,534,1,320.0,1,Low-Value
13943.0,577,1,246.54,1,Low-Value
13944.0,652,1,200.43,1,Low-Value
13945.0,394,2,854.15,1,Low-Value
13946.0,78,6,1876.23,3,Loyal
13947.0,64,1,90.6,0,At-Risk
13948.0,360,4,548.76,1,Low-Value
13949.0,2,6,2427.32,3,Loyal
13950.0,10,4,745.06,3,Loyal
13951.0,175,3,674.45,0,At-Risk
13952.0,217,14,12823.521,2,VIP
13953.0,6,12,6640.68,2,VIP
13954.0,1,2,439.92,0,At-Risk
13955.0,153,3,544.0699999999999,0,At-Risk
13956.0,4,5,1019.27,3,Loyal
13957.0,417,3,458.25,1,Low-Value
13958.0,379,8,4709.2300000000005,3,Loyal
13959.0,78,6,1064.77,3,Loyal
13960.0,20,2,230.22,0,At-Risk
13961.0,391,1,538.4,1,Low-Value
13962.0,21,3,362.8,0,At-Risk
13963.0,307,17,2860.57,2,VIP
13964.0,386,2,438.9,1,Low-Value
13965.0,476,3,996.61,1,Low-Value
13966.0,434,1,384.26,1,Low-Value
13967.0,145,2,166.3,0,At-Risk
13968.0,422,1,123.66,1,Low-Value
13969.0,6,35,12973.46,2,VIP
13970.0,385,2,846.55,1,Low-Value
13971.0,18,14,4667.57,2,VIP
13972.0,70,2,190.25,0,At-Risk
13973.0,286,1,264.7,0,At-Risk
13974.0,48,2,677.72,0,At-Risk
13975.0,30,12,5256.4,2,VIP
13976.0,206,4,1192.36,3,Loyal
13977.0,410,1,519.8100000000001,1,Low-Value
13978.0,14,2,196.79,0,At-Risk
13979.0,72,7,3379.93,3,Loyal
13980.0,59,5,768.8199999999999,3,Loyal
13981.0,415,1,331.14,1,Low-Value
13982.0,38,9,3954.29,3,Loyal
13983.0,29,21,6753.89,2,VIP
13984.0,26,12,1893.8,3,Loyal
13985.0,3,22,10020.86,2,VIP
13986.0,16,1,320.46,0,At-Risk
13987.0,379,2,682.54,1,Low-Value
13988.0,19,8,4757.8,3,Loyal
13989.0,65,5,2026.06,3,Loyal
13990.0,212,1,311.3,0,At-Risk
13991.0,11,6,852.88,3,Loyal
13992.0,29,3,219.5,0,At-Risk
13993.0,42,19,6775.71,2,VIP
13994.0,3,6,2274.14,3,Loyal
13995.0,14,14,3902.01,2,VIP
13996.0,385,2,895.76,1,Low-Value
13997.0,518,3,376.46,1,Low-Value
13998.0,446,3,566.7,1,Low-Value
13999.0,9,29,9502.26,2,VIP
14000.0,210,5,2046.34,3,Loyal
14001.0,45,9,4228.85,3,Loyal
14002.0,133,2,529.73,0,At-Risk
14003.0,732,1,209.41,1,Low-Value
14004.0,42,11,6258.45,2,VIP
14005.0,9,5,2874.72,3,Loyal
14006.0,115,7,2196.67,3,Loyal
14007.0,512,1,79.48,1,Low-Value
14008.0,431,1,509.04,1,Low-Value
14009.0,197,3,1099.91,3,Loyal
14010.0,564,2,445.15,1,Low-Value
14011.0,479,2,457.82,1,Low-Value
14012.0,277,1,328.8,0,At-Risk
14013.0,109,5,1084.57,3,Loyal
14014.0,76,3,1948.21,3,Loyal
14015.0,52,1,917.34,0,At-Risk
14016.0,161,11,11403.41,2,VIP
14017.0,570,1,229.75,1,Low-Value
14018.0,644,1,367.15,1,Low-Value
14019.0,46,3,1421.61,3,Loyal
14020.0,16,4,1249.01,3,Loyal
14021.0,154,7,1716.58,3,Loyal
14022.0,224,2,792.15,0,At-Risk
14023.0,6,2,584.07,0,At-Risk
14024.0,121,3,645.74,0,At-Risk
14025.0,464,8,4057.9,3,Loyal
14026.0,470,2,713.11,1,Low-Value
14027.0,60,1,104.82,0,At-Risk
14028.0,549,3,10396.5,1,Low-Value
14029.0,62,2,467.66,0,At-Risk
14030.0,17,20,7521.8,2,VIP
14031.0,6,44,39019.51,2,VIP
14032.0,1,16,4546.41,2,VIP
14033.0,554,1,109.44,1,Low-Value
14034.0,21,3,648.89,0,At-Risk
14035.0,28,9,2794.75,3,Loyal
14036.0,284,1,626.65,0,At-Risk
14037.0,175,6,836.95,3,Loyal
14038.0,77,5,3069.88,3,Loyal
14039.0,32,2,267.28000000000003,0,At-Risk
14040.0,40,35,12523.81,2,VIP
14041.0,265,1,141.41,0,At-Risk
14042.0,724,1,431.98,1,Low-Value
14043.0,490,2,302.59999999999997,1,Low-Value
14044.0,26,10,3077.7,3,Loyal
14045.0,108,16,10986.63,2,VIP
14046.0,283,1,154.99,0,At-Risk
14047.0,8,14,3968.11,2,VIP
14048.0,304,3,748.69,0,At-Risk
14049.0,16,13,13023.4,2,VIP
14050.0,31,2,746.36,0,At-Risk
14051.0,0,37,21770.98,2,VIP
14052.0,19,2,466.66,0,At-Risk
14053.0,123,4,572.3,0,At-Risk
14054.0,64,1,92.46,0,At-Risk
14055.0,105,3,1520.96,3,Loyal
14056.0,0,23,8152.71,2,VIP
14057.0,23,22,8346.66,2,VIP
14058.0,462,2,469.19,1,Low-Value
14059.0,266,1,183.6,0,At-Risk
14060.0,4,30,8898.24,2,VIP
14061.0,506,3,917.43,1,Low-Value
14062.0,9,24,25585.65,2,VIP
14063.0,437,9,22710.2,2,VIP
14064.0,28,15,3260.24,2,VIP
14065.0,388,3,891.02,1,Low-Value
14066.0,266,1,152.55,0,At-Risk
14067.0,63,2,374.7,0,At-Risk
14068.0,319,4,1516.72,3,Loyal
14069.0,514,2,225.81,1,Low-Value
14070.0,684,1,321.6,1,Low-Value
14071.0,3,8,1437.57,3,Loyal
14072.0,666,1,390.85,1,Low-Value
14073.0,31,1,151.04,0,At-Risk
14074.0,622,1,219.4,1,Low-Value
14075.0,4,6,1734.87,3,Loyal
14076.0,128,1,118.67,0,At-Risk
14077.0,40,6,615.08,3,Loyal
14078.0,101,9,1553.47,3,Loyal
14079.0,124,2,618.73,0,At-Risk
14080.0,32,5,1115.68,3,Loyal
14081.0,301,10,4867.57,3,Loyal
14082.0,364,2,413.36,1,Low-Value
14083.0,3,11,1082.19,3,Loyal
14084.0,511,1,150.5,1,Low-Value
14085.0,1,33,9720.67,2,VIP
14086.0,462,1,39.95,1,Low-Value
14087.0,2,3,829.47,0,At-Risk
14088.0,9,16,64036.8,2,VIP
14089.0,56,1,158.75,0,At-Risk
14090.0,324,1,76.32000000000001,1,Low-Value
14091.0,653,2,9530.08,1,Low-Value
14092.0,7,24,7229.45,2,VIP
14093.0,11,1,433.86,0,At-Risk
14094.0,439,1,311.77,1,Low-Value
14095.0,722,1,2.95,1,Low-Value
14096.0,3,17,65164.79,2,VIP
14097.0,480,2,422.86,1,Low-Value
14098.0,36,1,147.35,0,At-Risk
14099.0,15,20,5750.91,2,VIP
14100.0,137,1,191.95,0,At-Risk
14101.0,73,13,9961.93,2,VIP
14102.0,4,5,1105.88,3,Loyal
14104.0,154,5,743.53,3,Loyal
14105.0,238,5,5988.83,3,Loyal
14106.0,736,1,214.8,1,Low-Value
14107.0,51,11,4877.3,2,VIP
14108.0,30,4,1044.96,3,Loyal
14109.0,72,1,144.2,0,At-Risk
14110.0,3,33,12987.95,2,VIP
14111.0,13,4,692.85,3,Loyal
14112.0,22,13,5834.59,2,VIP
14113.0,3,16,7092.610000000001,2,VIP
14114.0,273,7,1364.09,3,Loyal
14115.0,501,2,622.67,1,Low-Value
14116.0,19,5,1382.74,3,Loyal
14117.0,143,1,90.0,0,At-Risk
14118.0,428,1,458.45,1,Low-Value
14119.0,375,2,183.37,1,Low-Value
14121.0,3,4,2780.15,3,Loyal
14122.0,405,3,362.42,1,Low-Value
14123.0,732,1,436.18,1,Low-Value
14124.0,83,1,419.58,0,At-Risk
14125.0,10,3,2720.63,3,Loyal
14126.0,7,4,1172.46,3,Loyal
14127.0,122,6,1900.08,3,Loyal
14128.0,60,3,924.21,3,Loyal
14129.0,1,9,2591.34,3,Loyal
14130.0,318,4,1858.77,3,Loyal
14131.0,648,1,168.22,1,Low-Value
14132.0,1,11,3586.0299999999997,2,VIP
14133.0,129,4,911.14,3,Loyal
14134.0,382,15,11123.35,2,VIP
14135.0,1,24,8839.67,2,VIP
14136.0,400,5,1570.81,3,Loyal
14137.0,695,1,332.7,1,Low-Value
14138.0,1,2,965.88,0,At-Risk
14139.0,45,4,1086.8,3,Loyal
14140.0,3,2,935.05,0,At-Risk
14141.0,2,4,915.13,3,Loyal
14142.0,372,2,671.34,1,Low-Value
14143.0,133,1,115.8,0,At-Risk
14144.0,485,1,30.6,1,Low-Value
14145.0,46,7,7600.05,2,VIP
14146.0,8,12,9450.3,2,VIP
14147.0,77,9,2590.2,3,Loyal
14148.0,233,2,466.29,0,At-Risk
14149.0,220,1,446.62,0,At-Risk
14150.0,35,2,658.64,0,At-Risk
14151.0,672,2,679.45,1,Low-Value
14152.0,74,7,1997.34,3,Loyal
14153.0,482,1,233.4,1,Low-Value
14154.0,238,8,6460.7,3,Loyal
14155.0,265,1,118.75,0,At-Risk
14156.0,9,156,313437.62,2,VIP
14157.0,19,5,978.69,3,Loyal
14158.0,39,1,507.66,0,At-Risk
14159.0,19,20,7860.8,2,VIP
14160.0,609,7,8421.47,3,Loyal
14161.0,215,7,2996.93,3,Loyal
14162.0,173,2,289.36,0,At-Risk
14163.0,86,5,2594.62,3,Loyal
14164.0,70,2,1631.77,3,Loyal
14165.0,275,1,120.44,0,At-Risk
14166.0,504,2,251.15,1,Low-Value
14167.0,38,8,1274.29,3,Loyal
14168.0,420,2,370.45,1,Low-Value
14169.0,430,2,621.51,1,Low-Value
14170.0,374,3,570.18,1,Low-Value
14171.0,97,2,498.79,0,At-Risk
14172.0,604,3,369.02,1,Low-Value
14173.0,10,6,586.0,3,Loyal
14174.0,32,1,134.46,0,At-Risk
14175.0,59,8,7678.88,2,VIP
14176.0,296,5,756.46,3,Loyal
14177.0,85,13,2209.69,3,Loyal
14178.0,8,7,1600.26,3,Loyal
14179.0,40,2,701.57,0,At-Risk
14180.0,10,33,6117.5,2,VIP
14181.0,410,2,308.35,1,Low-Value
14182.0,443,4,678.77,1,Low-Value
14183.0,410,2,278.34000000000003,1,Low-Value
14184.0,66,1,452.89,0,At-Risk
14185.0,330,1,197.65,1,Low-Value
14186.0,426,5,1550.63,3,Loyal
14187.0,473,1,123.5,1,Low-Value
14188.0,30,6,2054.36,3,Loyal
14189.0,1,16,5503.15,2,VIP
14190.0,665,1,79.9,1,Low-Value
14191.0,1,15,4817.66,2,VIP
14192.0,387,1,293.74,1,Low-Value
14193.0,67,3,1210.19,3,Loyal
14194.0,4,36,18670.59,2,VIP
14195.0,201,6,2615.6,3,Loyal
14196.0,106,1,335.52,0,At-Risk
14197.0,410,1,390.05,1,Low-Value
14198.0,17,9,1569.73,3,Loyal
14199.0,217,4,1091.7,3,Loyal
14200.0,616,1,379.2,1,Low-Value
14201.0,59,10,1193.54,3,Loyal
14202.0,380,3,847.76,1,Low-Value
14203.0,396,1,339.34,1,Low-Value
14204.0,1,4,1024.83,3,Loyal
14205.0,16,9,2414.2,3,Loyal
14206.0,238,3,1185.01,3,Loyal
14207.0,687,1,157.8,1,Low-Value
14208.0,94,2,567.05,0,At-Risk
14209.0,10,15,4993.27,2,VIP
14210.0,105,16,5556.570000000001,2,VIP
14211.0,52,18,4402.29,2,VIP
14212.0,89,2,2190.14,3,Loyal
14213.0,404,1,1192.2,1,Low-Value
14214.0,30,5,1004.38,3,Loyal
14215.0,11,9,3250.33,3,Loyal
14216.0,2,5,2150.04,3,Loyal
14217.0,1,23,3298.59,2,VIP
14218.0,42,1,169.48000000000002,0,At-Risk
14219.0,3,3,633.83,0,At-Risk
14220.0,246,4,1515.0,3,Loyal
14221.0,41,17,6517.49,2,VIP
14222.0,176,1,683.17,0,At-Risk
14223.0,91,3,991.13,3,Loyal
14224.0,109,9,1841.71,3,Loyal
14225.0,434,4,2031.07,1,Low-Value
14226.0,28,6,2985.13,3,Loyal
14227.0,25,15,6368.71,2,VIP
14228.0,437,3,745.5,1,Low-Value
14229.0,51,7,2594.04,3,Loyal
14230.0,435,3,979.8,1,Low-Value
14231.0,183,4,1235.62,3,Loyal
14232.0,42,5,2048.07,3,Loyal
14233.0,48,7,2904.27,3,Loyal
14234.0,21,4,754.12,3,Loyal
14235.0,74,9,4717.99,3,Loyal
14236.0,80,5,1555.34,3,Loyal
14237.0,372,2,471.14,1,Low-Value
14238.0,325,3,434.23,1,Low-Value
14239.0,42,21,4263.17,2,VIP
14240.0,29,3,1247.49,3,Loyal
14241.0,183,2,333.7,0,At-Risk
14242.0,234,2,280.55,0,At-Risk
14243.0,8,17,7217.75,2,VIP
14244.0,660,1,366.42,1,Low-Value
14245.0,219,2,1693.45,3,Loyal
14246.0,110,3,1474.06,3,Loyal
14247.0,277,5,753.56,3,Loyal
14248.0,317,3,1032.95,3,Loyal
14249.0,410,12,5400.461,2,VIP
14250.0,6,3,1904.05,3,Loyal
14251.0,1,5,2879.7000000000003,3,Loyal
14252.0,380,1,350.99,1,Low-Value
14253.0,492,2,363.4,1,Low-Value
14254.0,432,1,601.03,1,Low-Value
14255.0,545,1,1000.63,1,Low-Value
14256.0,259,5,2460.79,3,Loyal
14257.0,63,9,5954.45,2,VIP
14258.0,8,25,32051.34,2,VIP
14259.0,141,1,120.0,0,At-Risk
14260.0,470,3,824.28,1,Low-Value
14261.0,50,2,1163.45,0,At-Risk
14262.0,7,8,2618.23,3,Loyal
14263.0,422,1,322.93,1,Low-Value
14264.0,154,6,1517.36,3,Loyal
14265.0,108,4,1373.35,3,Loyal
14266.0,427,1,40.56,1,Low-Value
14267.0,162,3,1516.24,3,Loyal
14268.0,470,1,354.85,1,Low-Value
14269.0,438,1,295.73,1,Low-Value
14270.0,331,1,492.65,1,Low-Value
14271.0,225,2,214.18,0,At-Risk
14272.0,73,4,920.81,3,Loyal
14273.0,50,4,559.97,0,At-Risk
14274.0,685,1,256.6,1,Low-Value
14275.0,395,6,1189.38,3,Loyal
14276.0,98,7,2102.68,3,Loyal
14277.0,14,9,17197.61,2,VIP
14278.0,409,1,205.83,1,Low-Value
14279.0,520,2,191.86,1,Low-Value
14280.0,196,1,134.04,0,At-Risk
14281.0,407,1,245.15,1,Low-Value
14282.0,2,25,7250.76,2,VIP
14283.0,462,4,628.4399999999999,1,Low-Value
14284.0,30,3,1299.65,3,Loyal
14285.0,20,8,3284.42,3,Loyal
14286.0,23,7,8479.76,2,VIP
14287.0,7,3,176.63,0,At-Risk
14288.0,212,1,426.6,0,At-Risk
14289.0,8,6,911.26,3,Loyal
14290.0,10,8,4516.56,3,Loyal
14291.0,1,23,7904.099999999999,2,VIP
14292.0,7,16,9226.25,2,VIP
14293.0,2,9,2903.01,3,Loyal
14294.0,406,1,375.34,1,Low-Value
14295.0,39,5,2362.91,3,Loyal
14296.0,420,2,456.4,1,Low-Value
14297.0,17,4,1305.33,3,Loyal
14298.0,7,82,91194.49,2,VIP
14299.0,7,27,14070.25,2,VIP
14300.0,18,1,43.2,0,At-Risk
14301.0,116,4,1992.18,3,Loyal
14302.0,430,3,742.9000000000001,1,Low-Value
14303.0,406,2,277.94,1,Low-Value
14304.0,222,3,1725.01,3,Loyal
14305.0,70,3,1858.96,3,Loyal
14306.0,50,6,3151.4,3,Loyal
14307.0,88,10,4287.92,2,VIP
14308.0,548,2,1147.02,1,Low-Value
14309.0,7,11,3780.81,2,VIP
14310.0,432,1,492.1,1,Low-Value
14311.0,242,2,516.45,0,At-Risk
14312.0,46,11,3090.29,2,VIP
14314.0,106,2,229.8,0,At-Risk
14315.0,44,8,3197.82,3,Loyal
14316.0,421,5,1370.34,1,Low-Value
14317.0,64,1,508.58,0,At-Risk
14318.0,459,1,158.02,1,Low-Value
14319.0,423,1,494.85,1,Low-Value
14320.0,206,5,1346.75,3,Loyal
14321.0,10,7,2218.06,3,Loyal
14322.0,428,4,474.1,1,Low-Value
14323.0,114,2,605.0600000000001,0,At-Risk
14324.0,409,2,701.61,1,Low-Value
14325.0,569,1,245.48,1,Low-Value
14326.0,241,3,940.98,3,Loyal
14327.0,162,6,1894.93,3,Loyal
14328.0,437,1,445.05,1,Low-Value
14329.0,16,15,9887.62,2,VIP
14330.0,623,1,200.63,1,Low-Value
14331.0,123,2,462.66,0,At-Risk
14332.0,22,5,1917.41,3,Loyal
14333.0,67,1,415.2,0,At-Risk
14334.0,16,12,4318.48,2,VIP
14335.0,15,2,454.86,0,At-Risk
14336.0,16,4,1614.91,3,Loyal
14338.0,160,3,928.1,3,Loyal
14339.0,242,2,620.27,0,At-Risk
14340.0,218,1,134.7,0,At-Risk
14341.0,44,18,4452.02,2,VIP
14342.0,20,6,918.44,3,Loyal
14343.0,420,4,1079.66,1,Low-Value
14344.0,126,20,2993.05,2,VIP
14345.0,38,1,108.98,0,At-Risk
14346.0,120,5,2315.75,3,Loyal
14347.0,736,1,82.60000000000001,1,Low-Value
14348.0,259,1,409.57,0,At-Risk
14349.0,9,1,133.5,0,At-Risk
14350.0,273,3,972.03,3,Loyal
14351.0,164,1,51.0,0,At-Risk
14352.0,156,4,1078.96,3,Loyal
14353.0,214,3,376.5,0,At-Risk
14354.0,5,2,163.62,0,At-Risk
14355.0,365,3,840.05,1,Low-Value
14356.0,79,2,701.23,0,At-Risk
14357.0,42,1,225.12,0,At-Risk
14358.0,388,2,400.06,1,Low-Value
14359.0,18,3,912.18,3,Loyal
14360.0,31,4,2118.03,3,Loyal
14361.0,578,1,214.71,1,Low-Value
14362.0,21,1,151.5,0,At-Risk
14363.0,401,2,227.47000000000003,1,Low-Value
14364.0,108,8,3717.35,3,Loyal
14365.0,394,2,634.68,1,Low-Value
14366.0,524,1,136.0,1,Low-Value
14367.0,7,16,9227.82,2,VIP
14368.0,319,1,155.0,1,Low-Value
14369.0,641,2,469.13,1,Low-Value
14370.0,450,6,1175.78,1,Low-Value
14371.0,294,1,100.5,1,Low-Value
14372.0,442,2,860.08,1,Low-Value
14373.0,357,1,76.55,1,Low-Value
14374.0,540,1,108.0,1,Low-Value
14375.0,184,3,1106.82,3,Loyal
14376.0,682,1,215.46,1,Low-Value
14377.0,190,2,617.05,0,At-Risk
14378.0,621,1,131.25,1,Low-Value
14379.0,43,4,1265.16,3,Loyal
14380.0,681,1,48.96,1,Low-Value
14381.0,51,2,625.94,0,At-Risk
14382.0,25,2,1193.63,0,At-Risk
14383.0,37,3,1247.69,3,Loyal
14384.0,500,1,58.5,1,Low-Value
14385.0,8,3,202.11,0,At-Risk
14386.0,296,1,142.4,1,Low-Value
14387.0,32,3,1727.6,3,Loyal
14388.0,9,16,6388.2,2,VIP
14389.0,64,5,1898.01,3,Loyal
14390.0,9,13,6150.03,2,VIP
14391.0,576,1,135.6,1,Low-Value
14392.0,431,1,266.4,1,Low-Value
14393.0,217,1,67.95,0,At-Risk
14394.0,564,1,93.8,1,Low-Value
14395.0,1,20,7801.93,2,VIP
14396.0,64,7,1969.38,3,Loyal
14397.0,2,19,2612.96,2,VIP
14398.0,400,2,707.79,1,Low-Value
14399.0,393,8,2108.21,3,Loyal
14400.0,148,3,1732.47,3,Loyal
14401.0,3,22,6795.9,2,VIP
14402.0,651,1,285.6,1,Low-Value
14403.0,129,6,1880.51,3,Loyal
14404.0,33,13,2724.13,2,VIP
14405.0,386,1,195.0,1,Low-Value
14406.0,118,1,156.75,0,At-Risk
14407.0,106,6,2157.73,3,Loyal
14408.0,10,11,4102.27,2,VIP
14409.0,70,9,3427.29,3,Loyal
14410.0,91,11,2631.9,3,Loyal
14411.0,310,1,1063.0,1,Low-Value
14412.0,42,3,1426.19,3,Loyal
14413.0,361,4,764.52,1,Low-Value
14414.0,91,8,2399.33,3,Loyal
14415.0,0,23,11980.09,2,VIP
14416.0,21,2,490.22,0,At-Risk
14417.0,387,1,524.65,1,Low-Value
14418.0,3,3,1937.25,3,Loyal
14419.0,10,7,1254.64,3,Loyal
14420.0,98,4,1639.17,3,Loyal
14421.0,56,6,2469.37,3,Loyal
14422.0,0,19,10271.52,2,VIP
14423.0,217,3,916.61,3,Loyal
14424.0,17,1,322.08,0,At-Risk
14425.0,434,3,661.39,1,Low-Value
14426.0,23,17,11727.94,2,VIP
14427.0,49,4,1263.52,3,Loyal
14428.0,6,5,1224.06,3,Loyal
14429.0,403,1,516.28,1,Low-Value
14430.0,511,3,1220.9,1,Low-Value
14431.0,302,4,2614.2,3,Loyal
14432.0,9,6,2248.5,3,Loyal
14433.0,465,1,280.7,1,Low-Value
14434.0,21,6,1372.8,3,Loyal
14435.0,501,1,90.42,1,Low-Value
14436.0,98,2,271.7,0,At-Risk
14437.0,365,5,873.34,3,Loyal
14438.0,305,1,131.9,1,Low-Value
14439.0,319,5,9443.04,3,Loyal
14440.0,7,13,5982.03,2,VIP
14441.0,0,11,4611.6900000000005,2,VIP
14442.0,204,7,5367.02,3,Loyal
14443.0,53,5,2082.97,3,Loyal
14444.0,455,1,120.44,1,Low-Value
14445.0,455,1,221.65,1,Low-Value
14446.0,0,5,1200.28,3,Loyal
14447.0,18,6,1711.73,3,Loyal
14448.0,8,2,375.35,0,At-Risk
14449.0,18,8,2230.96,3,Loyal
14450.0,180,7,1128.44,3,Loyal
14451.0,59,12,3258.68,2,VIP
14452.0,10,4,658.95,3,Loyal
14453.0,189,1,119.93,0,At-Risk
14454.0,375,5,977.3,3,Loyal
14455.0,431,4,617.72,1,Low-Value
14456.0,4,9,3017.28,3,Loyal
14457.0,310,1,113.64,1,Low-Value
14458.0,380,1,228.07,1,Low-Value
14459.0,154,2,5375.741,3,Loyal
14460.0,109,9,1093.5,3,Loyal
14461.0,147,13,6676.91,2,VIP
14462.0,65,12,2242.81,3,Loyal
14463.0,97,4,786.5699999999999,3,Loyal
14464.0,567,2,111.0,1,Low-Value
14465.0,246,11,3925.85,3,Loyal
14466.0,28,13,4267.15,2,VIP
14467.0,17,12,2203.24,3,Loyal
14468.0,733,1,204.24,1,Low-Value
14469.0,415,4,2093.46,3,Loyal
14470.0,11,3,712.04,0,At-Risk
14471.0,590,2,400.95,1,Low-Value
14472.0,103,9,2118.72,3,Loyal
14473.0,73,2,234.34,0,At-Risk
14474.0,45,2,1258.89,0,At-Risk
14475.0,71,4,1151.15,3,Loyal
14476.0,256,1,193.0,0,At-Risk
14477.0,19,7,1969.6,3,Loyal
14478.0,381,4,1276.66,1,Low-Value
14479.0,253,4,1124.71,3,Loyal
14480.0,10,4,1299.52,3,Loyal
14481.0,164,5,2284.69,3,Loyal
14482.0,17,12,4306.72,2,VIP
14483.0,281,2,257.1,0,At-Risk
14484.0,49,4,1070.98,3,Loyal
14485.0,38,1,162.8,0,At-Risk
14486.0,511,2,175.5,1,Low-Value
14487.0,26,7,1266.27,3,Loyal
14488.0,67,1,1064.28,0,At-Risk
14489.0,206,4,1574.93,3,Loyal
14490.0,405,2,1273.47,1,Low-Value
14491.0,174,2,340.93,0,At-Risk
14492.0,429,7,1921.91,3,Loyal
14493.0,6,10,5087.86,2,VIP
14494.0,25,3,401.46,0,At-Risk
14495.0,50,3,174.8,0,At-Risk
14496.0,311,7,2363.89,3,Loyal
14497.0,308,2,697.0600000000001,1,Low-Value
14498.0,42,10,3900.83,2,VIP
14499.0,25,7,2101.79,3,Loyal
14500.0,87,3,356.85,0,At-Risk
14501.0,183,2,251.21,0,At-Risk
14502.0,19,11,2429.83,3,Loyal
14503.0,2,6,3543.26,3,Loyal
14504.0,46,4,673.26,3,Loyal
14505.0,16,19,11879.08,2,VIP
14506.0,16,7,2960.25,3,Loyal
14507.0,23,11,3216.74,2,VIP
14508.0,21,5,822.92,3,Loyal
14509.0,533,1,110.95,1,Low-Value
14510.0,375,3,979.85,1,Low-Value
14511.0,10,5,1314.81,3,Loyal
14512.0,187,7,1215.97,3,Loyal
14513.0,100,6,788.01,3,Loyal
14514.0,60,9,4380.04,3,Loyal
14515.0,17,12,3724.06,2,VIP
14516.0,515,1,151.17,1,Low-Value
14517.0,32,2,330.45,0,At-Risk
14518.0,63,1,174.37,0,At-Risk
14519.0,683,2,203.14,1,Low-Value
14520.0,1,2,270.6,0,At-Risk
14521.0,490,1,199.45,1,Low-Value
14522.0,23,8,1748.42,3,Loyal
14523.0,107,1,241.09,0,At-Risk
14524.0,31,13,2909.86,2,VIP
14525.0,19,17,8026.54,2,VIP
14526.0,388,1,258.65,1,Low-Value
14527.0,2,122,27246.88,2,VIP
14528.0,36,1,364.22,0,At-Risk
14529.0,59,3,578.61,0,At-Risk
14530.0,25,16,6088.87,2,VIP
14531.0,479,1,376.34,1,Low-Value
14532.0,235,11,3845.78,3,Loyal
14533.0,24,11,3466.37,2,VIP
14534.0,2,26,6187.66,2,VIP
14535.0,59,9,5973.2300000000005,2,VIP
14536.0,259,1,170.95,0,At-Risk
14537.0,57,2,641.4,0,At-Risk
14538.0,64,5,1370.84,3,Loyal
14539.0,15,2,537.48,0,At-Risk
14540.0,9,11,3709.64,2,VIP
14541.0,58,14,2491.38,2,VIP
14542.0,185,1,103.25,0,At-Risk
14543.0,28,39,14587.87,2,VIP
14544.0,23,3,2938.53,3,Loyal
14545.0,673,1,349.25,1,Low-Value
14546.0,4,11,5184.84,2,VIP
14547.0,3,8,3974.75,3,Loyal
14548.0,150,9,2541.29,3,Loyal
14549.0,310,4,913.6,3,Loyal
14550.0,10,4,1345.06,3,Loyal
14551.0,17,7,878.09,3,Loyal
14552.0,151,3,507.93,0,At-Risk
14553.0,18,9,1818.6,3,Loyal
14554.0,9,4,2279.49,3,Loyal
14555.0,56,6,2304.03,3,Loyal
14556.0,595,3,815.69,1,Low-Value
14557.0,84,1,788.38,0,At-Risk
14558.0,653,3,655.5,1,Low-Value
14559.0,389,1,75.6,1,Low-Value
14560.0,6,44,6114.03,2,VIP
14561.0,75,3,1080.76,3,Loyal
14562.0,3,26,6638.150000000001,2,VIP
14563.0,509,2,640.54,1,Low-Value
14564.0,434,2,2605.62,1,Low-Value
14565.0,95,5,3859.22,3,Loyal
14566.0,110,4,4092.0,3,Loyal
14567.0,56,2,1530.36,3,Loyal
14568.0,434,1,919.7,1,Low-Value
14569.0,0,4,597.33,3,Loyal
14570.0,280,3,613.75,0,At-Risk
14571.0,424,1,160.0,1,Low-Value
14572.0,2,11,5526.88,2,VIP
14573.0,179,13,2163.12,3,Loyal
14574.0,732,1,143.70000000000002,1,Low-Value
14575.0,487,1,420.22,1,Low-Value
14576.0,371,1,35.400000000000006,1,Low-Value
14577.0,12,7,1364.15,3,Loyal
14578.0,2,1,168.63,0,At-Risk
14579.0,431,1,105.56,1,Low-Value
14580.0,517,1,14.85,1,Low-Value
14581.0,16,2,409.65,0,At-Risk
14582.0,40,1,114.11,0,At-Risk
14583.0,5,8,1660.29,3,Loyal
14584.0,168,8,1738.16,3,Loyal
14585.0,49,5,1143.27,3,Loyal
14586.0,276,1,237.36,0,At-Risk
14587.0,18,9,1580.29,3,Loyal
14588.0,577,1,135.39,1,Low-Value
14589.0,371,1,39.75,1,Low-Value
14590.0,424,20,2993.37,2,VIP
14591.0,14,4,1320.21,3,Loyal
14592.0,34,3,557.94,0,At-Risk
14593.0,21,12,3665.53,2,VIP
14594.0,6,2,363.33,0,At-Risk
14595.0,19,8,2164.45,3,Loyal
14596.0,626,1,222.22,1,Low-Value
14597.0,10,6,2184.63,3,Loyal
14598.0,43,2,384.04,0,At-Risk
14599.0,389,2,457.89,1,Low-Value
14600.0,305,2,865.17,1,Low-Value
14601.0,10,1,213.96,0,At-Risk
14602.0,655,1,205.36,1,Low-Value
14603.0,274,1,660.0,0,At-Risk
14604.0,632,1,143.86,1,Low-Value
14605.0,373,4,921.56,1,Low-Value
14606.0,0,192,29951.37,2,VIP
14607.0,15,22,23763.13,2,VIP
14608.0,3,11,3352.94,2,VIP
14609.0,71,10,1486.2,3,Loyal
14610.0,395,2,24.35,1,Low-Value
14611.0,443,2,604.3299999999999,1,Low-Value
14612.0,414,1,877.7,1,Low-Value
14613.0,679,1,76.32000000000001,1,Low-Value
14614.0,385,1,295.13,1,Low-Value
14615.0,393,5,951.76,1,Low-Value
14616.0,242,5,527.78,3,Loyal
14617.0,402,2,190.47,1,Low-Value
14618.0,8,7,1342.32,3,Loyal
14619.0,245,2,1291.24,0,At-Risk
14620.0,205,2,412.78,0,At-Risk
14621.0,0,9,3000.57,3,Loyal
14622.0,184,1,320.58000000000004,0,At-Risk
14623.0,31,10,2016.98,3,Loyal
14624.0,56,6,814.0699999999999,3,Loyal
14625.0,195,11,4497.88,2,VIP
14626.0,23,11,5410.92,2,VIP
14627.0,378,1,462.75,1,Low-Value
14628.0,90,5,1998.0,3,Loyal
14629.0,3,2,955.26,0,At-Risk
14630.0,483,1,338.65,1,Low-Value
14631.0,50,6,2025.69,3,Loyal
14632.0,262,1,114.56,0,At-Risk
14633.0,265,1,344.90000000000003,0,At-Risk
14634.0,437,4,2124.46,1,Low-Value
14635.0,453,1,215.22,1,Low-Value
14636.0,35,2,609.85,0,At-Risk
14637.0,676,1,106.68,1,Low-Value
14638.0,50,1,443.6,0,At-Risk
14639.0,51,9,4978.96,2,VIP
14640.0,23,10,3649.36,2,VIP
14641.0,21,1,110.46,0,At-Risk
14642.0,58,1,96.12,0,At-Risk
14643.0,169,5,1679.89,3,Loyal
14644.0,67,7,2247.72,3,Loyal
14645.0,156,3,876.89,3,Loyal
14646.0,1,151,528602.52,2,VIP
14647.0,200,2,506.04,0,At-Risk
14648.0,415,15,4466.65,2,VIP
14649.0,4,9,3651.19,3,Loyal
14650.0,588,1,62.5,1,Low-Value
14651.0,66,9,2025.52,3,Loyal
14652.0,76,1,114.18,0,At-Risk
14653.0,0,12,3593.06,2,VIP
14654.0,737,1,246.86,1,Low-Value
14655.0,7,7,3878.51,3,Loyal
14656.0,168,5,790.0,3,Loyal
14657.0,17,6,1450.19,3,Loyal
14658.0,4,2,247.15,0,At-Risk
14659.0,8,9,2529.93,3,Loyal
14660.0,86,2,285.74,0,At-Risk
14661.0,26,1,107.95,0,At-Risk
14662.0,28,7,1376.43,3,Loyal
14663.0,429,2,490.6,1,Low-Value
14664.0,19,2,636.24,0,At-Risk
14665.0,60,7,2749.65,3,Loyal
14666.0,23,1,195.25,0,At-Risk
14667.0,10,54,20395.34,2,VIP
14668.0,444,1,111.63,1,Low-Value
14669.0,241,7,3216.78,3,Loyal
14670.0,279,3,583.33,0,At-Risk
14671.0,548,2,1127.45,1,Low-Value
14672.0,234,4,1113.14,3,Loyal
14673.0,2,7,3037.32,3,Loyal
14674.0,508,1,173.66,1,Low-Value
14675.0,15,2,1015.58,0,At-Risk
14676.0,30,12,8356.79,2,VIP
14677.0,592,1,184.91,1,Low-Value
14678.0,578,1,403.39,1,Low-Value
14679.0,381,3,1289.44,1,Low-Value
14680.0,24,58,55688.5,2,VIP
14681.0,70,6,875.1500000000001,3,Loyal
14682.0,187,6,1514.81,3,Loyal
14683.0,587,1,146.56,1,Low-Value
14684.0,25,6,1430.03,3,Loyal
14685.0,575,8,4536.64,3,Loyal
14686.0,413,5,852.53,1,Low-Value
14687.0,106,3,1402.06,3,Loyal
14688.0,7,28,7190.42,2,VIP
14689.0,208,1,112.8,0,At-Risk
14690.0,43,4,777.6800000000001,3,Loyal
14691.0,30,5,2114.33,3,Loyal
14692.0,136,12,1715.14,3,Loyal
14693.0,264,7,1165.36,3,Loyal
14694.0,616,1,244.31,1,Low-Value
14695.0,518,3,1534.22,1,Low-Value
14696.0,3,8,2473.28,3,Loyal
14697.0,217,2,188.61,0,At-Risk
14698.0,1,5,1217.27,3,Loyal
14699.0,213,4,702.6,3,Loyal
14700.0,31,5,3076.06,3,Loyal
14701.0,10,15,4487.11,2,VIP
14702.0,0,29,6368.78,2,VIP
14703.0,14,1,318.17,0,At-Risk
14704.0,10,11,1752.92,3,Loyal
14705.0,198,1,179.0,0,At-Risk
14706.0,618,1,367.54,1,Low-Value
14707.0,435,2,139.2,1,Low-Value
14708.0,2,5,1793.22,3,Loyal
14709.0,14,25,8886.33,2,VIP
14710.0,13,13,1899.79,3,Loyal
14711.0,9,11,2839.62,3,Loyal
14712.0,28,4,1328.0700000000002,3,Loyal
14713.0,8,21,5115.76,2,VIP
14714.0,23,4,906.24,3,Loyal
14715.0,24,8,1825.45,3,Loyal
14716.0,42,3,543.28,0,At-Risk
14717.0,732,1,81.3,1,Low-Value
14718.0,409,1,226.42,1,Low-Value
14719.0,1,5,1581.84,3,Loyal
14720.0,5,3,663.81,0,At-Risk
14721.0,378,1,109.07,1,Low-Value
14722.0,146,3,489.52,0,At-Risk
14723.0,9,11,1803.06,3,Loyal
14724.0,589,1,341.9,1,Low-Value
14725.0,24,4,1252.74,3,Loyal
14726.0,654,1,116.5,1,Low-Value
14727.0,273,3,463.73,0,At-Risk
14728.0,412,1,190.58,1,Low-Value
14729.0,373,3,586.24,1,Low-Value
14730.0,0,8,1897.57,3,Loyal
14731.0,46,3,380.02,0,At-Risk
14732.0,7,19,5517.07,2,VIP
14733.0,15,15,14335.15,2,VIP
14734.0,425,4,1056.42,1,Low-Value
14735.0,3,56,12240.16,2,VIP
14736.0,484,2,374.05,1,Low-Value
14737.0,3,4,3554.17,3,Loyal
14738.0,42,9,1821.9,3,Loyal
14739.0,3,25,11573.62,2,VIP
14740.0,196,11,4161.06,2,VIP
14741.0,11,7,1713.09,3,Loyal
14742.0,434,1,579.85,1,Low-Value
14743.0,592,1,50.48,1,Low-Value
14744.0,15,14,3660.08,2,VIP
14745.0,112,12,2551.41,3,Loyal
14746.0,405,4,593.5,1,Low-Value
14747.0,248,1,328.2,0,At-Risk
14748.0,28,10,2681.9,3,Loyal
14749.0,479,1,310.15,1,Low-Value
14750.0,735,1,112.03,1,Low-Value
14751.0,683,2,126.45,1,Low-Value
14752.0,43,1,389.64,0,At-Risk
14753.0,86,2,869.51,0,At-Risk
14754.0,44,6,1547.93,3,Loyal
14755.0,9,25,9972.55,2,VIP
14756.0,14,3,2653.76,3,Loyal
14757.0,74,1,420.5,0,At-Risk
14758.0,144,7,2864.97,3,Loyal
14759.0,4,3,1625.97,3,Loyal
14760.0,296,1,89.2,1,Low-Value
14761.0,58,3,447.92,0,At-Risk
14762.0,263,2,417.57,0,At-Risk
14764.0,46,1,278.3,0,At-Risk
14765.0,28,3,254.11,0,At-Risk
14766.0,7,11,6375.73,2,VIP
14767.0,473,1,382.81,1,Low-Value
14768.0,16,2,192.6,0,At-Risk
14769.0,2,17,15514.11,2,VIP
14770.0,231,8,3637.64,3,Loyal
14771.0,620,2,594.62,1,Low-Value
14772.0,111,1,139.26,0,At-Risk
14773.0,592,1,140.55,1,Low-Value
14774.0,528,1,241.45,1,Low-Value
14775.0,57,3,1011.9,3,Loyal
14776.0,50,15,3708.3,2,VIP
14777.0,403,1,307.56,1,Low-Value
14778.0,126,2,730.86,0,At-Risk
14779.0,280,3,386.15,0,At-Risk
14780.0,54,2,447.68,0,At-Risk
14782.0,319,1,200.1,1,Low-Value
14783.0,658,1,307.3,1,Low-Value
14784.0,25,3,449.93,0,At-Risk
14785.0,9,2,77.4,0,At-Risk
14786.0,549,1,90.96,1,Low-Value
14787.0,470,1,110.65,1,Low-Value
14788.0,6,3,1156.32,3,Loyal
14789.0,28,1,197.64,0,At-Risk
14790.0,16,10,2526.62,3,Loyal
14791.0,606,1,303.63,1,Low-Value
14792.0,63,1,6.2,0,At-Risk
14793.0,20,2,625.9,0,At-Risk
14794.0,2,10,1953.9,3,Loyal
14795.0,165,1,131.45000000000002,0,At-Risk
14796.0,0,27,10169.33,2,VIP
14797.0,506,1,300.31,1,Low-Value
14798.0,52,8,724.31,3,Loyal
14799.0,50,2,338.15,0,At-Risk
14800.0,47,17,7191.33,2,VIP
14801.0,60,1,189.34,0,At-Risk
14802.0,437,2,1502.98,1,Low-Value
14803.0,161,3,845.5500000000001,0,At-Risk
14804.0,8,1,353.27,0,At-Risk
14805.0,14,7,1082.55,3,Loyal
14806.0,74,2,303.43,0,At-Risk
14807.0,390,2,504.14,1,Low-Value
14808.0,39,8,2718.6,3,Loyal
14809.0,620,2,686.76,1,Low-Value
14810.0,40,13,2354.03,2,VIP
14811.0,386,1,170.5,1,Low-Value
14812.0,598,1,178.85,1,Low-Value
14813.0,369,4,888.91,1,Low-Value
14814.0,580,1,154.21,1,Low-Value
14815.0,36,2,778.5,0,At-Risk
14816.0,196,1,271.85,0,At-Risk
14817.0,199,7,3959.86,3,Loyal
14818.0,73,6,1153.56,3,Loyal
14819.0,63,4,456.41,0,At-Risk
14820.0,20,9,1274.76,3,Loyal
14821.0,366,7,1230.15,3,Loyal
14822.0,484,1,157.7,1,Low-Value
14823.0,179,3,321.43,0,At-Risk
14824.0,9,10,4022.91,2,VIP
14825.0,3,24,4735.08,2,VIP
14826.0,581,2,385.2,1,Low-Value
14828.0,196,13,9839.46,2,VIP
14829.0,28,7,1455.87,3,Loyal
14830.0,52,1,188.88,0,At-Risk
14831.0,679,3,1676.57,1,Low-Value
14832.0,629,1,322.69,1,Low-Value
14833.0,498,1,94.8,1,Low-Value
14834.0,17,7,2206.16,3,Loyal
14835.0,528,2,297.0,1,Low-Value
14836.0,9,3,102.45,0,At-Risk
14837.0,89,9,3460.32,3,Loyal
14838.0,422,2,769.9200000000001,1,Low-Value
14839.0,417,3,915.28,1,Low-Value
14840.0,267,2,362.71,0,At-Risk
14841.0,52,14,7163.0,2,VIP
14842.0,43,4,2824.69,3,Loyal
14843.0,436,1,211.8,1,Low-Value
14844.0,63,10,6702.43,2,VIP
14845.0,599,1,150.0,1,Low-Value
14846.0,426,1,437.4,1,Low-Value
14847.0,148,3,1348.95,3,Loyal
14848.0,404,1,310.56,1,Low-Value
14849.0,21,43,15407.61,2,VIP
14850.0,311,7,1770.96,3,Loyal
14851.0,22,3,829.41,0,At-Risk
14852.0,57,18,6132.43,2,VIP
14853.0,23,5,1376.87,3,Loyal
14854.0,77,11,4303.06,2,VIP
14855.0,118,7,6520.3,3,Loyal
14856.0,35,3,1290.53,3,Loyal
14857.0,59,7,3651.851,3,Loyal
14858.0,505,1,180.75,1,Low-Value
14859.0,12,5,1705.64,3,Loyal
14860.0,18,1,170.32,0,At-Risk
14861.0,51,10,1380.73,3,Loyal
14862.0,25,2,841.2,0,At-Risk
14863.0,28,1,266.76,0,At-Risk
14865.0,6,4,92.52,0,At-Risk
14866.0,10,19,20746.54,2,VIP
14867.0,185,16,2952.06,2,VIP
14868.0,2,12,4184.01,2,VIP
14869.0,8,6,2778.14,3,Loyal
14870.0,261,6,1838.95,3,Loyal
14871.0,2,9,1228.17,3,Loyal
14872.0,483,3,816.6,1,Low-Value
14873.0,209,2,854.13,0,At-Risk
14874.0,534,1,116.18,1,Low-Value
14875.0,107,3,2862.4,3,Loyal
14876.0,520,2,256.7,1,Low-Value
14877.0,417,2,425.85,1,Low-Value
14878.0,12,25,4076.5,2,VIP
14879.0,684,1,185.06,1,Low-Value
14880.0,76,3,690.59,0,At-Risk
14881.0,19,1,255.4,0,At-Risk
14882.0,26,14,3546.65,2,VIP
14883.0,18,6,761.59,3,Loyal
14884.0,668,1,120.6,1,Low-Value
14885.0,131,3,1598.12,3,Loyal
14886.0,252,1,364.8,0,At-Risk
14887.0,78,1,1862.0,0,At-Risk
14888.0,206,1,369.2,0,At-Risk
14889.0,335,1,135.9,1,Low-Value
14890.0,253,3,817.25,0,At-Risk
14891.0,147,4,1106.73,3,Loyal
14892.0,690,1,202.35,1,Low-Value
14893.0,9,3,1809.61,3,Loyal
14894.0,84,3,1492.81,3,Loyal
14895.0,7,38,25119.54,2,VIP
14896.0,204,8,1826.0,3,Loyal
14897.0,7,8,3140.54,3,Loyal
14898.0,22,14,3365.95,2,VIP
14899.0,394,1,1331.38,1,Low-Value
14900.0,521,1,13.919999999999998,1,Low-Value
14901.0,10,12,1919.0,3,Loyal
14902.0,25,3,1035.62,3,Loyal
14903.0,20,5,2795.33,3,Loyal
14904.0,1,4,1630.49,3,Loyal
14905.0,157,8,1971.39,3,Loyal
14906.0,444,1,68.44,1,Low-Value
14907.0,2,16,5547.72,2,VIP
14908.0,73,2,381.9,0,At-Risk
14909.0,436,3,1404.68,1,Low-Value
14910.0,2,4,434.35,0,At-Risk
14911.0,0,398,291420.81,2,VIP
14912.0,16,6,1889.25,3,Loyal
14913.0,35,8,4073.13,3,Loyal
14915.0,90,11,1811.25,3,Loyal
14916.0,70,8,3042.95,3,Loyal
14917.0,596,2,1123.75,1,Low-Value
14918.0,115,9,5955.81,2,VIP
14919.0,538,1,359.35,1,Low-Value
14920.0,212,3,1607.17,3,Loyal
14921.0,29,2,1316.07,0,At-Risk
14922.0,393,2,843.74,1,Low-Value
14923.0,50,1,749.1,0,At-Risk
14924.0,245,3,931.01,3,Loyal
14926.0,381,2,359.4,1,Low-Value
14927.0,396,1,308.2,1,Low-Value
14928.0,627,1,223.91000000000005,1,Low-Value
14929.0,31,2,836.69,0,At-Risk
14930.0,108,6,5236.73,3,Loyal
14931.0,4,5,1257.68,3,Loyal
14932.0,365,2,666.13,1,Low-Value
14933.0,443,4,1770.0,1,Low-Value
14934.0,81,5,3503.5,3,Loyal
14935.0,296,2,2849.83,3,Loyal
14936.0,33,12,12410.81,2,VIP
14937.0,56,3,1621.88,3,Loyal
14938.0,561,2,2322.43,1,Low-Value
14940.0,417,2,531.49,1,Low-Value
14941.0,578,1,182.1,1,Low-Value
14942.0,401,4,746.56,1,Low-Value
14943.0,662,1,107.62,1,Low-Value
14944.0,29,19,9784.67,2,VIP
14945.0,413,1,179.4,1,Low-Value
14946.0,13,1,100.9,0,At-Risk
14947.0,71,6,1049.79,3,Loyal
14948.0,22,6,1101.97,3,Loyal
14949.0,468,4,515.0,1,Low-Value
14950.0,18,1,371.2,0,At-Risk
14951.0,78,1,311.69,0,At-Risk
14952.0,59,32,17629.35,2,VIP
14953.0,24,4,971.32,3,Loyal
14954.0,11,2,462.12,0,At-Risk
14955.0,732,1,163.77,1,Low-Value
14956.0,420,1,1325.0,1,Low-Value
14957.0,252,2,261.69,0,At-Risk
14958.0,146,6,941.99,3,Loyal
14959.0,63,4,695.42,3,Loyal
14960.0,7,2,221.27,0,At-Risk
14961.0,10,22,16410.15,2,VIP
14962.0,270,4,366.91,0,At-Risk
14963.0,9,12,3123.57,2,VIP
14964.0,246,1,206.21,0,At-Risk
14965.0,95,2,596.09,0,At-Risk
14966.0,14,6,1064.26,3,Loyal
14967.0,49,6,1982.61,3,Loyal
14968.0,29,2,501.24,0,At-Risk
14969.0,703,1,906.23,1,Low-Value
14970.0,67,12,4919.35,2,VIP
14971.0,34,3,1097.98,3,Loyal
14972.0,127,2,145.07,0,At-Risk
14973.0,106,3,1314.45,3,Loyal
14974.0,36,1,89.94,0,At-Risk
14975.0,56,2,472.39,0,At-Risk
14976.0,56,7,790.86,3,Loyal
14977.0,725,1,31.929999999999996,1,Low-Value
14978.0,71,10,3112.19,3,Loyal
14979.0,734,1,429.66,1,Low-Value
14980.0,736,1,150.68,1,Low-Value
14981.0,245,2,372.92,0,At-Risk
14982.0,571,1,237.78,1,Low-Value
14983.0,688,1,183.2,1,Low-Value
14984.0,18,6,1260.51,3,Loyal
14985.0,197,2,292.01,0,At-Risk
14986.0,375,2,563.1,1,Low-Value
14987.0,15,8,1550.65,3,Loyal
14988.0,211,7,2038.65,3,Loyal
14989.0,661,1,342.4,1,Low-Value
14990.0,611,2,304.17,1,Low-Value
14991.0,429,1,314.67,1,Low-Value
14992.0,441,1,210.5,1,Low-Value
14993.0,563,1,36.13,1,Low-Value
14994.0,381,5,946.72,1,Low-Value
14995.0,38,2,231.98,0,At-Risk
14996.0,480,2,442.29,1,Low-Value
14997.0,45,4,776.5999999999999,3,Loyal
14998.0,169,4,753.18,3,Loyal
14999.0,592,1,129.48000000000002,1,Low-Value
15000.0,47,1,490.52,0,At-Risk
15001.0,393,2,199.11,1,Low-Value
15002.0,115,9,4138.08,3,Loyal
15003.0,472,6,1027.03,1,Low-Value
15004.0,146,1,1220.77,0,At-Risk
15005.0,15,56,13754.58,2,VIP
15006.0,50,2,757.78,0,At-Risk
15007.0,158,1,156.91,0,At-Risk
15008.0,479,2,360.0,1,Low-Value
15009.0,11,3,1259.43,3,Loyal
15010.0,35,1,308.94,0,At-Risk
15011.0,395,2,416.6,1,Low-Value
15012.0,53,3,646.26,0,At-Risk
15013.0,487,10,1610.82,3,Loyal
15014.0,42,2,257.67,0,At-Risk
15015.0,500,13,2354.97,3,Loyal
15016.0,172,5,620.89,3,Loyal
15017.0,33,1,125.58,0,At-Risk
15018.0,38,3,496.21,0,At-Risk
15019.0,266,1,252.81,0,At-Risk
15020.0,378,1,198.47,1,Low-Value
15021.0,8,12,2500.59,2,VIP
15022.0,11,5,1133.44,3,Loyal
15023.0,2,20,11578.65,2,VIP
15024.0,9,16,3559.39,2,VIP
15025.0,32,2,979.79,0,At-Risk
15026.0,79,5,1048.89,3,Loyal
15027.0,30,10,3195.6,3,Loyal
15028.0,7,6,962.94,3,Loyal
15029.0,619,1,365.1,1,Low-Value
15030.0,71,8,1979.91,3,Loyal
15031.0,3,14,3102.94,2,VIP
15032.0,255,8,11010.05,2,VIP
15033.0,4,10,2557.18,3,Loyal
15034.0,15,14,8231.2,2,VIP
15035.0,89,1,252.73,0,At-Risk
15036.0,71,3,429.56,0,At-Risk
15037.0,375,2,397.76,1,Low-Value
15038.0,58,9,1146.53,3,Loyal
15039.0,9,93,39141.48,2,VIP
15040.0,541,1,7.49,1,Low-Value
15041.0,169,2,289.4,0,At-Risk
15042.0,198,2,315.45,0,At-Risk
15043.0,30,6,2870.3199999999997,3,Loyal
15044.0,18,35,16024.15,2,VIP
15045.0,151,2,735.66,0,At-Risk
15046.0,8,25,7623.79,2,VIP
15047.0,269,1,343.62,0,At-Risk
15048.0,64,4,381.0,0,At-Risk
15049.0,273,1,121.17000000000002,0,At-Risk
15050.0,24,5,4087.19,3,Loyal
15051.0,22,9,3926.91,3,Loyal
15052.0,318,1,207.73,1,Low-Value
15053.0,4,3,693.95,0,At-Risk
15054.0,11,2,302.1,0,At-Risk
15055.0,474,3,549.12,1,Low-Value
15056.0,519,1,113.65,1,Low-Value
15057.0,274,5,3255.96,3,Loyal
15058.0,24,16,3387.58,2,VIP
15059.0,40,19,3491.2,2,VIP
15060.0,7,4,294.25,0,At-Risk
15061.0,3,127,126389.02,2,VIP
15062.0,70,8,2585.62,3,Loyal
15063.0,212,1,370.7999999999999,0,At-Risk
15064.0,409,4,1254.41,1,Low-Value
15065.0,37,5,3326.86,3,Loyal
15066.0,52,1,893.59,0,At-Risk
15067.0,77,5,3862.88,3,Loyal
15068.0,45,4,1174.9,3,Loyal
15069.0,178,1,1109.53,0,At-Risk
15070.0,372,3,737.05,1,Low-Value
15071.0,93,4,1455.56,3,Loyal
15072.0,478,1,187.52,1,Low-Value
15073.0,9,8,2788.02,3,Loyal
15074.0,104,3,1553.13,3,Loyal
15075.0,77,1,773.03,0,At-Risk
15076.0,172,3,1447.74,3,Loyal
15077.0,494,2,2428.08,1,Low-Value
15078.0,6,53,17286.73,2,VIP
15079.0,212,11,3625.4,3,Loyal
15080.0,427,2,546.25,1,Low-Value
15081.0,21,12,1854.57,3,Loyal
15082.0,668,1,93.35,1,Low-Value
15083.0,256,1,88.2,0,At-Risk
15084.0,379,2,965.2,1,Low-Value
15085.0,729,1,347.54,1,Low-Value
15086.0,564,2,218.53,1,Low-Value
15087.0,281,1,306.94,0,At-Risk
15088.0,20,2,1160.07,0,At-Risk
15089.0,9,6,2420.84,3,Loyal
15090.0,307,1,381.32,1,Low-Value
15091.0,67,3,1046.61,3,Loyal
15092.0,214,3,776.46,0,At-Risk
15093.0,17,23,13702.38,2,VIP
15094.0,462,2,83.0,1,Low-Value
15095.0,103,10,3141.64,3,Loyal
15096.0,42,1,219.39,0,At-Risk
15097.0,3,3,908.35,3,Loyal
15098.0,181,3,39916.5,3,Loyal
15099.0,83,1,410.48,0,At-Risk
15100.0,333,7,2193.8999999999996,3,Loyal
15101.0,8,6,1477.94,3,Loyal
15102.0,530,2,554.67,1,Low-Value
15103.0,30,2,703.36,0,At-Risk
15104.0,196,2,993.54,0,At-Risk
15105.0,17,9,3094.91,3,Loyal
15106.0,17,5,1422.52,3,Loyal
15107.0,310,9,824.35,3,Loyal
15108.0,141,4,1300.25,3,Loyal
15109.0,245,3,983.1,3,Loyal
15110.0,23,6,1505.85,3,Loyal
15111.0,28,5,2442.37,3,Loyal
15112.0,610,1,209.4,1,Low-Value
15113.0,9,3,3509.43,3,Loyal
15114.0,29,12,3400.12,2,VIP
15115.0,17,2,531.85,0,At-Risk
15116.0,17,4,1352.75,3,Loyal
15117.0,14,8,2485.97,3,Loyal
15118.0,133,1,244.8,0,At-Risk
15119.0,245,1,266.4,0,At-Risk
15120.0,133,1,358.82,0,At-Risk
15121.0,49,2,457.72,0,At-Risk
15122.0,113,11,4487.27,2,VIP
15123.0,6,5,4656.17,3,Loyal
15124.0,22,4,450.82,0,At-Risk
15125.0,24,24,17024.87,2,VIP
15126.0,536,2,449.49,1,Low-Value
15127.0,65,2,711.5,0,At-Risk
15128.0,59,5,1783.68,3,Loyal
15129.0,49,23,6860.18,2,VIP
15130.0,169,1,330.11,0,At-Risk
15131.0,394,1,80.28,1,Low-Value
15132.0,17,5,977.93,3,Loyal
15133.0,127,5,1806.9,3,Loyal
15134.0,14,10,1596.29,3,Loyal
15135.0,238,2,305.68,0,At-Risk
15136.0,2,4,1286.7,3,Loyal
15137.0,520,2,823.4,1,Low-Value
15138.0,393,1,502.52,1,Low-Value
15139.0,239,2,178.96,0,At-Risk
15140.0,51,8,3243.69,3,Loyal
15141.0,457,7,1388.47,3,Loyal
15142.0,45,6,2619.92,3,Loyal
15143.0,225,2,563.63,0,At-Risk
15144.0,7,29,12160.31,2,VIP
15145.0,3,4,1194.73,3,Loyal
15146.0,164,2,1327.16,0,At-Risk
15147.0,239,1,623.5,0,At-Risk
15148.0,10,1,301.29,0,At-Risk
15149.0,133,5,1554.61,3,Loyal
15150.0,16,13,8977.94,2,VIP
15151.0,422,2,2085.61,1,Low-Value
15152.0,9,14,5263.83,2,VIP
15153.0,30,1,329.25,0,At-Risk
15154.0,74,3,1343.72,3,Loyal
15155.0,382,1,383.97,1,Low-Value
15156.0,0,3,961.49,3,Loyal
15157.0,3,5,2654.11,3,Loyal
15158.0,44,2,606.02,0,At-Risk
15159.0,1,34,22116.73,2,VIP
15160.0,356,4,589.27,1,Low-Value
15161.0,387,1,119.92,1,Low-Value
15162.0,730,1,312.9,1,Low-Value
15163.0,17,2,304.47,0,At-Risk
15164.0,68,9,2028.11,3,Loyal
15165.0,372,1,487.75,1,Low-Value
15166.0,467,1,167.16,1,Low-Value
15167.0,320,5,1627.62,3,Loyal
15168.0,25,1,106.56,0,At-Risk
15169.0,381,2,569.22,1,Low-Value
15170.0,406,1,81.15,1,Low-Value
15171.0,330,1,1289.5,1,Low-Value
15172.0,8,5,1624.05,3,Loyal
15173.0,380,7,1494.6,3,Loyal
15174.0,322,2,481.46,1,Low-Value
15175.0,71,1,224.14,0,At-Risk
15176.0,667,1,988.04,1,Low-Value
15177.0,425,1,948.93,1,Low-Value
15178.0,259,1,40.5,0,At-Risk
15179.0,17,13,7491.92,2,VIP
15180.0,366,3,816.9300000000001,1,Low-Value
15181.0,65,5,1200.2,3,Loyal
15182.0,153,11,2998.952,3,Loyal
15183.0,547,3,639.93,1,Low-Value
15184.0,28,4,685.39,3,Loyal
15185.0,69,1,310.62,0,At-Risk
15186.0,13,5,1403.2,3,Loyal
15187.0,1,16,4777.18,2,VIP
15188.0,724,1,310.43,1,Low-Value
15189.0,0,46,17524.38,2,VIP
15190.0,433,1,834.4399999999999,1,Low-Value
15191.0,462,3,588.05,1,Low-Value
15192.0,119,5,1666.39,3,Loyal
15193.0,60,1,499.32,0,At-Risk
15194.0,2,28,12021.53,2,VIP
15195.0,2,1,3861.0,3,Loyal
15196.0,432,2,313.7,1,Low-Value
15197.0,10,6,1877.51,3,Loyal
15198.0,91,5,571.35,3,Loyal
15199.0,58,10,3122.4,3,Loyal
15200.0,494,1,549.05,1,Low-Value
15201.0,86,7,1842.95,3,Loyal
15202.0,419,3,6001.49,3,Loyal
15203.0,25,15,4400.18,2,VIP
15204.0,356,1,316.58,1,Low-Value
15205.0,84,2,653.24,0,At-Risk
15206.0,9,4,420.3,0,At-Risk
15207.0,415,3,683.92,1,Low-Value
15208.0,0,6,970.52,3,Loyal
15209.0,729,1,178.98000000000002,1,Low-Value
15210.0,224,3,1176.19,3,Loyal
15211.0,59,2,894.4100000000001,0,At-Risk
15212.0,240,2,208.28,0,At-Risk
15213.0,318,2,328.35,1,Low-Value
15214.0,1,8,1661.44,3,Loyal
15215.0,46,7,2422.43,3,Loyal
15216.0,87,2,486.09,0,At-Risk
15217.0,562,1,426.24,1,Low-Value
15218.0,10,22,11468.83,2,VIP
15219.0,175,2,685.45,0,At-Risk
15220.0,51,6,1778.96,3,Loyal
15221.0,365,4,2062.2,3,Loyal
15222.0,318,11,3550.91,3,Loyal
15223.0,225,5,1417.95,3,Loyal
15224.0,357,5,871.36,3,Loyal
15225.0,233,1,409.4,0,At-Risk
15226.0,310,1,154.41,1,Low-Value
15227.0,36,9,2488.49,3,Loyal
15228.0,65,6,5580.2699999999995,3,Loyal
15229.0,585,1,160.5,1,Low-Value
15230.0,238,2,429.6,0,At-Risk
15231.0,620,1,250.26,1,Low-Value
15232.0,112,2,612.06,0,At-Risk
15233.0,400,1,59.400000000000006,1,Low-Value
15234.0,276,1,197.0,0,At-Risk
15235.0,217,16,2772.76,2,VIP
15236.0,298,1,321.05,1,Low-Value
15237.0,1,4,1412.32,3,Loyal
15238.0,28,3,1071.99,3,Loyal
15239.0,9,2,780.59,0,At-Risk
15240.0,44,12,4459.98,2,VIP
15241.0,66,11,3050.16,3,Loyal
15242.0,421,1,302.04,1,Low-Value
15243.0,73,2,927.28,0,At-Risk
15244.0,64,3,912.08,3,Loyal
15245.0,133,8,4610.84,3,Loyal
15246.0,237,3,780.4,0,At-Risk
15247.0,121,3,976.06,3,Loyal
15248.0,410,3,1893.93,1,Low-Value
15249.0,31,18,9266.0,2,VIP
15250.0,640,1,60.0,1,Low-Value
15251.0,8,21,20324.54,2,VIP
15252.0,35,5,2103.41,3,Loyal
15253.0,15,8,2055.09,3,Loyal
15254.0,126,3,1088.35,3,Loyal
15255.0,66,9,3706.02,3,Loyal
15256.0,148,2,170.4,0,At-Risk
15257.0,282,2,685.9,0,At-Risk
15258.0,168,2,623.16,0,At-Risk
15259.0,512,4,1182.38,1,Low-Value
15260.0,99,25,8767.73,2,VIP
15261.0,134,4,1508.0,3,Loyal
15262.0,323,3,418.82,1,Low-Value
15263.0,106,1,156.51,0,At-Risk
15264.0,63,2,848.4,0,At-Risk
15265.0,150,4,3345.64,3,Loyal
15266.0,337,5,852.21,3,Loyal
15267.0,21,5,1717.36,3,Loyal
15268.0,478,3,961.9,1,Low-Value
15269.0,23,3,1225.36,3,Loyal
15270.0,15,21,8524.86,2,VIP
15271.0,6,24,4528.54,2,VIP
15272.0,56,6,2030.95,3,Loyal
15273.0,599,1,228.96,1,Low-Value
15274.0,3,2,716.57,0,At-Risk
15275.0,37,1,615.14,0,At-Risk
15276.0,65,4,619.8,3,Loyal
15277.0,46,2,476.34,0,At-Risk
15278.0,561,4,496.16,1,Low-Value
15279.0,354,5,1580.54,3,Loyal
15280.0,171,3,397.52,0,At-Risk
15281.0,58,16,8543.57,2,VIP
15282.0,569,1,348.59,1,Low-Value
15283.0,389,3,148.32999999999998,1,Low-Value
15284.0,499,1,24.75,1,Low-Value
15285.0,407,1,94.92,1,Low-Value
15286.0,49,1,240.55,0,At-Risk
15287.0,21,5,856.03,3,Loyal
15288.0,42,10,3715.38,2,VIP
15289.0,28,5,1593.09,3,Loyal
15290.0,4,26,10496.28,2,VIP
15291.0,25,40,13517.76,2,VIP
15292.0,200,1,178.39,0,At-Risk
15293.0,665,1,247.5,1,Low-Value
15294.0,410,1,233.35,1,Low-Value
15295.0,653,1,207.04,1,Low-Value
15296.0,50,12,10323.03,2,VIP
15297.0,9,3,641.94,0,At-Risk
15298.0,1,23,9061.77,2,VIP
15299.0,66,10,6156.53,2,VIP
15300.0,63,1,496.44,0,At-Risk
15301.0,50,17,6909.67,2,VIP
15302.0,729,1,308.0,1,Low-Value
15303.0,289,3,1224.18,3,Loyal
15304.0,60,9,796.4,3,Loyal
15305.0,554,1,93.6,1,Low-Value
15306.0,63,9,3484.73,3,Loyal
15307.0,95,1,205.3,0,At-Risk
15308.0,273,1,310.47,0,At-Risk
15309.0,610,4,797.96,1,Low-Value
15310.0,478,1,1634.64,1,Low-Value
15311.0,0,208,114966.42,2,VIP
15312.0,74,12,2930.19,2,VIP
15313.0,109,1,52.0,0,At-Risk
15314.0,198,3,820.4499999999999,0,At-Risk
15315.0,63,2,570.5,0,At-Risk
15316.0,326,1,165.0,1,Low-Value
15317.0,676,1,129.75,1,Low-Value
15318.0,3,1,312.62,0,At-Risk
15319.0,283,1,204.5,0,At-Risk
15320.0,43,1,267.13,0,At-Risk
15321.0,70,12,6709.7300000000005,2,VIP
15322.0,85,2,1390.86,3,Loyal
15323.0,562,3,434.6,1,Low-Value
15324.0,700,1,140.22000000000003,1,Low-Value
15325.0,103,8,1601.46,3,Loyal
15326.0,333,5,1700.52,3,Loyal
15327.0,52,1,208.75,0,At-Risk
15328.0,407,1,107.24,1,Low-Value
15329.0,38,11,2958.83,3,Loyal
15330.0,31,2,714.9599999999999,0,At-Risk
15331.0,499,3,767.91,1,Low-Value
15332.0,365,6,4892.68,3,Loyal
15333.0,207,1,1028.56,0,At-Risk
15334.0,156,3,350.82,0,At-Risk
15335.0,53,1,170.22,0,At-Risk
15336.0,401,1,240.5,1,Low-Value
15337.0,410,1,373.02,1,Low-Value
15338.0,676,1,277.93,1,Low-Value
15339.0,65,7,1821.02,3,Loyal
15340.0,561,1,105.5,1,Low-Value
15341.0,80,2,2402.72,3,Loyal
15342.0,129,1,406.09,0,At-Risk
15343.0,86,1,364.5,0,At-Risk
15344.0,0,3,563.94,0,At-Risk
15345.0,45,1,393.54,0,At-Risk
15346.0,332,3,596.12,1,Low-Value
15347.0,365,4,1162.0,3,Loyal
15348.0,71,1,158.04,0,At-Risk
15349.0,157,2,463.91,0,At-Risk
15350.0,372,2,547.6,1,Low-Value
15351.0,11,10,3430.22,3,Loyal
15352.0,548,1,111.15,1,Low-Value
15353.0,254,7,2794.47,3,Loyal
15354.0,602,3,284.4,1,Low-Value
15355.0,28,2,277.05,0,At-Risk
15356.0,30,13,3239.57,2,VIP
15358.0,4,42,16425.86,2,VIP
15359.0,662,8,181.35,1,Low-Value
15360.0,39,1,427.93,0,At-Risk
15361.0,361,4,689.07,1,Low-Value
15362.0,448,2,613.08,1,Low-Value
15363.0,372,2,678.11,1,Low-Value
15364.0,95,2,913.19,0,At-Risk
15365.0,25,13,4557.13,2,VIP
15366.0,74,7,2389.08,3,Loyal
15367.0,56,11,5081.33,2,VIP
15368.0,20,2,722.74,0,At-Risk
15369.0,491,11,6251.26,3,Loyal
15370.0,40,8,3739.01,3,Loyal
15371.0,661,1,59.400000000000006,1,Low-Value
15372.0,136,8,6017.0599999999995,3,Loyal
15373.0,7,17,3084.54,2,VIP
15374.0,128,2,307.32,0,At-Risk
15375.0,689,1,60.959999999999994,1,Low-Value
15376.0,39,3,1221.56,3,Loyal
15377.0,382,4,1211.75,1,Low-Value
15378.0,462,2,246.5,1,Low-Value
15379.0,168,8,4877.84,3,Loyal
15380.0,8,11,3248.96,2,VIP
15381.0,213,5,1890.57,3,Loyal
15382.0,14,12,13733.55,2,VIP
15384.0,169,4,2027.79,3,Loyal
15385.0,39,3,942.08,3,Loyal
15386.0,185,1,394.14,0,At-Risk
15387.0,491,1,468.65,1,Low-Value
15388.0,269,1,140.54,0,At-Risk
15389.0,171,5,2733.8,3,Loyal
15390.0,395,2,1216.66,1,Low-Value
15391.0,583,1,289.87,1,Low-Value
15392.0,4,7,2911.62,3,Loyal
15393.0,15,5,891.34,3,Loyal
15394.0,9,11,5286.8,2,VIP
15395.0,325,1,107.45,1,Low-Value
15396.0,112,2,796.38,0,At-Risk
15397.0,289,1,94.0,1,Low-Value
15398.0,15,2,1345.53,0,At-Risk
15399.0,0,3,815.77,0,At-Risk
15400.0,91,8,1302.3,3,Loyal
15401.0,451,2,216.95,1,Low-Value
15402.0,148,6,1830.54,3,Loyal
15403.0,491,2,170.88,1,Low-Value
15404.0,375,1,257.06,1,Low-Value
15405.0,188,2,659.84,0,At-Risk
15406.0,30,4,975.87,3,Loyal
15407.0,33,4,1046.74,3,Loyal
15408.0,263,1,267.18,0,At-Risk
15409.0,720,1,131.25,1,Low-Value
15410.0,83,10,4685.72,2,VIP
15411.0,25,4,1348.93,3,Loyal
15412.0,170,1,190.53,0,At-Risk
15413.0,691,5,6798.72,1,Low-Value
15414.0,9,3,774.9,0,At-Risk
15415.0,312,1,559.61,1,Low-Value
15416.0,64,7,4572.82,3,Loyal
15417.0,84,1,508.8,0,At-Risk
15418.0,424,2,449.42,1,Low-Value
15419.0,24,1,135.86,0,At-Risk
15420.0,433,6,743.0,1,Low-Value
15421.0,58,10,3805.34,2,VIP
15422.0,322,7,1619.97,3,Loyal
15423.0,37,3,266.89,0,At-Risk
15424.0,253,3,597.78,0,At-Risk
15425.0,399,4,1941.12,3,Loyal
15426.0,18,9,2156.35,3,Loyal
15427.0,32,3,1430.54,3,Loyal
15428.0,14,4,762.75,3,Loyal
15429.0,26,2,397.35,0,At-Risk
15430.0,467,2,954.75,1,Low-Value
15431.0,502,1,153.24,1,Low-Value
15432.0,22,2,320.76,0,At-Risk
15433.0,213,2,533.3,0,At-Risk
15434.0,7,11,2567.06,3,Loyal
15435.0,21,1,149.29,0,At-Risk
15436.0,11,3,1067.75,3,Loyal
15437.0,261,2,393.45,0,At-Risk
15438.0,130,1,156.57999999999998,0,At-Risk
15439.0,404,4,1269.05,1,Low-Value
15440.0,54,3,383.68,0,At-Risk
15441.0,395,3,1254.21,1,Low-Value
15442.0,248,1,594.0,0,At-Risk
15443.0,1,14,5114.2300000000005,2,VIP
15444.0,8,2,1411.21,3,Loyal
15445.0,263,2,284.5,0,At-Risk
15446.0,376,3,399.75,1,Low-Value
15447.0,330,5,492.88,1,Low-Value
15448.0,312,2,788.81,1,Low-Value
15449.0,25,3,974.52,3,Loyal
15450.0,29,1,429.84,0,At-Risk
15451.0,433,2,226.86,1,Low-Value
15452.0,29,6,1785.11,3,Loyal
15453.0,1,7,1371.77,3,Loyal
15454.0,361,2,305.99,1,Low-Value
15455.0,597,1,38.25,1,Low-Value
15456.0,282,10,2091.52,3,Loyal
15457.0,261,1,237.07,0,At-Risk
15458.0,24,2,370.44,0,At-Risk
15459.0,416,2,202.83,1,Low-Value
15460.0,353,1,214.26,1,Low-Value
15461.0,460,2,429.7,1,Low-Value
15462.0,93,4,737.05,3,Loyal
15463.0,28,1,126.14,0,At-Risk
15464.0,337,1,1044.65,1,Low-Value
15465.0,19,32,12100.4,2,VIP
15466.0,84,4,1560.46,3,Loyal
15467.0,8,3,524.88,0,At-Risk
15468.0,50,3,1430.48,3,Loyal
15469.0,49,3,874.25,3,Loyal
15470.0,575,1,63.419999999999995,1,Low-Value
15471.0,1,3,1292.01,3,Loyal
15472.0,112,1,371.56,0,At-Risk
15473.0,13,8,2046.0,3,Loyal
15474.0,595,1,150.35,1,Low-Value
15475.0,76,1,454.11,0,At-Risk
15476.0,379,4,2209.98,3,Loyal
15477.0,649,1,368.4,1,Low-Value
15478.0,39,3,1983.48,3,Loyal
15479.0,732,1,147.4,1,Low-Value
15480.0,115,5,6279.0,3,Loyal
15481.0,400,1,1993.34,1,Low-Value
15482.0,15,19,14417.36,2,VIP
15483.0,160,10,817.82,3,Loyal
15484.0,0,6,4652.1,3,Loyal
15485.0,29,7,4810.92,3,Loyal
15486.0,526,1,102.0,1,Low-Value
15487.0,679,1,231.32,1,Low-Value
15488.0,92,5,431.92,0,At-Risk
15489.0,22,8,2419.61,3,Loyal
15490.0,429,1,210.85,1,Low-Value
15491.0,94,6,3100.09,3,Loyal
15492.0,27,2,659.4599999999999,0,At-Risk
15493.0,32,9,4121.68,3,Loyal
15494.0,20,5,3702.6,3,Loyal
15495.0,378,1,246.5,1,Low-Value
15496.0,630,1,146.14,1,Low-Value
15497.0,17,9,8657.39,2,VIP
15498.0,2,44,24972.86,2,VIP
15499.0,723,1,158.65,1,Low-Value
15500.0,7,4,1131.56,3,Loyal
15501.0,404,2,399.95,1,Low-Value
15502.0,15,14,13003.87,2,VIP
15503.0,362,2,257.3,1,Low-Value
15504.0,80,4,402.7,0,At-Risk
15505.0,52,5,3610.96,3,Loyal
15506.0,22,6,2030.33,3,Loyal
15507.0,171,1,475.86,0,At-Risk
15508.0,188,6,1000.27,3,Loyal
15509.0,379,1,152.41,1,Low-Value
15510.0,330,1,250.0,1,Low-Value
15511.0,11,5,900.53,3,Loyal
15512.0,155,4,331.58,0,At-Risk
15513.0,32,35,26437.05,2,VIP
15514.0,11,18,6392.06,2,VIP
15515.0,386,1,171.81,1,Low-Value
15516.0,44,3,62.43,0,At-Risk
15517.0,232,1,267.03,0,At-Risk
15518.0,63,15,4189.99,2,VIP
15519.0,382,2,344.61,1,Low-Value
15520.0,1,1,343.5,0,At-Risk
15521.0,39,16,7098.24,2,VIP
15522.0,32,2,397.99,0,At-Risk
15523.0,83,16,17259.19,2,VIP
15524.0,24,2,591.4,0,At-Risk
15525.0,1,4,890.22,3,Loyal
15526.0,32,2,148.44,0,At-Risk
15527.0,18,23,5554.89,2,VIP
15528.0,253,1,229.33,0,At-Risk
15529.0,22,12,4783.66,2,VIP
15530.0,21,5,1808.68,3,Loyal
15531.0,7,2,1972.39,3,Loyal
15532.0,24,10,3738.85,2,VIP
15533.0,18,3,807.57,0,At-Risk
15534.0,725,1,162.25,1,Low-Value
15535.0,172,6,1044.37,3,Loyal
15536.0,408,1,259.09,1,Low-Value
15537.0,162,1,110.92,0,At-Risk
15538.0,537,6,3358.4,1,Low-Value
15539.0,6,1,538.46,0,At-Risk
15540.0,10,2,460.68,0,At-Risk
15541.0,113,1,85.13000000000001,0,At-Risk
15542.0,511,3,855.71,1,Low-Value
15543.0,287,2,242.26,0,At-Risk
15544.0,8,20,7807.89,2,VIP
15545.0,53,2,288.96999999999997,0,At-Risk
15546.0,606,2,1079.1,1,Low-Value
15547.0,6,26,10057.05,2,VIP
15548.0,595,1,158.09,1,Low-Value
15549.0,76,8,2334.16,3,Loyal
15550.0,3,12,2211.05,3,Loyal
15551.0,36,7,1679.81,3,Loyal
15552.0,216,2,252.52,0,At-Risk
15553.0,59,1,428.93,0,At-Risk
15554.0,277,1,217.2,0,At-Risk
15555.0,11,36,11243.91,2,VIP
15556.0,23,1,279.77,0,At-Risk
15557.0,28,1,468.91,0,At-Risk
15558.0,638,1,202.68,1,Low-Value
15559.0,567,1,1109.4,1,Low-Value
15560.0,397,2,153.52,1,Low-Value
15561.0,11,8,1934.39,3,Loyal
15562.0,351,3,671.4300000000001,1,Low-Value
15563.0,21,7,2859.46,3,Loyal
15564.0,462,2,70.74000000000001,1,Low-Value
15565.0,49,2,173.16000000000005,0,At-Risk
15566.0,392,2,227.87,1,Low-Value
15567.0,18,1,186.01,0,At-Risk
15568.0,2,3,758.29,0,At-Risk
15569.0,103,10,3583.45,3,Loyal
15570.0,6,25,8736.49,2,VIP
15571.0,11,14,3892.35,2,VIP
15572.0,4,10,3965.2,2,VIP
15573.0,31,5,1188.42,3,Loyal
15574.0,177,6,1101.44,3,Loyal
15575.0,619,1,30.1,1,Low-Value
15576.0,37,1,921.37,0,At-Risk
15577.0,150,5,396.03,0,At-Risk
15578.0,161,1,127.1,0,At-Risk
15579.0,68,5,1250.63,3,Loyal
15580.0,376,8,1375.39,3,Loyal
15581.0,120,38,7480.4,2,VIP
15582.0,24,3,682.9100000000001,0,At-Risk
15583.0,375,1,95.96,1,Low-Value
15584.0,23,6,1268.2,3,Loyal
15585.0,176,1,455.3,0,At-Risk
15586.0,592,3,1139.1,1,Low-Value
15587.0,49,7,1522.08,3,Loyal
15588.0,677,1,579.6,1,Low-Value
15589.0,255,3,478.53,0,At-Risk
15590.0,381,5,1496.6,3,Loyal
15591.0,582,3,217.9,1,Low-Value
15592.0,46,1,388.58,0,At-Risk
15593.0,70,1,199.8,0,At-Risk
15594.0,15,5,1771.78,3,Loyal
15595.0,487,1,357.59999999999997,1,Low-Value
15596.0,100,9,2727.72,3,Loyal
15597.0,34,2,563.37,0,At-Risk
15598.0,52,2,548.02,0,At-Risk
15599.0,26,3,1250.06,3,Loyal
15600.0,427,4,1199.31,1,Low-Value
15601.0,10,30,14191.74,2,VIP
15602.0,7,16,3137.96,2,VIP
15603.0,78,2,88.48,0,At-Risk
15604.0,51,1,216.39,0,At-Risk
15605.0,35,9,1741.95,3,Loyal
15606.0,60,17,5230.99,2,VIP
15607.0,336,9,1708.97,3,Loyal
15608.0,27,5,1785.98,3,Loyal
15609.0,183,1,298.48,0,At-Risk
15610.0,51,1,112.46,0,At-Risk
15611.0,9,26,2997.28,2,VIP
15612.0,35,2,195.15,0,At-Risk
15613.0,609,1,433.72,1,Low-Value
15614.0,437,4,3147.36,3,Loyal
15615.0,9,47,21373.97,2,VIP
15616.0,437,1,317.11,1,Low-Value
15617.0,395,3,828.5500000000001,1,Low-Value
15618.0,32,4,776.851,3,Loyal
15619.0,10,1,336.4,0,At-Risk
15620.0,56,4,1942.36,3,Loyal
15621.0,3,4,1293.03,3,Loyal
15622.0,42,17,7852.61,2,VIP
15623.0,140,8,2437.05,3,Loyal
15624.0,116,4,588.13,0,At-Risk
15625.0,103,9,3236.4,3,Loyal
15626.0,74,3,1067.52,3,Loyal
15627.0,456,2,566.9,1,Low-Value
15628.0,4,17,5333.08,2,VIP
15629.0,449,4,2240.9,1,Low-Value
15630.0,44,3,1481.4,3,Loyal
15631.0,641,1,596.67,1,Low-Value
15632.0,15,8,3285.31,3,Loyal
15633.0,508,13,4335.96,3,Loyal
15634.0,16,2,554.65,0,At-Risk
15635.0,395,1,100.35,1,Low-Value
15636.0,89,4,1444.58,3,Loyal
15637.0,52,5,797.59,3,Loyal
15638.0,378,6,2265.2,3,Loyal
15639.0,133,3,1065.08,3,Loyal
15640.0,3,29,23494.31,2,VIP
15641.0,104,12,5345.55,2,VIP
15642.0,729,1,105.78,1,Low-Value
15643.0,191,3,664.0,0,At-Risk
15644.0,165,4,803.54,3,Loyal
15645.0,18,3,1055.17,3,Loyal
15646.0,157,5,784.8100000000001,3,Loyal
15647.0,414,1,169.0,1,Low-Value
15648.0,203,2,639.5,0,At-Risk
15649.0,335,4,1660.35,3,Loyal
15650.0,521,2,553.88,1,Low-Value
15651.0,36,5,1259.06,3,Loyal
15652.0,90,5,1405.94,3,Loyal
15653.0,92,2,877.44,0,At-Risk
15654.0,8,2,922.53,0,At-Risk
15655.0,242,1,560.6700000000001,0,At-Risk
15656.0,44,4,748.5,3,Loyal
15657.0,22,1,30.0,0,At-Risk
15658.0,189,8,2117.27,3,Loyal
15659.0,43,3,532.49,0,At-Risk
15660.0,24,15,2603.69,2,VIP
15661.0,316,8,1215.95,3,Loyal
15662.0,660,2,283.73,1,Low-Value
15663.0,105,1,138.14,0,At-Risk
15664.0,50,4,1254.03,3,Loyal
15665.0,167,5,3987.07,3,Loyal
15666.0,471,2,632.94,1,Low-Value
15667.0,39,1,301.32,0,At-Risk
15668.0,217,1,76.32000000000001,0,At-Risk
15669.0,39,4,684.34,3,Loyal
15670.0,296,2,325.2,0,At-Risk
15671.0,18,7,2657.13,3,Loyal
15672.0,724,1,45.3,1,Low-Value
15673.0,87,9,6204.32,2,VIP
15674.0,72,13,6948.2300000000005,2,VIP
15675.0,80,4,542.04,0,At-Risk
15676.0,18,3,3435.76,3,Loyal
15677.0,48,3,1305.63,3,Loyal
15678.0,52,3,1825.94,3,Loyal
15679.0,23,4,781.28,3,Loyal
15680.0,8,10,4028.69,2,VIP
15681.0,24,14,2989.7,2,VIP
15682.0,598,2,318.24,1,Low-Value
15683.0,116,2,524.54,0,At-Risk
15684.0,546,3,173.95,1,Low-Value
15685.0,449,1,55.98,1,Low-Value
15686.0,419,1,90.0,1,Low-Value
15687.0,8,9,2993.1,3,Loyal
15688.0,418,1,190.57,1,Low-Value
15689.0,119,3,521.03,0,At-Risk
15690.0,3,2,239.76,0,At-Risk
15691.0,251,4,571.3,0,At-Risk
15692.0,27,1,191.04,0,At-Risk
15693.0,658,1,37.5,1,Low-Value
15694.0,0,24,9978.48,2,VIP
15695.0,266,4,1131.04,3,Loyal
15696.0,32,13,3881.22,2,VIP
15697.0,689,1,246.75,1,Low-Value
15698.0,623,1,46.2,1,Low-Value
15699.0,17,1,309.65,0,At-Risk
15700.0,171,2,696.68,0,At-Risk
15701.0,1,4,1529.0,3,Loyal
15702.0,475,2,140.39,1,Low-Value
15703.0,264,1,211.5,0,At-Risk
15704.0,139,6,3734.66,3,Loyal
15705.0,200,1,143.1,0,At-Risk
15706.0,63,4,1060.56,3,Loyal
15707.0,34,4,916.98,3,Loyal
15708.0,40,9,3887.15,3,Loyal
15709.0,283,2,327.85,0,At-Risk
15710.0,416,1,898.87,1,Low-Value
15711.0,556,2,420.25,1,Low-Value
15712.0,8,12,3472.41,2,VIP
15713.0,142,4,839.64,3,Loyal
15714.0,11,5,783.96,3,Loyal
15715.0,555,5,658.02,1,Low-Value
15716.0,145,11,2485.26,3,Loyal
15717.0,233,5,607.0,3,Loyal
15718.0,539,1,293.79,1,Low-Value
15719.0,32,31,10195.97,2,VIP
15720.0,23,2,739.22,0,At-Risk
15721.0,11,1,471.4,0,At-Risk
15722.0,35,11,5234.0,2,VIP
15723.0,364,4,930.7,1,Low-Value
15724.0,200,3,310.85,0,At-Risk
15725.0,14,1,415.25,0,At-Risk
15726.0,389,1,321.91,1,Low-Value
15727.0,16,15,9371.71,2,VIP
15728.0,379,2,544.6,1,Low-Value
15729.0,212,3,192.55,0,At-Risk
15730.0,65,5,1726.58,3,Loyal
15731.0,553,1,125.3,1,Low-Value
15732.0,211,10,1543.97,3,Loyal
15733.0,282,1,162.3,0,At-Risk
15734.0,114,4,2263.3,3,Loyal
15735.0,420,1,327.68,1,Low-Value
15736.0,434,2,1767.12,1,Low-Value
15737.0,14,8,1188.12,3,Loyal
15738.0,18,41,13043.32,2,VIP
15739.0,65,1,449.12,0,At-Risk
15740.0,48,1,154.88,0,At-Risk
15741.0,457,2,208.62,1,Low-Value
15742.0,618,1,156.87,1,Low-Value
15743.0,15,4,775.96,3,Loyal
15744.0,77,1,34.8,0,At-Risk
15745.0,18,4,1094.59,3,Loyal
15746.0,133,1,196.88,0,At-Risk
15747.0,12,9,2499.81,3,Loyal
15748.0,39,3,609.81,0,At-Risk
15749.0,234,3,44534.3,3,Loyal
15750.0,2,18,6452.991,2,VIP
15751.0,460,11,1380.44,3,Loyal
15752.0,39,9,3924.91,3,Loyal
15753.0,304,1,79.2,1,Low-Value
15754.0,50,9,3037.61,3,Loyal
15755.0,9,17,5993.12,2,VIP
15756.0,60,4,528.01,0,At-Risk
15757.0,65,6,2940.36,3,Loyal
15758.0,24,1,205.25,0,At-Risk
15759.0,217,7,830.9300000000001,3,Loyal
15760.0,630,2,13916.34,1,Low-Value
15761.0,442,1,143.05,1,Low-Value
15762.0,64,2,583.75,0,At-Risk
15763.0,31,2,1086.92,0,At-Risk
15764.0,87,8,4503.08,3,Loyal
15765.0,666,1,370.63,1,Low-Value
15766.0,63,3,831.0600000000001,0,At-Risk
15768.0,115,34,15308.89,2,VIP
15769.0,6,46,88612.52,2,VIP
15770.0,612,1,321.45,1,Low-Value
15771.0,603,3,1006.54,1,Low-Value
15772.0,417,1,280.88,1,Low-Value
15773.0,5,2,774.52,0,At-Risk
15774.0,68,6,1288.34,3,Loyal
15775.0,244,2,150.5,0,At-Risk
15776.0,132,1,241.62,0,At-Risk
15777.0,240,7,1762.61,3,Loyal
15778.0,430,1,307.95,1,Low-Value
15779.0,462,2,124.08,1,Low-Value
15780.0,183,3,475.28,0,At-Risk
15781.0,24,3,345.46,0,At-Risk
15782.0,9,4,4014.1,3,Loyal
15783.0,10,1,246.3,0,At-Risk
15784.0,467,2,848.33,1,Low-Value
15785.0,32,16,5969.93,2,VIP
15786.0,45,5,8501.62,3,Loyal
15787.0,25,3,933.26,3,Loyal
15788.0,508,1,221.83,1,Low-Value
15789.0,357,6,1962.01,3,Loyal
15790.0,9,1,218.75,0,At-Risk
15791.0,43,5,3608.34,3,Loyal
15792.0,399,2,933.84,1,Low-Value
15793.0,14,8,2399.57,3,Loyal
15794.0,735,2,777.0,1,Low-Value
15795.0,149,8,1979.87,3,Loyal
15796.0,0,17,5171.63,2,VIP
15797.0,112,6,2821.08,3,Loyal
15798.0,492,3,1535.37,1,Low-Value
15799.0,75,4,1421.34,3,Loyal
15800.0,106,7,1227.07,3,Loyal
15801.0,45,3,1063.95,3,Loyal
15802.0,142,1,451.42,0,At-Risk
15803.0,50,4,1929.66,3,Loyal
15804.0,0,13,4206.39,2,VIP
15805.0,22,30,10148.93,2,VIP
15806.0,45,3,784.58,0,At-Risk
15807.0,49,5,1817.52,3,Loyal
15808.0,305,21,17180.25,2,VIP
15809.0,35,7,1274.44,3,Loyal
15810.0,78,8,2999.04,3,Loyal
15811.0,21,7,3486.15,3,Loyal
15812.0,106,12,5201.47,2,VIP
15813.0,207,2,1303.91,0,At-Risk
15814.0,16,6,2634.44,3,Loyal
15815.0,63,5,2100.6,3,Loyal
15816.0,541,2,144.14999999999998,1,Low-Value
15817.0,420,3,2766.4,1,Low-Value
15818.0,587,1,340.5,1,Low-Value
15819.0,48,10,3934.79,2,VIP
15820.0,319,1,206.98,1,Low-Value
15821.0,43,2,570.96,0,At-Risk
15822.0,2,6,1840.06,3,Loyal
15823.0,371,3,3882.17,3,Loyal
15824.0,452,2,890.94,1,Low-Value
15825.0,171,1,532.94,0,At-Risk
15826.0,55,4,2598.28,3,Loyal
15827.0,72,28,3603.14,2,VIP
15828.0,374,1,1108.82,1,Low-Value
15829.0,98,2,636.14,0,At-Risk
15830.0,37,1,576.0,0,At-Risk
15831.0,57,3,794.64,0,At-Risk
15832.0,253,1,836.79,0,At-Risk
15833.0,737,1,80.4,1,Low-Value
15834.0,69,7,3764.39,3,Loyal
15835.0,43,4,954.09,3,Loyal
15836.0,49,1,137.37,0,At-Risk
15837.0,64,2,777.01,0,At-Risk
15838.0,10,34,73205.5,2,VIP
15839.0,32,3,1048.49,3,Loyal
15840.0,58,2,355.56,0,At-Risk
15841.0,72,9,2742.41,3,Loyal
15842.0,392,2,548.8,1,Low-Value
15843.0,303,1,118.95,1,Low-Value
15844.0,45,1,130.73999999999998,0,At-Risk
15845.0,17,11,4426.28,2,VIP
15846.0,384,1,107.01,1,Low-Value
15847.0,37,5,822.57,3,Loyal
15848.0,621,1,137.99,1,Low-Value
15850.0,18,6,1006.75,3,Loyal
15851.0,526,1,109.73,1,Low-Value
15852.0,186,3,257.26,0,At-Risk
15853.0,51,1,110.8,0,At-Risk
15854.0,3,21,5578.28,2,VIP
15855.0,136,6,1052.72,3,Loyal
15856.0,3,52,32275.95,2,VIP
15857.0,18,2,570.48,0,At-Risk
15858.0,15,13,3552.41,2,VIP
15859.0,431,1,438.46,1,Low-Value
15860.0,40,17,2361.3,2,VIP
15861.0,11,12,4369.2,2,VIP
15862.0,7,13,2512.29,2,VIP
15863.0,25,5,355.1,0,At-Risk
15864.0,21,7,2180.76,3,Loyal
15865.0,40,5,2241.42,3,Loyal
15866.0,100,1,211.89,0,At-Risk
15867.0,4,31,8923.3,2,VIP
15868.0,582,1,94.53,1,Low-Value
15869.0,276,3,321.11,0,At-Risk
15870.0,32,4,857.46,3,Loyal
15871.0,436,1,33.099999999999994,1,Low-Value
15872.0,14,4,729.25,3,Loyal
15873.0,499,4,313.91999999999996,1,Low-Value
15874.0,63,21,11284.76,2,VIP
15875.0,645,1,108.52,1,Low-Value
15876.0,408,2,1449.14,1,Low-Value
15877.0,1,2,490.33,0,At-Risk
15878.0,561,2,330.77,1,Low-Value
15879.0,403,4,1137.8,1,Low-Value
15880.0,368,1,329.03000000000003,1,Low-Value
15881.0,311,5,501.39,3,Loyal
15882.0,198,8,1124.66,3,Loyal
15883.0,1,2,396.48,0,At-Risk
15884.0,431,2,244.6,1,Low-Value
15885.0,92,15,1951.82,2,VIP
15886.0,59,4,1052.87,3,Loyal
15887.0,406,3,1027.15,1,Low-Value
15888.0,80,3,429.16,0,At-Risk
15889.0,156,8,1427.6,3,Loyal
15890.0,394,5,535.65,1,Low-Value
15891.0,226,1,511.68,0,At-Risk
15892.0,668,1,128.2,1,Low-Value
15893.0,481,1,305.28000000000003,1,Low-Value
15894.0,252,2,258.25,0,At-Risk
15895.0,149,1,179.17,0,At-Risk
15897.0,193,2,208.59,0,At-Risk
15898.0,0,25,4996.45,2,VIP
15899.0,368,1,56.25,1,Low-Value
15900.0,23,4,886.57,3,Loyal
15901.0,16,7,687.72,3,Loyal
15902.0,379,1,145.01,1,Low-Value
15903.0,9,12,8939.84,2,VIP
15904.0,7,1,164.68,0,At-Risk
15905.0,542,1,114.69,1,Low-Value
15906.0,19,10,2530.19,3,Loyal
15907.0,3,3,882.72,3,Loyal
15908.0,490,2,758.62,1,Low-Value
15909.0,173,1,191.94,0,At-Risk
15910.0,0,15,2661.17,2,VIP
15911.0,623,8,1700.24,1,Low-Value
15912.0,177,9,1074.7,3,Loyal
15913.0,533,1,6.300000000000001,1,Low-Value
15914.0,377,2,205.99,1,Low-Value
15915.0,401,1,364.45,1,Low-Value
15916.0,15,13,3145.24,2,VIP
15917.0,247,5,530.17,3,Loyal
15918.0,190,3,582.88,0,At-Risk
15919.0,19,2,525.69,0,At-Risk
15920.0,153,9,569.14,3,Loyal
15921.0,172,4,775.26,3,Loyal
15922.0,372,1,369.5,1,Low-Value
15923.0,372,1,127.08,1,Low-Value
15924.0,730,1,102.82,1,Low-Value
15925.0,193,1,207.15,0,At-Risk
15926.0,541,1,134.44,1,Low-Value
15927.0,646,1,106.54,1,Low-Value
15928.0,655,1,293.53,1,Low-Value
15929.0,643,1,594.0,1,Low-Value
15930.0,66,1,426.63,0,At-Risk
15931.0,427,1,239.9,1,Low-Value
15932.0,3,8,2495.87,3,Loyal
15933.0,20,3,1107.46,3,Loyal
15934.0,417,2,2190.66,1,Low-Value
15935.0,238,2,416.86,0,At-Risk
15936.0,378,2,282.79,1,Low-Value
15937.0,63,1,145.35,0,At-Risk
15938.0,111,9,734.81,3,Loyal
15939.0,89,16,9060.39,2,VIP
15940.0,310,1,35.8,1,Low-Value
15941.0,636,1,405.0,1,Low-Value
15942.0,133,1,337.44,0,At-Risk
15943.0,649,2,271.28999999999996,1,Low-Value
15944.0,276,4,2164.24,3,Loyal
15945.0,364,4,646.27,1,Low-Value
15946.0,502,3,2304.18,1,Low-Value
15947.0,82,1,1708.24,0,At-Risk
15948.0,7,3,1509.09,3,Loyal
15949.0,16,2,364.72,0,At-Risk
15950.0,31,10,7120.91,2,VIP
15951.0,8,3,1013.17,3,Loyal
15952.0,33,4,781.91,3,Loyal
15953.0,14,18,3440.34,2,VIP
15954.0,588,1,190.75,1,Low-Value
15955.0,23,22,8085.98,2,VIP
15956.0,550,2,617.6,1,Low-Value
15957.0,31,3,921.25,3,Loyal
15958.0,73,4,462.12,0,At-Risk
15959.0,681,3,542.89,1,Low-Value
15960.0,373,4,410.95,1,Low-Value
15961.0,378,1,451.29,1,Low-Value
15962.0,448,1,289.48,1,Low-Value
15963.0,19,2,470.76,0,At-Risk
15964.0,662,1,269.21000000000004,1,Low-Value
15965.0,16,13,2771.94,2,VIP
15966.0,450,1,426.53,1,Low-Value
15967.0,22,12,2966.0,2,VIP
15968.0,387,1,404.55,1,Low-Value
15969.0,2,5,1127.05,3,Loyal
15970.0,303,2,1017.32,0,At-Risk
15971.0,17,18,5902.83,2,VIP
15972.0,455,5,1769.33,1,Low-Value
15973.0,366,3,680.62,1,Low-Value
15974.0,38,7,3442.15,3,Loyal
15975.0,83,1,371.01,0,At-Risk
15976.0,164,6,1694.41,3,Loyal
15977.0,16,2,1054.73,0,At-Risk
15978.0,76,3,3279.42,3,Loyal
15979.0,602,1,329.21999999999997,1,Low-Value
15980.0,88,7,6543.68,3,Loyal
15981.0,24,21,9362.77,2,VIP
15982.0,604,1,324.51,1,Low-Value
15983.0,21,8,3110.37,3,Loyal
15984.0,2,30,8393.02,2,VIP
15985.0,122,7,2715.28,3,Loyal
15986.0,29,2,354.42,0,At-Risk
15987.0,11,8,1535.99,3,Loyal
15988.0,18,3,738.89,0,At-Risk
15989.0,375,2,368.31,1,Low-Value
15990.0,43,7,1997.75,3,Loyal
15991.0,533,1,150.55,1,Low-Value
15992.0,3,3,896.6,3,Loyal
15993.0,8,7,2777.67,3,Loyal
15994.0,54,3,1175.68,3,Loyal
15995.0,413,1,694.54,1,Low-Value
15996.0,87,7,1386.4,3,Loyal
15998.0,36,16,8274.14,2,VIP
15999.0,735,1,20.4,1,Low-Value
16000.0,2,3,12393.7,3,Loyal
16001.0,380,1,583.39,1,Low-Value
16002.0,624,1,169.21,1,Low-Value
16003.0,29,10,5613.83,2,VIP
16004.0,474,5,2146.39,1,Low-Value
16005.0,11,10,2365.49,3,Loyal
16006.0,210,2,332.82,0,At-Risk
16007.0,47,7,3053.06,3,Loyal
16008.0,23,15,5339.13,2,VIP
16009.0,21,4,972.11,3,Loyal
16010.0,245,11,1694.86,3,Loyal
16011.0,7,29,5601.01,2,VIP
16012.0,34,5,2978.59,3,Loyal
16013.0,3,84,56078.44,2,VIP
16014.0,37,5,1100.28,3,Loyal
16015.0,3,3,704.55,0,At-Risk
16016.0,2,11,2083.4,3,Loyal
16017.0,46,5,1545.58,3,Loyal
16018.0,38,4,698.13,3,Loyal
16019.0,46,27,17329.16,2,VIP
16020.0,16,3,851.01,0,At-Risk
16021.0,394,2,487.03,1,Low-Value
16022.0,259,1,602.63,0,At-Risk
16023.0,45,3,719.8100000000001,0,At-Risk
16024.0,11,3,483.99,0,At-Risk
16025.0,29,1,439.66,0,At-Risk
16026.0,42,1,236.09,0,At-Risk
16027.0,91,15,2048.36,2,VIP
16028.0,595,1,82.2,1,Low-Value
16029.0,38,107,117763.62,2,VIP
16030.0,309,1,331.24,1,Low-Value
16031.0,91,2,547.9,0,At-Risk
16032.0,455,6,1965.72,3,Loyal
16033.0,5,27,10608.81,2,VIP
16034.0,195,6,911.32,3,Loyal
16035.0,559,1,217.73,1,Low-Value
16036.0,86,4,2556.84,3,Loyal
16037.0,269,5,1509.34,3,Loyal
16038.0,7,3,471.78,0,At-Risk
16039.0,423,2,456.4,1,Low-Value
16040.0,64,7,2416.9,3,Loyal
16041.0,30,3,3166.4,3,Loyal
16042.0,21,8,2245.32,3,Loyal
16043.0,37,8,1856.59,3,Loyal
16044.0,434,1,340.84000000000003,1,Low-Value
16045.0,119,8,3434.93,3,Loyal
16046.0,561,1,235.78,1,Low-Value
16047.0,681,1,107.14,1,Low-Value
16048.0,372,4,818.7900000000001,1,Low-Value
16049.0,39,6,1852.15,3,Loyal
16050.0,173,3,300.7,0,At-Risk
16051.0,681,1,188.44,1,Low-Value
16052.0,53,1,362.06,0,At-Risk
16053.0,32,6,3634.84,3,Loyal
16054.0,144,4,2111.88,3,Loyal
16055.0,220,1,134.8,0,At-Risk
16056.0,44,1,650.75,0,At-Risk
16057.0,15,10,3854.85,2,VIP
16058.0,405,1,62.7,1,Low-Value
16059.0,65,12,3053.57,2,VIP
16060.0,400,3,541.95,1,Low-Value
16061.0,430,1,89.65,1,Low-Value
16062.0,9,8,2863.45,3,Loyal
16063.0,259,1,335.32,0,At-Risk
16064.0,724,1,109.31,1,Low-Value
16065.0,364,8,1992.13,3,Loyal
16066.0,16,5,1521.04,3,Loyal
16067.0,562,3,3269.11,1,Low-Value
16068.0,593,1,115.73,1,Low-Value
16069.0,417,1,457.7,1,Low-Value
16070.0,21,2,852.15,0,At-Risk
16071.0,44,4,1076.8,3,Loyal
16072.0,287,4,4180.09,3,Loyal
16073.0,296,1,122.4,1,Low-Value
16074.0,389,1,252.5,1,Low-Value
16075.0,502,2,736.9300000000001,1,Low-Value
16076.0,2,10,2234.73,3,Loyal
16077.0,625,1,2300.4,1,Low-Value
16078.0,283,2,362.99,0,At-Risk
16079.0,16,3,1352.0,3,Loyal
16080.0,81,4,602.5600000000001,3,Loyal
16081.0,55,8,4278.96,3,Loyal
16082.0,669,1,106.75,1,Low-Value
16083.0,100,4,2351.42,3,Loyal
16084.0,298,1,436.18,1,Low-Value
16085.0,22,12,2341.03,3,Loyal
16086.0,58,10,2687.73,3,Loyal
16087.0,388,5,1739.92,3,Loyal
16088.0,575,2,1437.43,1,Low-Value
16089.0,385,2,263.49,1,Low-Value
16090.0,623,1,180.56,1,Low-Value
16091.0,154,2,315.06,0,At-Risk
16092.0,114,6,1587.94,3,Loyal
16093.0,106,1,17.0,0,At-Risk
16094.0,11,11,3695.56,2,VIP
16095.0,455,1,447.05,1,Low-Value
16096.0,263,4,1584.97,3,Loyal
16097.0,239,1,185.05,0,At-Risk
16098.0,87,14,4010.7,2,VIP
16099.0,49,7,1573.2,3,Loyal
16100.0,462,1,582.64,1,Low-Value
16101.0,70,4,3229.16,3,Loyal
16102.0,41,3,1842.14,3,Loyal
16103.0,6,22,6191.71,2,VIP
16104.0,61,9,2774.46,3,Loyal
16105.0,248,5,2386.19,3,Loyal
16106.0,65,1,108.38,0,At-Risk
16107.0,17,7,3204.1600000000003,3,Loyal
16108.0,84,4,2235.92,3,Loyal
16109.0,218,3,939.48,3,Loyal
16110.0,44,4,1781.59,3,Loyal
16111.0,427,1,549.33,1,Low-Value
16112.0,142,4,195.74,0,At-Risk
16113.0,182,1,161.38,0,At-Risk
16114.0,170,1,135.75000000000003,0,At-Risk
16115.0,9,12,2553.8,2,VIP
16116.0,211,1,612.78,0,At-Risk
16117.0,189,3,654.4,0,At-Risk
16118.0,652,1,4376.25,1,Low-Value
16119.0,7,8,1720.81,3,Loyal
16120.0,58,6,2967.51,3,Loyal
16121.0,56,5,1450.04,3,Loyal
16122.0,72,6,895.62,3,Loyal
16123.0,51,1,307.78,0,At-Risk
16124.0,316,4,1772.49,3,Loyal
16125.0,366,14,4292.35,2,VIP
16126.0,28,15,14644.6,2,VIP
16127.0,38,2,801.3100000000001,0,At-Risk
16128.0,17,11,3801.05,2,VIP
16129.0,406,3,1396.05,1,Low-Value
16130.0,421,4,987.48,1,Low-Value
16131.0,51,12,9957.42,2,VIP
16132.0,543,2,664.1999999999999,1,Low-Value
16133.0,3,56,22992.26,2,VIP
16134.0,21,5,2145.34,3,Loyal
16135.0,262,2,819.4499999999999,0,At-Risk
16136.0,59,4,946.8,3,Loyal
16137.0,679,1,422.7,1,Low-Value
16138.0,378,3,910.35,1,Low-Value
16139.0,18,5,1111.15,3,Loyal
16140.0,65,3,1433.46,3,Loyal
16141.0,87,2,955.94,0,At-Risk
16142.0,249,1,535.34,0,At-Risk
16143.0,2,12,4555.08,2,VIP
16144.0,246,1,175.2,0,At-Risk
16145.0,8,19,6805.4400000000005,2,VIP
16146.0,156,4,946.38,3,Loyal
16147.0,133,5,2398.91,3,Loyal
16148.0,295,2,386.62,0,At-Risk
16149.0,4,3,422.22,0,At-Risk
16150.0,42,10,4002.17,2,VIP
16152.0,268,1,1829.04,0,At-Risk
16153.0,49,11,5133.49,2,VIP
16155.0,381,5,796.9,1,Low-Value
16156.0,8,20,6188.18,2,VIP
16157.0,15,3,656.69,0,At-Risk
16158.0,521,9,628.32,1,Low-Value
16159.0,281,4,1232.79,3,Loyal
16160.0,64,2,1025.44,0,At-Risk
16161.0,1,43,12580.06,2,VIP
16162.0,251,1,37.4,0,At-Risk
16163.0,231,6,2407.98,3,Loyal
16164.0,16,3,822.48,0,At-Risk
16165.0,504,1,79.9,1,Low-Value
16166.0,427,2,435.83,1,Low-Value
16167.0,413,5,1386.12,3,Loyal
16168.0,10,66,10360.67,2,VIP
16169.0,7,4,1822.97,3,Loyal
16170.0,50,20,6869.0,2,VIP
16171.0,58,1,73.19999999999999,0,At-Risk
16172.0,94,8,1884.55,3,Loyal
16173.0,15,6,1418.32,3,Loyal
16174.0,125,7,2246.75,3,Loyal
16175.0,93,7,1836.44,3,Loyal
16176.0,420,4,2052.69,3,Loyal
16177.0,49,8,2247.31,3,Loyal
16178.0,137,2,612.6,0,At-Risk
16179.0,60,1,215.83,0,At-Risk
16180.0,99,13,16249.87,2,VIP
16181.0,72,1,305.54,0,At-Risk
16182.0,71,9,9971.65,2,VIP
16183.0,66,4,1077.81,3,Loyal
16184.0,63,6,1158.79,3,Loyal
16185.0,16,3,644.72,0,At-Risk
16186.0,22,26,8718.43,2,VIP
16187.0,31,15,6911.4400000000005,2,VIP
16188.0,44,5,1087.66,3,Loyal
16189.0,15,2,215.48,0,At-Risk
16190.0,39,8,2723.55,3,Loyal
16191.0,2,24,15677.82,2,VIP
16192.0,735,1,351.3,1,Low-Value
16193.0,236,2,630.43,0,At-Risk
16194.0,374,1,308.6,1,Low-Value
16195.0,722,1,323.25,1,Low-Value
16196.0,488,1,93.3,1,Low-Value
16197.0,468,9,2016.71,3,Loyal
16198.0,74,2,1030.0410000000002,0,At-Risk
16199.0,391,7,942.75,3,Loyal
16200.0,3,12,5608.1,2,VIP
16201.0,2,5,2112.12,3,Loyal
16202.0,360,9,2501.99,3,Loyal
16203.0,58,6,943.84,3,Loyal
16204.0,22,3,918.71,3,Loyal
16205.0,30,7,1820.11,3,Loyal
16206.0,54,13,2589.87,2,VIP
16207.0,24,1,394.38,0,At-Risk
16208.0,44,10,3440.4500000000003,3,Loyal
16209.0,88,9,4146.78,3,Loyal
16210.0,1,35,33750.97,2,VIP
16211.0,88,3,1090.59,3,Loyal
16212.0,18,4,1293.71,3,Loyal
16213.0,78,1,159.0,0,At-Risk
16214.0,170,4,2038.25,3,Loyal
16215.0,80,1,242.35,0,At-Risk
16216.0,266,1,914.93,0,At-Risk
16217.0,234,2,304.25,0,At-Risk
16218.0,29,13,3968.67,2,VIP
16219.0,500,1,40.8,1,Low-Value
16221.0,36,9,2019.92,3,Loyal
16222.0,317,2,1272.05,1,Low-Value
16223.0,374,2,1087.05,1,Low-Value
16224.0,56,5,1616.54,3,Loyal
16225.0,44,15,2859.31,2,VIP
16226.0,202,5,672.17,3,Loyal
16227.0,224,3,1027.22,3,Loyal
16228.0,384,3,885.71,1,Low-Value
16229.0,86,6,2867.86,3,Loyal
16230.0,189,2,542.03,0,At-Risk
16231.0,378,4,1074.47,1,Low-Value
16232.0,43,7,2712.97,3,Loyal
16233.0,70,9,1818.31,3,Loyal
16234.0,475,3,333.18,1,Low-Value
16235.0,40,9,2053.71,3,Loyal
16236.0,77,1,432.2,0,At-Risk
16237.0,436,1,136.65,1,Low-Value
16238.0,422,1,63.66,1,Low-Value
16239.0,56,6,1492.2,3,Loyal
16240.0,23,2,3718.8,3,Loyal
16241.0,9,16,3992.86,2,VIP
16242.0,7,14,7404.650000000001,2,VIP
16243.0,33,2,409.1,0,At-Risk
16244.0,211,2,1522.75,3,Loyal
16245.0,23,3,1413.66,3,Loyal
16246.0,459,2,821.35,1,Low-Value
16247.0,169,1,114.56,0,At-Risk
16248.0,61,1,152.94,0,At-Risk
16249.0,52,5,1800.07,3,Loyal
16250.0,260,3,565.24,0,At-Risk
16251.0,511,1,128.31,1,Low-Value
16252.0,382,1,295.09000000000003,1,Low-Value
16253.0,66,7,7272.2,3,Loyal
16254.0,377,3,967.44,1,Low-Value
16255.0,16,15,4530.0,2,VIP
16256.0,266,3,1629.37,3,Loyal
16257.0,176,1,46.95,0,At-Risk
16258.0,44,15,11942.52,2,VIP
16259.0,409,3,340.94,1,Low-Value
16260.0,50,1,1035.45,0,At-Risk
16261.0,16,6,1041.16,3,Loyal
16262.0,377,1,755.15,1,Low-Value
16263.0,422,1,348.16,1,Low-Value
16264.0,437,2,823.53,1,Low-Value
16265.0,8,12,6935.17,2,VIP
16266.0,73,14,1757.95,3,Loyal
16267.0,590,1,186.66,1,Low-Value
16268.0,70,2,667.65,0,At-Risk
16269.0,437,1,717.57,1,Low-Value
16270.0,352,1,1141.24,1,Low-Value
16271.0,2,10,3397.82,3,Loyal
16272.0,116,1,411.7,0,At-Risk
16273.0,647,2,318.34000000000003,1,Low-Value
16274.0,372,1,351.75,1,Low-Value
16275.0,196,3,2151.11,3,Loyal
16276.0,176,3,2629.3900000000003,3,Loyal
16277.0,733,1,188.69,1,Low-Value
16278.0,99,3,1117.84,3,Loyal
16279.0,20,9,5698.28,2,VIP
16280.0,724,1,238.05,1,Low-Value
16281.0,71,3,3424.02,3,Loyal
16282.0,339,3,1307.5800000000002,3,Loyal
16283.0,5,8,4350.32,3,Loyal
16284.0,30,3,1018.48,3,Loyal
16285.0,645,1,176.9,1,Low-Value
16286.0,476,2,328.95,1,Low-Value
16287.0,169,5,1006.98,3,Loyal
16288.0,469,1,129.85,1,Low-Value
16289.0,461,1,136.31,1,Low-Value
16290.0,464,4,1957.7,1,Low-Value
16291.0,681,1,117.72,1,Low-Value
16292.0,121,5,1253.76,3,Loyal
16293.0,21,15,4279.2,2,VIP
16294.0,476,1,126.05,1,Low-Value
16295.0,9,4,1328.55,3,Loyal
16296.0,625,4,1313.67,1,Low-Value
16297.0,268,1,301.9,0,At-Risk
16298.0,22,7,1085.7,3,Loyal
16299.0,476,1,193.65,1,Low-Value
16300.0,429,3,1367.32,1,Low-Value
16301.0,736,1,107.33,1,Low-Value
16302.0,126,1,233.22,0,At-Risk
16303.0,25,7,7928.27,2,VIP
16304.0,694,1,381.66,1,Low-Value
16305.0,138,1,361.22,0,At-Risk
16306.0,213,7,1124.72,3,Loyal
16307.0,428,3,1194.92,1,Low-Value
16308.0,37,7,5120.0,3,Loyal
16309.0,105,2,706.57,0,At-Risk
16310.0,413,2,460.08,1,Low-Value
16311.0,17,2,616.26,0,At-Risk
16312.0,431,1,171.15,1,Low-Value
16313.0,2,2,274.15,0,At-Risk
16314.0,389,3,1491.4,1,Low-Value
16315.0,330,2,402.71,1,Low-Value
16316.0,63,13,5744.91,2,VIP
16317.0,119,5,2192.51,3,Loyal
16318.0,34,1,328.15,0,At-Risk
16319.0,217,1,404.4,0,At-Risk
16320.0,171,6,5628.99,3,Loyal
16321.0,71,7,604.5500000000001,3,Loyal
16322.0,0,2,326.75,0,At-Risk
16323.0,195,2,353.66,0,At-Risk
16324.0,127,3,408.59,0,At-Risk
16325.0,46,12,3597.5,2,VIP
16326.0,5,24,4721.25,2,VIP
16327.0,13,16,10159.64,2,VIP
16328.0,562,1,310.83,1,Low-Value
16329.0,427,4,1664.92,1,Low-Value
16330.0,17,7,625.38,3,Loyal
16331.0,431,6,2037.7,3,Loyal
16332.0,27,11,2000.01,3,Loyal
16333.0,7,22,26626.8,2,VIP
16334.0,491,1,263.73,1,Low-Value
16335.0,551,7,2753.52,1,Low-Value
16336.0,420,4,3517.69,3,Loyal
16337.0,36,1,151.05,0,At-Risk
16338.0,156,1,214.8,0,At-Risk
16339.0,283,1,94.05,0,At-Risk
16340.0,106,3,1496.24,3,Loyal
16341.0,24,7,3850.79,3,Loyal
16342.0,74,4,322.41,0,At-Risk
16343.0,15,3,614.12,0,At-Risk
16344.0,157,4,842.42,3,Loyal
16345.0,43,2,1178.79,0,At-Risk
16346.0,384,1,224.51,1,Low-Value
16347.0,10,11,3442.96,2,VIP
16348.0,31,8,1744.42,3,Loyal
16349.0,290,1,53.5,1,Low-Value
16350.0,20,9,2253.89,3,Loyal
16351.0,332,13,3330.0299999999997,3,Loyal
16352.0,17,2,494.44,0,At-Risk
16353.0,3,38,9795.46,2,VIP
16354.0,62,5,1119.46,3,Loyal
16355.0,374,1,416.35,1,Low-Value
16356.0,197,6,415.87,3,Loyal
16357.0,32,4,868.37,3,Loyal
16358.0,0,5,2919.65,3,Loyal
16359.0,6,16,2697.75,2,VIP
16360.0,4,6,3450.41,3,Loyal
16361.0,9,4,891.21,3,Loyal
16362.0,31,6,922.16,3,Loyal
16363.0,52,1,109.36,0,At-Risk
16364.0,11,2,705.79,0,At-Risk
16365.0,17,15,3167.34,2,VIP
16366.0,18,4,1548.13,3,Loyal
16367.0,36,3,1350.48,3,Loyal
16368.0,1,3,621.44,0,At-Risk
16369.0,17,7,2656.56,3,Loyal
16370.0,81,4,1301.91,3,Loyal
16371.0,448,1,157.2,1,Low-Value
16372.0,32,5,1290.31,3,Loyal
16373.0,381,2,309.49,1,Low-Value
16374.0,65,5,1723.4,3,Loyal
16375.0,469,2,104.0,1,Low-Value
16376.0,8,2,974.96,0,At-Risk
16377.0,266,2,1308.48,0,At-Risk
16378.0,246,3,362.95,0,At-Risk
16379.0,3,4,2157.4,3,Loyal
16380.0,60,1,1743.15,0,At-Risk
16381.0,395,2,247.85,1,Low-Value
16382.0,407,2,353.1,1,Low-Value
16383.0,74,7,2896.69,3,Loyal
16384.0,89,4,1358.95,3,Loyal
16385.0,59,5,881.35,3,Loyal
16386.0,28,3,1068.16,3,Loyal
16387.0,322,5,882.46,3,Loyal
16388.0,653,1,186.05,1,Low-Value
16389.0,52,4,1382.07,3,Loyal
16390.0,536,3,467.5,1,Low-Value
16391.0,400,4,1052.26,1,Low-Value
16392.0,269,3,756.7,0,At-Risk
16393.0,1,23,5297.77,2,VIP
16394.0,56,5,1555.34,3,Loyal
16395.0,60,14,3518.41,2,VIP
16396.0,475,1,137.8,1,Low-Value
16397.0,627,1,123.13,1,Low-Value
16398.0,153,2,1705.8,3,Loyal
16399.0,18,3,630.22,0,At-Risk
16400.0,94,9,3059.85,3,Loyal
16401.0,0,23,6849.15,2,VIP
16402.0,264,2,293.45,0,At-Risk
16403.0,311,1,177.5,1,Low-Value
16404.0,69,1,443.05,0,At-Risk
16405.0,301,2,167.25,1,Low-Value
16406.0,18,3,528.36,0,At-Risk
16407.0,12,14,2761.65,2,VIP
16408.0,590,1,231.93,1,Low-Value
16409.0,35,12,5652.74,2,VIP
16410.0,733,1,130.32,1,Low-Value
16411.0,18,4,756.39,3,Loyal
16412.0,53,5,593.19,3,Loyal
16413.0,56,2,522.03,0,At-Risk
16414.0,21,5,551.21,3,Loyal
16415.0,43,3,696.76,0,At-Risk
16416.0,26,9,2957.88,3,Loyal
16417.0,492,1,35.7,1,Low-Value
16418.0,44,5,1028.74,3,Loyal
16419.0,112,8,1463.7,3,Loyal
16420.0,395,1,75.0,1,Low-Value
16421.0,375,3,526.27,1,Low-Value
16422.0,16,109,61920.87,2,VIP
16423.0,24,1,346.12,0,At-Risk
16424.0,190,2,443.06,0,At-Risk
16425.0,301,1,302.7,1,Low-Value
16426.0,1,10,1863.76,3,Loyal
16427.0,262,2,241.06,0,At-Risk
16428.0,413,3,638.49,1,Low-Value
16429.0,105,1,284.55,0,At-Risk
16430.0,56,7,1117.94,3,Loyal
16431.0,212,3,623.28,0,At-Risk
16432.0,63,1,287.40000000000003,0,At-Risk
16433.0,27,2,384.52,0,At-Risk
16434.0,28,12,2673.69,2,VIP
16435.0,511,3,1003.07,1,Low-Value
16436.0,667,3,319.14,1,Low-Value
16437.0,380,2,301.25,1,Low-Value
16438.0,5,5,798.35,3,Loyal
16439.0,721,1,310.70000000000005,1,Low-Value
16440.0,7,6,3856.97,3,Loyal
16441.0,66,5,1019.13,3,Loyal
16442.0,1,5,891.98,3,Loyal
16443.0,520,1,162.24,1,Low-Value
16444.0,45,17,3625.88,2,VIP
16445.0,33,4,583.16,0,At-Risk
16446.0,0,2,168472.5,2,VIP
16447.0,135,3,727.1,0,At-Risk
16448.0,197,2,361.12,0,At-Risk
16449.0,197,2,707.69,0,At-Risk
16450.0,149,3,1505.73,3,Loyal
16451.0,87,3,1013.15,3,Loyal
16452.0,630,2,332.17,1,Low-Value
16453.0,530,2,251.71,1,Low-Value
16454.0,44,4,30.950000000000003,0,At-Risk
16455.0,63,11,3995.57,2,VIP
16456.0,98,13,6000.94,2,VIP
16457.0,217,1,208.36,0,At-Risk
16458.0,2,30,5690.89,2,VIP
16459.0,729,1,71.78999999999999,1,Low-Value
16460.0,27,3,811.23,0,At-Risk
16461.0,177,3,1545.83,3,Loyal
16462.0,73,3,136.0,0,At-Risk
16463.0,20,4,1422.4,3,Loyal
16464.0,19,3,1298.66,3,Loyal
16465.0,420,2,746.24,1,Low-Value
16466.0,33,15,3767.09,2,VIP
16467.0,508,7,2869.16,3,Loyal
16468.0,73,3,787.52,0,At-Risk
16469.0,23,5,803.9,3,Loyal
16470.0,51,11,2416.85,3,Loyal
16471.0,274,4,1189.98,3,Loyal
16472.0,433,2,789.6,1,Low-Value
16473.0,164,4,470.83,0,At-Risk
16474.0,6,7,1810.65,3,Loyal
16475.0,87,4,544.3,0,At-Risk
16476.0,431,1,350.35,1,Low-Value
16477.0,63,11,4094.37,2,VIP
16478.0,24,3,331.0,0,At-Risk
16479.0,9,2,300.83,0,At-Risk
16480.0,75,1,769.29,0,At-Risk
16481.0,681,1,453.38,1,Low-Value
16482.0,15,1,220.62,0,At-Risk
16483.0,191,1,139.35,0,At-Risk
16484.0,173,2,404.3,0,At-Risk
16485.0,76,5,2287.19,3,Loyal
16486.0,537,1,134.36,1,Low-Value
16487.0,576,2,209.4,1,Low-Value
16488.0,32,3,498.8,0,At-Risk
16489.0,379,2,303.7,1,Low-Value
16490.0,435,1,205.41000000000005,1,Low-Value
16491.0,46,2,1533.16,3,Loyal
16492.0,540,1,385.56,1,Low-Value
16493.0,79,7,2132.09,3,Loyal
16494.0,296,1,826.53,0,At-Risk
16495.0,2,3,648.26,0,At-Risk
16496.0,8,6,2330.77,3,Loyal
16497.0,49,23,6695.28,2,VIP
16498.0,160,2,100.97,0,At-Risk
16499.0,359,8,2578.34,3,Loyal
16500.0,4,9,843.9100000000001,3,Loyal
16501.0,382,1,1191.23,1,Low-Value
16502.0,619,2,258.55,1,Low-Value
16503.0,106,11,3614.34,2,VIP
16504.0,24,1,465.88,0,At-Risk
16505.0,31,1,777.6,0,At-Risk
16506.0,19,2,90.3,0,At-Risk
16507.0,571,1,142.71,1,Low-Value
16508.0,629,1,240.95,1,Low-Value
16509.0,296,1,363.7000000000001,1,Low-Value
16510.0,371,6,1777.5,3,Loyal
16511.0,21,6,1760.49,3,Loyal
16513.0,4,4,874.59,3,Loyal
16515.0,51,10,3179.06,3,Loyal
16516.0,29,1,101.7,0,At-Risk
16517.0,276,1,162.7,0,At-Risk
16518.0,60,4,959.37,3,Loyal
16519.0,24,4,439.06,0,At-Risk
16520.0,185,6,2148.38,3,Loyal
16521.0,414,3,1140.11,1,Low-Value
16522.0,435,2,433.36,1,Low-Value
16523.0,1,28,11916.33,2,VIP
16524.0,445,2,306.19,1,Low-Value
16525.0,1,48,24151.3,2,VIP
16526.0,171,2,717.21,0,At-Risk
16527.0,80,2,1232.94,0,At-Risk
16528.0,3,1,244.41,0,At-Risk
16529.0,189,4,1986.8,3,Loyal
16530.0,667,1,48.35,1,Low-Value
16531.0,21,11,2298.33,3,Loyal
16532.0,17,5,8756.64,3,Loyal
16533.0,18,3,1082.81,3,Loyal
16534.0,641,1,635.9,1,Low-Value
16535.0,4,3,972.04,3,Loyal
16536.0,109,1,548.12,0,At-Risk
16537.0,640,1,23.35,1,Low-Value
16538.0,540,3,395.07,1,Low-Value
16539.0,2,10,3289.66,3,Loyal
16540.0,413,1,205.75,1,Low-Value
16541.0,734,1,424.03,1,Low-Value
16542.0,53,2,257.32,0,At-Risk
16543.0,591,1,292.21,1,Low-Value
16544.0,519,4,376.7000000000001,1,Low-Value
16545.0,164,2,689.8199999999999,0,At-Risk
16546.0,290,5,5307.07,3,Loyal
16547.0,545,1,104.26,1,Low-Value
16548.0,598,1,30.15,1,Low-Value
16549.0,9,34,12781.8,2,VIP
16550.0,108,18,8813.58,2,VIP
16551.0,95,7,2237.12,3,Loyal
16552.0,242,2,379.73,0,At-Risk
16553.0,162,33,16584.01,2,VIP
16554.0,41,8,2841.72,3,Loyal
16555.0,34,6,1915.68,3,Loyal
16556.0,66,17,8012.58,2,VIP
16557.0,23,2,281.85,0,At-Risk
16558.0,0,38,13304.11,2,VIP
16559.0,396,1,175.0,1,Low-Value
16560.0,26,8,3048.38,3,Loyal
16561.0,5,2,511.12,0,At-Risk
16562.0,476,1,223.86,1,Low-Value
16563.0,53,6,4412.56,3,Loyal
16564.0,568,1,87.8,1,Low-Value
16565.0,363,4,773.05,1,Low-Value
16566.0,14,5,614.66,3,Loyal
16567.0,193,2,865.6,0,At-Risk
16568.0,427,2,1020.9,1,Low-Value
16569.0,2,5,1455.23,3,Loyal
16570.0,14,20,7434.31,2,VIP
16571.0,26,10,4248.74,2,VIP
16572.0,126,3,1009.6,3,Loyal
16573.0,84,2,663.61,0,At-Risk
16574.0,70,3,1301.78,3,Loyal
16576.0,419,2,540.87,1,Low-Value
16577.0,666,1,380.0,1,Low-Value
16578.0,625,1,156.6,1,Low-Value
16579.0,425,1,295.05,1,Low-Value
16581.0,182,1,105.84,0,At-Risk
16582.0,112,1,313.62,0,At-Risk
16583.0,373,2,297.95,1,Low-Value
16584.0,79,5,3156.17,3,Loyal
16585.0,593,2,341.59,1,Low-Value
16586.0,248,3,1462.78,3,Loyal
16587.0,231,1,225.15,0,At-Risk
16588.0,385,4,1361.28,3,Loyal
16589.0,70,4,612.36,3,Loyal
16590.0,400,2,605.9,1,Low-Value
16591.0,68,1,213.5,0,At-Risk
16592.0,3,28,7807.91,2,VIP
16593.0,50,8,1071.14,3,Loyal
16594.0,74,1,181.09,0,At-Risk
16595.0,60,5,1757.75,3,Loyal
16596.0,15,4,458.98,0,At-Risk
16597.0,3,1,90.04,0,At-Risk
16598.0,285,1,145.05,0,At-Risk
16599.0,385,1,172.8,1,Low-Value
16600.0,3,13,2153.41,2,VIP
16601.0,40,3,677.0,0,At-Risk
16602.0,35,2,763.33,0,At-Risk
16603.0,74,2,482.47,0,At-Risk
16604.0,562,2,432.45,1,Low-Value
16605.0,723,1,60.48,1,Low-Value
16606.0,403,2,357.66,1,Low-Value
16607.0,17,25,5706.87,2,VIP
16608.0,453,2,1286.62,1,Low-Value
16609.0,14,7,5493.46,3,Loyal
16610.0,218,1,75.66,0,At-Risk
16611.0,185,6,1785.13,3,Loyal
16612.0,32,9,3245.4300000000003,3,Loyal
16613.0,69,1,618.59,0,At-Risk
16614.0,182,3,1179.79,3,Loyal
16615.0,625,1,291.5,1,Low-Value
16616.0,14,2,500.42,0,At-Risk
16617.0,235,1,151.85,0,At-Risk
16618.0,30,5,2647.59,3,Loyal
16619.0,263,4,1938.33,3,Loyal
16620.0,3,6,1758.93,3,Loyal
16621.0,51,4,813.48,3,Loyal
16622.0,543,1,225.4,1,Low-Value
16623.0,245,4,1015.24,3,Loyal
16624.0,80,2,810.57,0,At-Risk
16625.0,274,5,1654.03,3,Loyal
16626.0,0,17,4413.1,2,VIP
16627.0,78,1,322.8,0,At-Risk
16628.0,29,7,2318.1,3,Loyal
16629.0,73,2,408.63,0,At-Risk
16630.0,406,1,106.8,1,Low-Value
16631.0,481,7,1892.52,3,Loyal
16632.0,485,2,406.4,1,Low-Value
16633.0,16,6,2883.1,3,Loyal
16634.0,222,6,1649.81,3,Loyal
16635.0,406,1,473.0,1,Low-Value
16636.0,437,4,3802.04,3,Loyal
16637.0,31,4,1154.47,3,Loyal
16638.0,22,15,2380.13,2,VIP
16639.0,30,4,1747.98,3,Loyal
16640.0,397,1,179.4,1,Low-Value
16641.0,105,2,554.5,0,At-Risk
16642.0,4,3,1077.45,3,Loyal
16643.0,245,2,923.11,0,At-Risk
16644.0,177,2,833.78,0,At-Risk
16645.0,735,1,160.39,1,Low-Value
16646.0,448,1,678.8,1,Low-Value
16647.0,169,4,541.9,0,At-Risk
16648.0,42,3,672.8,0,At-Risk
16649.0,519,1,306.58,1,Low-Value
16650.0,71,7,1916.11,3,Loyal
16651.0,586,1,136.2,1,Low-Value
16652.0,58,16,17550.39,2,VIP
16653.0,15,2,1212.66,0,At-Risk
16654.0,140,8,1484.07,3,Loyal
16655.0,17,13,6423.26,2,VIP
16656.0,21,30,16833.170000000002,2,VIP
16657.0,9,4,874.43,3,Loyal
16658.0,367,6,690.83,3,Loyal
16659.0,188,1,39.12,0,At-Risk
16660.0,15,7,1879.55,3,Loyal
16661.0,539,4,932.76,1,Low-Value
16662.0,393,1,151.05,1,Low-Value
16663.0,728,1,165.0,1,Low-Value
16664.0,568,1,109.2,1,Low-Value
16665.0,361,1,135.4,1,Low-Value
16666.0,18,2,217.71,0,At-Risk
16667.0,67,2,567.18,0,At-Risk
16668.0,14,13,862.42,3,Loyal
16669.0,23,3,1348.88,3,Loyal
16670.0,16,20,8030.150000000001,2,VIP
16671.0,27,3,1692.27,3,Loyal
16672.0,1,20,8134.94,2,VIP
16673.0,678,1,171.13,1,Low-Value
16674.0,54,2,304.24,0,At-Risk
16675.0,441,2,608.86,1,Low-Value
16676.0,33,6,2361.9,3,Loyal
16677.0,410,2,880.62,1,Low-Value
16678.0,2,12,3109.99,2,VIP
16679.0,365,3,663.31,1,Low-Value
16680.0,42,3,821.45,0,At-Risk
16681.0,72,7,1921.84,3,Loyal
16682.0,4,5,1028.0,3,Loyal
16683.0,533,1,320.25,1,Low-Value
16684.0,3,55,147142.77,2,VIP
16685.0,60,2,324.24,0,At-Risk
16686.0,46,16,4881.07,2,VIP
16687.0,390,1,157.63,1,Low-Value
16688.0,0,4,1260.86,3,Loyal
16689.0,75,2,422.6,0,At-Risk
16690.0,71,4,353.03000000000003,0,At-Risk
16691.0,417,2,178.83,1,Low-Value
16692.0,255,4,1914.7,3,Loyal
16693.0,68,5,1179.48,3,Loyal
16694.0,722,1,98.3,1,Low-Value
16695.0,561,2,191.9,1,Low-Value
16696.0,134,4,657.9,3,Loyal
16697.0,240,1,112.75,0,At-Risk
16698.0,226,2,1998.0,3,Loyal
16699.0,379,7,994.6,3,Loyal
16700.0,8,25,8830.77,2,VIP
16701.0,8,26,9916.73,2,VIP
16702.0,414,4,1110.83,1,Low-Value
16704.0,617,2,664.16,1,Low-Value
16705.0,0,42,43515.051,2,VIP
16706.0,36,3,531.35,0,At-Risk
16707.0,399,4,533.41,1,Low-Value
16708.0,45,1,656.63,0,At-Risk
16709.0,84,14,9056.01,2,VIP
16710.0,18,22,5921.35,2,VIP
16711.0,2,9,2868.48,3,Loyal
16712.0,8,13,4232.87,2,VIP
16713.0,18,32,14115.56,2,VIP
16714.0,218,4,1497.33,3,Loyal
16715.0,77,2,625.52,0,At-Risk
16716.0,266,3,2149.6800000000003,3,Loyal
16717.0,23,14,6663.68,2,VIP
16718.0,368,5,3006.08,3,Loyal
16719.0,14,14,3513.62,2,VIP
16720.0,25,3,758.74,0,At-Risk
16721.0,261,1,292.47,0,At-Risk
16722.0,16,22,8189.56,2,VIP
16723.0,90,4,1231.36,3,Loyal
16724.0,404,1,147.35,1,Low-Value
16725.0,301,14,1688.26,3,Loyal
16726.0,25,7,2063.88,3,Loyal
16727.0,363,4,1377.77,3,Loyal
16728.0,45,4,1048.28,3,Loyal
16729.0,37,21,7205.33,2,VIP
16730.0,51,3,743.11,0,At-Risk
16731.0,647,1,170.3,1,Low-Value
16732.0,31,4,4387.64,3,Loyal
16733.0,529,1,259.68,1,Low-Value
16734.0,51,3,646.76,0,At-Risk
16735.0,78,14,6217.41,2,VIP
16736.0,505,5,2956.56,1,Low-Value
16737.0,52,2,835.2,0,At-Risk
16738.0,297,1,3.75,1,Low-Value
16739.0,176,2,786.43,0,At-Risk
16740.0,394,1,226.91,1,Low-Value
16741.0,624,1,173.06,1,Low-Value
16742.0,46,14,2799.87,2,VIP
16743.0,28,14,4212.15,2,VIP
16744.0,10,7,1291.91,3,Loyal
16745.0,86,17,7180.7,2,VIP
16746.0,4,42,18046.75,2,VIP
16747.0,37,2,836.0600000000001,0,At-Risk
16748.0,17,14,3637.33,2,VIP
16749.0,590,2,4157.88,1,Low-Value
16750.0,44,5,623.93,3,Loyal
16751.0,30,1,1764.72,0,At-Risk
16752.0,372,1,207.5,1,Low-Value
16753.0,57,1,223.92,0,At-Risk
16754.0,371,29,65500.07,2,VIP
16755.0,113,7,2864.68,3,Loyal
16756.0,214,7,1312.37,3,Loyal
16757.0,318,2,270.48,1,Low-Value
16758.0,64,1,369.34,0,At-Risk
16759.0,7,3,789.79,0,At-Risk
16760.0,429,1,228.0,1,Low-Value
16761.0,96,1,316.62,0,At-Risk
16762.0,19,3,1207.24,3,Loyal
16763.0,198,2,964.7,0,At-Risk
16764.0,3,13,2790.9500000000003,2,VIP
16765.0,293,2,454.75,0,At-Risk
16766.0,272,2,1145.6,0,At-Risk
16767.0,30,15,8056.76,2,VIP
16768.0,47,9,1698.57,3,Loyal
16769.0,259,4,1117.05,3,Loyal
16770.0,57,9,1778.93,3,Loyal
16771.0,32,10,3949.6,2,VIP
16772.0,422,3,3698.05,3,Loyal
16773.0,56,3,421.24,0,At-Risk
16774.0,67,8,1567.48,3,Loyal
16775.0,9,16,2820.84,2,VIP
16776.0,59,2,592.51,0,At-Risk
16777.0,79,5,1292.18,3,Loyal
16778.0,73,2,245.94,0,At-Risk
16779.0,1,53,32809.03,2,VIP
16780.0,99,3,596.4,0,At-Risk
16781.0,371,2,623.0,1,Low-Value
16782.0,9,38,9636.12,2,VIP
16783.0,436,1,391.95,1,Low-Value
16784.0,19,5,892.33,3,Loyal
16785.0,409,1,533.78,1,Low-Value
16786.0,393,1,51.84,1,Low-Value
16787.0,397,4,1017.53,1,Low-Value
16788.0,122,5,1928.93,3,Loyal
16789.0,7,1,80.8,0,At-Risk
16790.0,3,6,1545.62,3,Loyal
16791.0,28,15,3957.63,2,VIP
16792.0,281,5,623.46,3,Loyal
16793.0,56,1,243.84,0,At-Risk
16794.0,0,15,2052.7,2,VIP
16795.0,364,3,2062.41,3,Loyal
16796.0,88,1,305.62,0,At-Risk
16797.0,392,5,1802.02,3,Loyal
16798.0,553,3,841.16,1,Low-Value
16799.0,431,2,452.78,1,Low-Value
16800.0,10,1,1162.65,0,At-Risk
16801.0,162,4,1594.23,3,Loyal
16802.0,678,2,582.61,1,Low-Value
16803.0,64,1,332.3,0,At-Risk
16804.0,22,3,536.99,0,At-Risk
16805.0,173,5,1091.34,3,Loyal
16806.0,102,4,762.16,3,Loyal
16807.0,142,6,2123.88,3,Loyal
16808.0,98,2,288.42,0,At-Risk
16809.0,22,9,1727.43,3,Loyal
16810.0,191,2,842.04,0,At-Risk
16811.0,4,2,547.07,0,At-Risk
16812.0,360,4,2392.0,3,Loyal
16813.0,7,10,1652.18,3,Loyal
16814.0,13,36,11924.85,2,VIP
16815.0,453,2,406.02,1,Low-Value
16816.0,102,4,417.06,0,At-Risk
16817.0,2,13,2560.7,2,VIP
16818.0,10,11,3349.57,2,VIP
16819.0,464,2,182.59,1,Low-Value
16820.0,95,1,497.61,0,At-Risk
16821.0,381,1,113.35,1,Low-Value
16822.0,685,1,181.39,1,Low-Value
16823.0,226,7,2243.09,3,Loyal
16824.0,15,3,686.24,0,At-Risk
16825.0,38,5,1826.89,3,Loyal
16826.0,50,1,341.7,0,At-Risk
16827.0,392,5,392.13,1,Low-Value
16828.0,92,2,128.5,0,At-Risk
16829.0,156,2,513.32,0,At-Risk
16830.0,38,4,1207.5,3,Loyal
16831.0,564,1,91.8,1,Low-Value
16832.0,183,5,417.61,0,At-Risk
16833.0,0,6,2409.04,3,Loyal
16834.0,227,2,898.9599999999999,0,At-Risk
16835.0,127,6,1456.66,3,Loyal
16836.0,39,4,782.37,3,Loyal
16837.0,30,11,3170.98,2,VIP
16838.0,196,4,1159.61,3,Loyal
16839.0,8,44,21758.25,2,VIP
16840.0,602,2,139.85,1,Low-Value
16841.0,36,12,4006.06,2,VIP
16842.0,100,3,1264.19,3,Loyal
16843.0,42,35,19571.43,2,VIP
16844.0,562,2,614.34,1,Low-Value
16845.0,617,1,253.88,1,Low-Value
16846.0,49,3,842.41,0,At-Risk
16847.0,42,2,614.89,0,At-Risk
16848.0,52,4,1411.62,3,Loyal
16849.0,186,1,124.57,0,At-Risk
16850.0,333,1,332.41,1,Low-Value
16851.0,3,3,342.45,0,At-Risk
16852.0,9,2,144.91,0,At-Risk
16854.0,416,2,1408.96,1,Low-Value
16855.0,23,2,328.4,0,At-Risk
16856.0,14,3,358.49,0,At-Risk
16857.0,442,1,352.8,1,Low-Value
16858.0,368,10,4292.59,3,Loyal
16859.0,144,7,1932.41,3,Loyal
16860.0,452,3,1610.62,1,Low-Value
16861.0,59,5,946.59,3,Loyal
16862.0,546,4,662.33,1,Low-Value
16863.0,30,3,834.27,0,At-Risk
16864.0,433,2,409.25,1,Low-Value
16865.0,401,1,130.95,1,Low-Value
16866.0,140,3,207.74,0,At-Risk
16867.0,689,1,76.74000000000001,1,Low-Value
16868.0,393,3,384.56,1,Low-Value
16869.0,22,4,817.12,3,Loyal
16870.0,468,1,450.16,1,Low-Value
16871.0,21,6,2812.34,3,Loyal
16872.0,76,6,1213.13,3,Loyal
16873.0,4,12,14617.39,2,VIP
16874.0,378,1,209.89,1,Low-Value
16875.0,66,11,4234.53,2,VIP
16876.0,403,1,136.01,1,Low-Value
16877.0,11,6,846.62,3,Loyal
16878.0,83,1,13.3,0,At-Risk
16880.0,30,8,1813.21,3,Loyal
16881.0,66,1,432.0,0,At-Risk
16882.0,66,3,705.12,0,At-Risk
16883.0,186,19,2246.06,2,VIP
16884.0,37,4,1070.97,3,Loyal
16885.0,14,4,684.6,3,Loyal
16886.0,455,1,134.0,1,Low-Value
16887.0,34,3,658.17,0,At-Risk
16888.0,400,3,434.2,1,Low-Value
16889.0,194,6,2526.65,3,Loyal
16890.0,476,3,285.41,1,Low-Value
16891.0,1,11,1727.94,3,Loyal
16892.0,0,7,754.75,3,Loyal
16893.0,366,2,249.89,1,Low-Value
16894.0,501,3,1306.96,1,Low-Value
16895.0,64,5,1102.9,3,Loyal
16896.0,554,1,103.95,1,Low-Value
16897.0,298,2,289.78,1,Low-Value
16898.0,25,5,885.21,3,Loyal
16899.0,7,8,1695.77,3,Loyal
16900.0,16,3,887.11,3,Loyal
16901.0,728,1,204.26,1,Low-Value
16902.0,115,1,1706.88,0,At-Risk
16903.0,28,3,1041.75,3,Loyal
16904.0,3,21,4675.36,2,VIP
16905.0,4,17,4706.77,2,VIP
16906.0,81,7,1410.92,3,Loyal
16907.0,28,9,1470.89,3,Loyal
16908.0,721,1,252.59,1,Low-Value
16909.0,71,1,379.14,0,At-Risk
16910.0,3,8,1508.96,3,Loyal
16911.0,635,2,255.25,1,Low-Value
16912.0,28,15,4460.51,2,VIP
16913.0,289,3,423.91,0,At-Risk
16914.0,35,1,183.76,0,At-Risk
16915.0,8,11,1543.18,3,Loyal
16916.0,23,4,902.02,3,Loyal
16917.0,276,2,1851.88,3,Loyal
16918.0,49,16,3206.54,2,VIP
16919.0,155,24,4909.66,2,VIP
16920.0,410,1,355.45,1,Low-Value
16921.0,60,3,409.21,0,At-Risk
16922.0,572,1,611.08,1,Low-Value
16923.0,11,32,13157.13,2,VIP
16924.0,20,3,829.89,0,At-Risk
16925.0,539,1,125.65,1,Low-Value
16926.0,370,5,1169.61,3,Loyal
16927.0,115,3,543.05,0,At-Risk
16928.0,79,29,3897.53,2,VIP
16929.0,3,7,1295.39,3,Loyal
16930.0,25,3,378.89,0,At-Risk
16931.0,4,23,5032.22,2,VIP
16932.0,52,3,412.55,0,At-Risk
16933.0,0,9,3099.3,3,Loyal
16934.0,54,6,2083.14,3,Loyal
16935.0,381,3,530.86,1,Low-Value
16936.0,25,2,548.29,0,At-Risk
16937.0,498,1,196.25,1,Low-Value
16938.0,8,9,6995.360000000001,2,VIP
16939.0,488,3,433.85,1,Low-Value
16940.0,51,8,6427.66,2,VIP
16941.0,611,1,33.0,1,Low-Value
16942.0,12,9,1904.99,3,Loyal
16943.0,211,5,1299.49,3,Loyal
16944.0,609,1,101.36,1,Low-Value
16945.0,21,33,8548.16,2,VIP
16946.0,382,5,1222.04,3,Loyal
16947.0,235,5,955.21,3,Loyal
16948.0,138,7,868.77,3,Loyal
16949.0,3,6,1286.27,3,Loyal
16950.0,56,10,3541.77,3,Loyal
16951.0,134,3,1277.75,3,Loyal
16952.0,108,5,795.83,3,Loyal
16953.0,29,1,20.8,0,At-Risk
16954.0,0,20,6081.88,2,VIP
16955.0,184,6,1120.31,3,Loyal
16956.0,17,1,308.74,0,At-Risk
16957.0,238,2,416.64,0,At-Risk
16958.0,434,1,778.49,1,Low-Value
16959.0,86,1,117.35,0,At-Risk
16960.0,38,8,1990.88,3,Loyal
16961.0,115,3,794.56,0,At-Risk
16962.0,409,1,251.04,1,Low-Value
16963.0,186,1,110.55,0,At-Risk
16964.0,732,2,207.85,1,Low-Value
16965.0,226,1,201.19,0,At-Risk
16966.0,7,7,2154.97,3,Loyal
16967.0,188,1,319.02,0,At-Risk
16968.0,3,2,439.43,0,At-Risk
16969.0,38,3,650.41,0,At-Risk
16970.0,625,1,71.4,1,Low-Value
16971.0,37,1,357.21,0,At-Risk
16972.0,382,2,749.0,1,Low-Value
16973.0,385,1,127.0,1,Low-Value
16974.0,522,2,365.5,1,Low-Value
16975.0,422,3,926.12,1,Low-Value
16976.0,266,1,251.52,0,At-Risk
16977.0,394,4,496.0,1,Low-Value
16978.0,77,3,768.88,0,At-Risk
16979.0,3,9,2859.74,3,Loyal
16980.0,254,3,1422.83,3,Loyal
16982.0,60,1,384.06,0,At-Risk
16983.0,12,11,3490.53,2,VIP
16984.0,87,9,10350.53,2,VIP
16985.0,16,23,10923.16,2,VIP
16986.0,29,11,4888.75,2,VIP
16987.0,2,11,2521.4,3,Loyal
16988.0,4,2,382.67,0,At-Risk
16989.0,6,6,1133.25,3,Loyal
16990.0,218,2,344.0,0,At-Risk
16991.0,420,1,1041.21,1,Low-Value
16992.0,10,13,5476.5,2,VIP
16993.0,463,2,1950.95,1,Low-Value
16996.0,29,9,2123.61,3,Loyal
16997.0,287,3,702.0,0,At-Risk
16998.0,149,5,402.0,0,At-Risk
16999.0,22,2,484.82,0,At-Risk
17000.0,395,2,406.3,1,Low-Value
17001.0,0,19,6640.8,2,VIP
17002.0,85,7,2571.55,3,Loyal
17003.0,401,4,828.21,1,Low-Value
17004.0,45,4,2324.36,3,Loyal
17005.0,470,2,622.36,1,Low-Value
17006.0,4,8,1635.27,3,Loyal
17007.0,50,7,1120.1,3,Loyal
17008.0,428,1,81.36,1,Low-Value
17009.0,550,1,242.06,1,Low-Value
17010.0,17,1,195.36,0,At-Risk
17011.0,29,3,671.7,0,At-Risk
17012.0,724,1,360.61,1,Low-Value
17014.0,7,3,583.4300000000001,0,At-Risk
17015.0,28,3,1838.61,3,Loyal
17016.0,576,1,552.4,1,Low-Value
17017.0,2,29,12576.99,2,VIP
17018.0,40,6,2287.7,3,Loyal
17019.0,10,11,3602.29,2,VIP
17020.0,541,2,935.62,1,Low-Value
17021.0,441,6,1182.22,1,Low-Value
17022.0,30,2,260.0,0,At-Risk
17023.0,416,3,800.1800000000001,1,Low-Value
17024.0,44,3,95.85,0,At-Risk
17025.0,60,5,1349.67,3,Loyal
17026.0,184,3,175.83,0,At-Risk
17027.0,78,9,1310.63,3,Loyal
17028.0,580,3,1593.83,1,Low-Value
17029.0,110,7,2137.3,3,Loyal
17030.0,63,1,146.87,0,At-Risk
17031.0,11,6,2773.85,3,Loyal
17032.0,547,8,2984.32,3,Loyal
17033.0,85,4,1332.79,3,Loyal
17034.0,15,5,1276.42,3,Loyal
17035.0,245,4,613.59,3,Loyal
17036.0,382,1,176.89999999999998,1,Low-Value
17037.0,87,1,1267.32,0,At-Risk
17038.0,29,2,743.17,0,At-Risk
17039.0,603,1,1954.99,1,Low-Value
17040.0,137,2,463.25,0,At-Risk
17041.0,26,6,1655.2,3,Loyal
17042.0,2,5,1036.58,3,Loyal
17043.0,31,8,2593.65,3,Loyal
17044.0,24,12,11962.3,2,VIP
17045.0,112,5,827.6800000000001,3,Loyal
17046.0,156,5,1906.07,3,Loyal
17047.0,84,6,2289.23,3,Loyal
17048.0,117,7,2071.68,3,Loyal
17049.0,2,19,9942.53,2,VIP
17050.0,95,11,4648.59,2,VIP
17051.0,193,4,706.49,3,Loyal
17052.0,27,1,399.09,0,At-Risk
17053.0,130,1,498.48,0,At-Risk
17054.0,27,5,1356.33,3,Loyal
17055.0,445,1,232.85,1,Low-Value
17056.0,737,1,128.60000000000002,1,Low-Value
17057.0,595,1,294.74,1,Low-Value
17058.0,81,3,1179.89,3,Loyal
17059.0,29,9,4864.57,2,VIP
17060.0,265,1,234.24,0,At-Risk
17061.0,73,11,5232.2300000000005,2,VIP
17062.0,313,6,889.75,3,Loyal
17063.0,20,13,3638.53,2,VIP
17064.0,58,3,855.45,0,At-Risk
17065.0,637,2,194.7,1,Low-Value
17066.0,725,1,228.34,1,Low-Value
17067.0,724,3,454.54,1,Low-Value
17068.0,11,47,8987.68,2,VIP
17069.0,27,14,5517.2300000000005,2,VIP
17070.0,113,2,437.42,0,At-Risk
17071.0,27,13,3793.71,2,VIP
17072.0,624,1,273.35,1,Low-Value
17073.0,17,4,1446.09,3,Loyal
17074.0,562,1,203.05,1,Low-Value
17075.0,17,10,2236.63,3,Loyal
17076.0,35,6,1242.75,3,Loyal
17077.0,577,1,306.0,1,Low-Value
17078.0,35,2,378.2,0,At-Risk
17079.0,77,1,118.8,0,At-Risk
17080.0,21,7,957.53,3,Loyal
17081.0,24,6,949.39,3,Loyal
17082.0,32,6,4732.03,3,Loyal
17083.0,108,9,4049.79,3,Loyal
17084.0,34,3,5001.21,3,Loyal
17085.0,122,28,7847.67,2,VIP
17086.0,6,6,2050.08,3,Loyal
17087.0,737,1,221.53,1,Low-Value
17088.0,27,4,1991.01,3,Loyal
17089.0,385,1,128.45,1,Low-Value
17090.0,3,13,3080.1800000000003,2,VIP
17091.0,2,19,7495.75,2,VIP
17092.0,49,11,5511.41,2,VIP
17093.0,592,1,235.88,1,Low-Value
17094.0,321,2,402.2000000000001,1,Low-Value
17095.0,22,7,2572.25,3,Loyal
17096.0,14,11,3697.93,2,VIP
17097.0,1,9,1143.36,3,Loyal
17098.0,381,3,591.07,1,Low-Value
17099.0,532,1,582.17,1,Low-Value
17100.0,17,2,971.74,0,At-Risk
17101.0,9,7,2507.05,3,Loyal
17102.0,261,1,25.5,0,At-Risk
17103.0,721,1,424.3,1,Low-Value
17104.0,423,1,474.03,1,Low-Value
17105.0,158,2,665.78,0,At-Risk
17106.0,388,1,481.58,1,Low-Value
17107.0,32,10,16052.72,2,VIP
17108.0,663,1,174.95,1,Low-Value
17109.0,28,8,1291.71,3,Loyal
17110.0,164,3,499.9,0,At-Risk
17111.0,46,2,459.58,0,At-Risk
17112.0,502,1,197.57,1,Low-Value
17113.0,573,6,2305.59,1,Low-Value
17114.0,5,8,801.12,3,Loyal
17115.0,7,7,2761.49,3,Loyal
17116.0,647,1,389.78,1,Low-Value
17117.0,287,1,116.2,1,Low-Value
17118.0,317,1,157.02,1,Low-Value
17119.0,2,2,606.91,0,At-Risk
17120.0,232,1,307.46,0,At-Risk
17121.0,402,1,314.74,1,Low-Value
17122.0,118,4,570.5,0,At-Risk
17123.0,161,3,977.17,3,Loyal
17124.0,184,1,294.24,0,At-Risk
17125.0,49,1,230.5,0,At-Risk
17126.0,151,9,2016.43,3,Loyal
17127.0,428,5,1155.0300000000002,1,Low-Value
17128.0,334,1,157.09,1,Low-Value
17129.0,519,1,31.85,1,Low-Value
17131.0,4,5,2463.17,3,Loyal
17132.0,451,2,1220.91,1,Low-Value
17133.0,15,12,14622.33,2,VIP
17134.0,106,3,625.3,0,At-Risk
17135.0,15,10,1722.18,3,Loyal
17136.0,661,1,231.68,1,Low-Value
17137.0,415,6,1099.81,3,Loyal
17138.0,275,7,4417.27,3,Loyal
17139.0,15,25,19566.76,2,VIP
17140.0,246,1,454.12,0,At-Risk
17141.0,417,4,727.58,1,Low-Value
17142.0,238,4,1275.25,3,Loyal
17143.0,416,2,880.97,1,Low-Value
17144.0,0,2,984.57,0,At-Risk
17145.0,512,4,3120.91,1,Low-Value
17146.0,105,13,5852.64,2,VIP
17147.0,22,9,3199.95,3,Loyal
17148.0,51,1,124.88,0,At-Risk
17149.0,450,1,143.10000000000002,1,Low-Value
17150.0,376,6,1357.95,3,Loyal
17151.0,734,1,231.90000000000003,1,Low-Value
17152.0,194,4,2016.5,3,Loyal
17153.0,23,1,213.78,0,At-Risk
17154.0,74,1,329.34,0,At-Risk
17155.0,17,7,892.46,3,Loyal
17156.0,491,1,591.87,1,Low-Value
17157.0,7,19,5151.900000000001,2,VIP
17158.0,31,5,1980.0,3,Loyal
17159.0,21,5,2099.59,3,Loyal
17160.0,30,17,10209.16,2,VIP
17161.0,443,1,856.01,1,Low-Value
17162.0,28,10,1715.46,3,Loyal
17163.0,21,4,699.78,3,Loyal
17164.0,32,7,2467.35,3,Loyal
17165.0,283,6,1794.32,3,Loyal
17166.0,38,2,206.34,0,At-Risk
17167.0,379,3,867.11,1,Low-Value
17168.0,498,1,400.2,1,Low-Value
17169.0,57,3,1156.73,3,Loyal
17170.0,373,2,178.68,1,Low-Value
17171.0,288,2,384.59,0,At-Risk
17172.0,78,3,956.57,3,Loyal
17173.0,4,8,3766.6,3,Loyal
17174.0,217,1,59.9,0,At-Risk
17175.0,43,4,1443.69,3,Loyal
17176.0,201,3,902.32,3,Loyal
17177.0,504,1,119.5,1,Low-Value
17178.0,730,1,432.96,1,Low-Value
17179.0,177,6,1507.26,3,Loyal
17180.0,55,11,2236.77,3,Loyal
17181.0,56,3,309.85,0,At-Risk
17182.0,422,2,321.3,1,Low-Value
17183.0,7,6,3347.31,3,Loyal
17184.0,568,2,198.41000000000005,1,Low-Value
17185.0,591,3,229.46,1,Low-Value
17186.0,46,2,144.0,0,At-Risk
17187.0,226,2,467.71,0,At-Risk
17188.0,10,13,4592.93,2,VIP
17189.0,105,5,953.63,3,Loyal
17190.0,58,7,1726.57,3,Loyal
17191.0,27,15,4310.34,2,VIP
17192.0,535,1,75.28,1,Low-Value
17193.0,35,9,2310.04,3,Loyal
17194.0,273,3,812.5,0,At-Risk
17195.0,654,1,562.98,1,Low-Value
17196.0,427,1,327.75,1,Low-Value
17197.0,29,1,1013.01,0,At-Risk
17198.0,23,3,692.22,0,At-Risk
17199.0,581,1,135.04000000000002,1,Low-Value
17200.0,386,4,356.71,1,Low-Value
17201.0,53,4,1143.1,3,Loyal
17202.0,420,1,160.65,1,Low-Value
17203.0,35,10,5564.09,2,VIP
17204.0,174,9,5504.6900000000005,3,Loyal
17205.0,53,3,999.35,3,Loyal
17206.0,52,1,204.24,0,At-Risk
17207.0,651,1,292.62,1,Low-Value
17208.0,395,1,111.15,1,Low-Value
17209.0,648,3,595.7,1,Low-Value
17210.0,392,1,251.72,1,Low-Value
17211.0,26,13,3773.35,2,VIP
17212.0,252,3,794.41,0,At-Risk
17213.0,39,13,4869.400000000001,2,VIP
17214.0,59,6,1059.12,3,Loyal
17215.0,463,1,186.15,1,Low-Value
17216.0,553,1,63.6,1,Low-Value
17217.0,233,2,210.1,0,At-Risk
17218.0,3,18,3891.39,2,VIP
17219.0,31,2,259.13,0,At-Risk
17220.0,23,21,4457.31,2,VIP
17221.0,6,5,976.62,3,Loyal
17222.0,64,6,1579.51,3,Loyal
17223.0,309,3,558.04,1,Low-Value
17224.0,500,1,100.86,1,Low-Value
17225.0,581,1,131.15,1,Low-Value
17226.0,308,3,895.47,3,Loyal
17227.0,18,12,1878.93,3,Loyal
17228.0,15,13,2820.03,2,VIP
17229.0,95,2,318.76,0,At-Risk
17230.0,263,18,9388.49,2,VIP
17231.0,11,25,7064.8,2,VIP
17232.0,2,2,417.77,0,At-Risk
17233.0,34,3,560.86,0,At-Risk
17234.0,182,1,149.89,0,At-Risk
17235.0,24,8,1562.98,3,Loyal
17236.0,12,12,1929.26,3,Loyal
17237.0,10,4,994.13,3,Loyal
17238.0,2,32,7331.67,2,VIP
17239.0,312,4,1189.45,3,Loyal
17240.0,595,1,130.6,1,Low-Value
17241.0,384,12,2736.64,3,Loyal
17242.0,107,5,2889.2799999999997,3,Loyal
17243.0,0,69,20203.58,2,VIP
17244.0,52,5,1826.04,3,Loyal
17245.0,204,2,371.63,0,At-Risk
17246.0,546,2,38.92,1,Low-Value
17247.0,14,1,280.09000000000003,0,At-Risk
17248.0,119,2,500.54,0,At-Risk
17249.0,428,1,68.03,1,Low-Value
17250.0,3,2,381.97,0,At-Risk
17251.0,362,3,798.98,1,Low-Value
17252.0,116,2,348.90999999999997,0,At-Risk
17253.0,17,1,178.26,0,At-Risk
17254.0,4,3,469.48,0,At-Risk
17255.0,40,4,781.7,3,Loyal
17256.0,106,5,498.93,3,Loyal
17257.0,435,2,189.78,1,Low-Value
17258.0,396,2,417.3,1,Low-Value
17259.0,147,6,1452.39,3,Loyal
17260.0,410,1,120.95,1,Low-Value
17261.0,509,1,221.59,1,Low-Value
17262.0,51,11,2488.76,3,Loyal
17263.0,207,1,63.440000000000005,0,At-Risk
17264.0,423,1,268.28,1,Low-Value
17265.0,138,2,550.01,0,At-Risk
17266.0,1,5,501.72,3,Loyal
17267.0,126,2,317.2,0,At-Risk
17268.0,107,11,1733.89,3,Loyal
17269.0,385,1,491.81,1,Low-Value
17270.0,468,2,601.45,1,Low-Value
17271.0,735,1,204.3,1,Low-Value
17272.0,41,4,2148.63,3,Loyal
17273.0,423,1,141.12,1,Low-Value
17274.0,34,2,573.22,0,At-Risk
17275.0,382,1,114.1,1,Low-Value
17276.0,401,1,502.49,1,Low-Value
17277.0,227,2,1065.35,0,At-Risk
17278.0,240,2,271.24,0,At-Risk
17279.0,57,1,187.83,0,At-Risk
17280.0,437,1,118.86,1,Low-Value
17281.0,373,6,797.8499999999999,3,Loyal
17282.0,129,5,2308.54,3,Loyal
17283.0,378,1,188.46,1,Low-Value
17284.0,59,8,2788.06,3,Loyal
17285.0,627,2,407.94,1,Low-Value
17286.0,21,3,389.18,0,At-Risk
17287.0,25,21,3826.86,2,VIP
17288.0,8,11,2468.43,3,Loyal
17289.0,31,9,2041.8,3,Loyal
17290.0,3,8,1487.96,3,Loyal
17291.0,307,1,550.8000000000001,1,Low-Value
17292.0,471,2,271.75,1,Low-Value
17293.0,7,17,3750.63,2,VIP
17294.0,668,2,467.79,1,Low-Value
17295.0,28,3,547.0,0,At-Risk
17296.0,729,1,338.13,1,Low-Value
17297.0,16,1,128.18,0,At-Risk
17298.0,100,5,954.26,3,Loyal
17299.0,11,6,993.23,3,Loyal
17300.0,390,2,393.64,1,Low-Value
17301.0,20,2,294.39,0,At-Risk
17302.0,14,5,1135.63,3,Loyal
17303.0,360,1,250.04,1,Low-Value
17304.0,533,1,111.5,1,Low-Value
17305.0,648,1,2135.46,1,Low-Value
17306.0,10,21,9782.35,2,VIP
17307.0,394,11,3999.89,3,Loyal
17308.0,392,2,4511.76,3,Loyal
17309.0,94,3,320.39,0,At-Risk
17310.0,386,2,1025.1,1,Low-Value
17311.0,77,6,3566.56,3,Loyal
17312.0,138,3,644.3,0,At-Risk
17313.0,30,1,2328.84,0,At-Risk
17314.0,24,17,4904.43,2,VIP
17315.0,1,43,9599.58,2,VIP
17316.0,419,1,124.45,1,Low-Value
17317.0,45,3,2600.34,3,Loyal
17318.0,724,1,157.32999999999998,1,Low-Value
17319.0,668,1,29.1,1,Low-Value
17320.0,99,6,2444.85,3,Loyal
17321.0,7,6,1665.21,3,Loyal
17322.0,375,5,922.59,3,Loyal
17323.0,14,12,1551.04,3,Loyal
17324.0,17,12,2171.07,3,Loyal
17325.0,279,3,609.5699999999999,0,At-Risk
17326.0,407,2,312.35,1,Low-Value
17327.0,409,2,152.35,1,Low-Value
17328.0,672,1,104.7,1,Low-Value
17329.0,13,5,998.53,3,Loyal
17330.0,22,4,423.8,0,At-Risk
17331.0,123,1,175.2,0,At-Risk
17332.0,527,5,838.27,1,Low-Value
17333.0,85,1,494.25,0,At-Risk
17334.0,301,3,635.15,0,At-Risk
17335.0,383,2,497.04,1,Low-Value
17336.0,471,1,81.12,1,Low-Value
17337.0,150,4,1981.06,3,Loyal
17338.0,16,17,11889.33,2,VIP
17339.0,93,3,302.36,0,At-Risk
17340.0,29,18,19617.95,2,VIP
17341.0,156,5,1272.21,3,Loyal
17342.0,379,4,1227.54,1,Low-Value
17343.0,354,6,1259.94,3,Loyal
17344.0,45,2,457.36,0,At-Risk
17345.0,14,10,1586.63,3,Loyal
17346.0,3,26,4998.61,2,VIP
17347.0,85,1,228.96,0,At-Risk
17348.0,14,9,2442.29,3,Loyal
17349.0,178,5,772.41,3,Loyal
17350.0,7,7,1893.701,3,Loyal
17351.0,35,12,1988.23,3,Loyal
17352.0,695,1,36.25,1,Low-Value
17353.0,128,4,3242.0,3,Loyal
17354.0,50,4,3133.96,3,Loyal
17355.0,385,1,273.31,1,Low-Value
17356.0,311,5,946.47,3,Loyal
17357.0,23,2,384.39,0,At-Risk
17358.0,302,5,861.01,3,Loyal
17359.0,10,2,284.46,0,At-Risk
17360.0,16,6,1200.51,3,Loyal
17361.0,48,5,871.7900000000001,3,Loyal
17362.0,238,7,1024.04,3,Loyal
17363.0,394,3,920.46,1,Low-Value
17364.0,0,28,11972.92,2,VIP
17365.0,12,15,8184.49,2,VIP
17366.0,431,2,1077.24,1,Low-Value
17367.0,237,1,167.55,0,At-Risk
17368.0,22,14,2758.29,2,VIP
17369.0,455,1,979.2,1,Low-Value
17370.0,72,4,446.18,0,At-Risk
17371.0,16,6,655.37,3,Loyal
17372.0,40,28,4347.31,2,VIP
17373.0,39,7,1167.5,3,Loyal
17374.0,218,3,727.11,0,At-Risk
17375.0,198,4,660.55,3,Loyal
17376.0,70,4,453.64,0,At-Risk
17377.0,23,78,17644.27,2,VIP
17378.0,373,1,10.95,1,Low-Value
17379.0,10,1,389.72,0,At-Risk
17380.0,433,3,645.0,1,Low-Value
17381.0,8,38,36398.65,2,VIP
17382.0,64,8,902.28,3,Loyal
17383.0,3,2,304.09000000000003,0,At-Risk
17384.0,18,3,507.55,0,At-Risk
17385.0,14,1,256.11,0,At-Risk
17386.0,7,7,2812.77,3,Loyal
17387.0,19,2,746.81,0,At-Risk
17388.0,77,11,2675.37,3,Loyal
17389.0,0,61,57215.33,2,VIP
17390.0,420,1,149.3,1,Low-Value
17391.0,163,2,508.8,0,At-Risk
17392.0,306,3,585.92,1,Low-Value
17393.0,410,2,381.15,1,Low-Value
17394.0,218,1,203.87,0,At-Risk
17395.0,507,1,97.5,1,Low-Value
17396.0,38,14,8409.6,2,VIP
17397.0,21,3,1198.28,3,Loyal
17398.0,114,3,653.38,0,At-Risk
17400.0,125,8,4623.28,3,Loyal
17401.0,540,1,114.85,1,Low-Value
17402.0,4,23,4635.5599999999995,2,VIP
17403.0,35,2,382.87,0,At-Risk
17404.0,3,23,47781.12,2,VIP
17405.0,0,3,1031.41,3,Loyal
17406.0,332,13,4186.95,2,VIP
17407.0,411,1,552.9,1,Low-Value
17408.0,162,3,316.09000000000003,0,At-Risk
17409.0,184,10,7793.51,2,VIP
17410.0,15,5,1214.72,3,Loyal
17411.0,11,5,1425.38,3,Loyal
17412.0,2,16,4220.22,2,VIP
17413.0,404,2,560.14,1,Low-Value
17414.0,43,6,2249.52,3,Loyal
17415.0,79,1,507.84,0,At-Risk
17416.0,29,22,17298.45,2,VIP
17417.0,548,1,164.18,1,Low-Value
17418.0,41,3,670.0600000000001,0,At-Risk
17419.0,10,18,6126.25,2,VIP
17420.0,49,6,953.58,3,Loyal
17421.0,385,3,1059.41,1,Low-Value
17422.0,15,11,3594.76,2,VIP
17423.0,45,3,1118.95,3,Loyal
17425.0,18,2,759.17,0,At-Risk
17426.0,7,13,8077.77,2,VIP
17427.0,71,1,100.8,0,At-Risk
17428.0,0,45,31466.76,2,VIP
17429.0,127,5,1357.46,3,Loyal
17430.0,32,4,622.57,3,Loyal
17431.0,312,1,403.3,1,Low-Value
17432.0,17,9,1728.99,3,Loyal
17433.0,87,2,569.96,0,At-Risk
17434.0,1,7,2373.82,3,Loyal
17435.0,410,1,331.35,1,Low-Value
17436.0,1,5,534.0600000000001,3,Loyal
17437.0,529,1,369.68,1,Low-Value
17438.0,253,5,1422.77,3,Loyal
17439.0,655,1,325.74,1,Low-Value
17440.0,156,4,323.58,0,At-Risk
17441.0,731,1,293.35,1,Low-Value
17442.0,36,15,4620.3,2,VIP
17443.0,219,1,534.24,0,At-Risk
17444.0,147,3,2940.04,3,Loyal
17446.0,176,2,120.9,0,At-Risk
17447.0,39,2,541.53,0,At-Risk
17448.0,496,46,14523.67,2,VIP
17449.0,1,13,4868.15,2,VIP
17450.0,7,51,244784.25,2,VIP
17451.0,0,7,1721.4,3,Loyal
17453.0,17,2,486.72,0,At-Risk
17454.0,191,10,1547.94,3,Loyal
17455.0,203,1,131.7,0,At-Risk
17456.0,364,2,975.56,1,Low-Value
17457.0,126,14,5984.81,2,VIP
17458.0,14,2,529.58,0,At-Risk
17459.0,42,2,657.3,0,At-Risk
17460.0,93,16,2157.9700000000003,2,VIP
17461.0,22,3,735.82,0,At-Risk
17462.0,59,2,675.69,0,At-Risk
17463.0,15,7,2535.26,3,Loyal
17464.0,157,3,907.14,3,Loyal
17465.0,425,7,2542.79,3,Loyal
17466.0,9,2,763.28,0,At-Risk
17467.0,394,1,102.6,1,Low-Value
17468.0,9,3,194.8,0,At-Risk
17469.0,15,17,5051.25,2,VIP
17470.0,44,11,2626.47,3,Loyal
17471.0,474,1,321.65000000000003,1,Low-Value
17472.0,190,4,922.35,3,Loyal
17473.0,408,2,607.0,1,Low-Value
17474.0,599,1,1047.0,1,Low-Value
17475.0,78,1,194.37,0,At-Risk
17476.0,395,2,489.86,1,Low-Value
17477.0,612,2,1144.3,1,Low-Value
17478.0,407,2,1272.8000000000002,1,Low-Value
17479.0,632,1,389.26,1,Low-Value
17480.0,77,2,882.23,0,At-Risk
17481.0,3,4,1255.59,3,Loyal
17482.0,486,2,775.64,1,Low-Value
17483.0,64,4,591.73,0,At-Risk
17484.0,575,2,209.57,1,Low-Value
17486.0,260,1,396.87,0,At-Risk
17487.0,727,1,160.55,1,Low-Value
17488.0,640,1,336.5,1,Low-Value
17489.0,58,2,376.64,0,At-Risk
17490.0,0,9,2750.5,3,Loyal
17491.0,0,17,5653.67,2,VIP
17492.0,247,3,1122.42,3,Loyal
17493.0,384,1,100.91,1,Low-Value
17494.0,501,1,54.7,1,Low-Value
17495.0,7,3,806.72,0,At-Risk
17496.0,358,4,1412.89,3,Loyal
17497.0,389,2,287.25,1,Low-Value
17498.0,75,1,272.21999999999997,0,At-Risk
17499.0,289,2,1341.39,0,At-Risk
17500.0,16,3,1138.0,3,Loyal
17501.0,220,2,288.6,0,At-Risk
17502.0,8,4,689.1,3,Loyal
17503.0,2,2,558.96,0,At-Risk
17504.0,205,18,9490.17,2,VIP
17505.0,161,5,2435.48,3,Loyal
17506.0,75,1,302.2,0,At-Risk
17507.0,261,2,605.58,0,At-Risk
17508.0,280,8,4579.23,3,Loyal
17509.0,57,8,6083.64,2,VIP
17510.0,24,2,514.56,0,At-Risk
17511.0,2,60,172132.87,2,VIP
17512.0,28,18,5467.820000000001,2,VIP
17513.0,71,3,1158.8,3,Loyal
17514.0,127,2,522.0,0,At-Risk
17515.0,30,9,1602.51,3,Loyal
17516.0,14,6,947.5,3,Loyal
17517.0,308,1,153.94,1,Low-Value
17518.0,425,2,329.42,1,Low-Value
17519.0,16,15,4774.17,2,VIP
17520.0,53,1,546.81,0,At-Risk
17521.0,29,5,1278.06,3,Loyal
17522.0,1,5,1070.71,3,Loyal
17523.0,10,4,652.74,3,Loyal
17524.0,360,3,539.14,1,Low-Value
17525.0,359,3,1161.9,1,Low-Value
17526.0,4,12,3939.24,2,VIP
17527.0,53,4,939.37,3,Loyal
17528.0,0,8,3628.5,3,Loyal
17529.0,609,2,1240.25,1,Low-Value
17530.0,0,12,2791.69,2,VIP
17531.0,189,3,1266.82,3,Loyal
17532.0,385,1,65.34,1,Low-Value
17533.0,434,1,34.8,1,Low-Value
17534.0,53,5,1668.83,3,Loyal
17535.0,279,1,164.4,0,At-Risk
17536.0,176,3,364.83,0,At-Risk
17537.0,29,2,887.67,0,At-Risk
17538.0,25,1,98.42,0,At-Risk
17539.0,617,4,1176.84,1,Low-Value
17540.0,24,6,1590.6,3,Loyal
17541.0,509,1,119.86,1,Low-Value
17542.0,269,3,340.85,0,At-Risk
17543.0,549,1,120.05,1,Low-Value
17544.0,389,3,944.82,1,Low-Value
17545.0,42,6,1409.86,3,Loyal
17547.0,375,2,727.85,1,Low-Value
17548.0,233,4,731.26,3,Loyal
17549.0,23,2,148.86,0,At-Risk
17550.0,196,9,2506.64,3,Loyal
17551.0,358,1,290.34,1,Low-Value
17552.0,59,12,2786.77,2,VIP
17553.0,129,4,3757.6,3,Loyal
17554.0,0,5,1952.45,3,Loyal
17555.0,19,5,1045.74,3,Loyal
17556.0,205,2,300.67,0,At-Risk
17557.0,13,4,575.46,0,At-Risk
17558.0,392,1,259.17,1,Low-Value
17559.0,512,1,167.62,1,Low-Value
17560.0,94,8,1895.8,3,Loyal
17561.0,18,4,703.02,3,Loyal
17562.0,13,7,1122.38,3,Loyal
17563.0,577,2,392.38,1,Low-Value
17564.0,23,3,454.01,0,At-Risk
17565.0,586,1,131.83,1,Low-Value
17566.0,7,2,869.77,0,At-Risk
17567.0,6,9,4838.08,2,VIP
17568.0,632,1,374.45,1,Low-Value
17569.0,331,1,344.14,1,Low-Value
17570.0,381,1,100.0,1,Low-Value
17571.0,49,5,1630.91,3,Loyal
17572.0,70,10,652.21,3,Loyal
17573.0,28,3,380.6,0,At-Risk
17574.0,242,1,185.65,0,At-Risk
17575.0,666,1,171.7,1,Low-Value
17576.0,7,41,8711.95,2,VIP
17577.0,644,2,348.75,1,Low-Value
17578.0,217,7,1047.33,3,Loyal
17579.0,4,4,753.28,3,Loyal
17580.0,252,5,541.02,3,Loyal
17581.0,0,43,17951.17,2,VIP
17582.0,235,5,1446.95,3,Loyal
17583.0,559,1,135.95,1,Low-Value
17584.0,6,6,5309.42,3,Loyal
17585.0,108,7,2064.71,3,Loyal
17586.0,618,1,167.4,1,Low-Value
17587.0,627,1,176.71,1,Low-Value
17588.0,99,7,2939.55,3,Loyal
17589.0,59,18,13837.94,2,VIP
17590.0,1,3,1468.02,3,Loyal
17591.0,72,8,2339.32,3,Loyal
17592.0,738,1,148.3,1,Low-Value
17593.0,3,11,8092.32,2,VIP
17594.0,84,4,2497.88,3,Loyal
17595.0,11,2,386.69,0,At-Risk
17596.0,22,13,4491.46,2,VIP
17597.0,213,5,3484.09,3,Loyal
17598.0,380,1,409.98,1,Low-Value
17599.0,477,1,52.05,1,Low-Value
17600.0,17,1,161.67000000000002,0,At-Risk
17601.0,238,2,413.08,0,At-Risk
17602.0,1,14,7354.43,2,VIP
17603.0,77,4,1788.38,3,Loyal
17604.0,216,6,942.38,3,Loyal
17605.0,589,1,160.75,1,Low-Value
17606.0,736,1,87.30000000000001,1,Low-Value
17607.0,375,1,333.81,1,Low-Value
17608.0,32,4,488.06,0,At-Risk
17609.0,40,11,1887.9,3,Loyal
17610.0,539,5,1511.94,1,Low-Value
17611.0,6,28,8337.53,2,VIP
17612.0,52,18,5394.86,2,VIP
17613.0,22,14,4544.55,2,VIP
17614.0,56,1,386.32,0,At-Risk
17615.0,129,6,721.8,3,Loyal
17616.0,173,4,734.4,3,Loyal
17617.0,558,1,385.19,1,Low-Value
17618.0,5,11,4001.64,2,VIP
17619.0,311,1,214.37,1,Low-Value
17620.0,59,1,81.44,0,At-Risk
17621.0,20,6,3175.12,3,Loyal
17622.0,597,2,1130.21,1,Low-Value
17623.0,32,7,2365.77,3,Loyal
17624.0,14,4,1568.63,3,Loyal
17625.0,17,8,5978.9,2,VIP
17626.0,602,1,254.0,1,Low-Value
17627.0,478,1,296.36,1,Low-Value
17628.0,80,1,75.75,0,At-Risk
17629.0,5,10,2455.52,3,Loyal
17630.0,169,2,503.6,0,At-Risk
17631.0,1,7,998.49,3,Loyal
17633.0,30,7,2057.39,3,Loyal
17634.0,35,9,2358.59,3,Loyal
17635.0,423,3,1265.58,1,Low-Value
17636.0,18,1,285.56,0,At-Risk
17637.0,30,2,547.0600000000001,0,At-Risk
17638.0,646,2,842.4,1,Low-Value
17639.0,275,6,615.17,3,Loyal
17640.0,86,6,3168.94,3,Loyal
17642.0,119,5,1824.49,3,Loyal
17643.0,372,2,439.7,1,Low-Value
17644.0,0,20,6028.6,2,VIP
17646.0,218,12,3898.79,2,VIP
17647.0,64,3,331.65999999999997,0,At-Risk
17648.0,60,5,2216.37,3,Loyal
17649.0,137,3,1578.89,3,Loyal
17650.0,20,1,166.07999999999998,0,At-Risk
17651.0,11,16,5703.5199999999995,2,VIP
17652.0,24,12,4867.72,2,VIP
17653.0,36,4,1207.56,3,Loyal
17654.0,276,1,117.55,0,At-Risk
17655.0,10,9,2976.38,3,Loyal
17656.0,72,5,1674.69,3,Loyal
17657.0,429,1,126.0,1,Low-Value
17658.0,25,2,595.42,0,At-Risk
17659.0,16,14,3586.99,2,VIP
17660.0,140,2,342.22,0,At-Risk
17662.0,661,2,412.92,1,Low-Value
17663.0,25,17,5175.83,2,VIP
17664.0,18,4,1166.23,3,Loyal
17665.0,492,1,563.1,1,Low-Value
17666.0,3,5,2047.8,3,Loyal
17667.0,65,9,3950.7,3,Loyal
17668.0,0,2,347.75,0,At-Risk
17669.0,42,10,6142.35,2,VIP
17670.0,227,1,205.7,0,At-Risk
17671.0,15,5,2009.16,3,Loyal
17672.0,49,7,5778.63,3,Loyal
17673.0,1,13,4173.88,2,VIP
17674.0,73,2,551.04,0,At-Risk
17675.0,0,70,37642.48,2,VIP
17676.0,3,10,2448.64,3,Loyal
17677.0,1,54,35058.46,2,VIP
17678.0,263,2,599.76,0,At-Risk
17679.0,52,7,3577.61,3,Loyal
17680.0,23,3,497.45,0,At-Risk
17681.0,596,5,731.2,1,Low-Value
17682.0,9,11,4065.28,2,VIP
17683.0,385,3,819.01,1,Low-Value
17684.0,43,1,239.41,0,At-Risk
17685.0,16,12,5454.95,2,VIP
17686.0,6,9,8296.81,2,VIP
17687.0,420,1,432.68,1,Low-Value
17688.0,393,1,304.2,1,Low-Value
17689.0,387,2,317.08,1,Low-Value
17690.0,29,20,6963.8,2,VIP
17691.0,357,4,637.55,1,Low-Value
17692.0,126,12,2975.8,3,Loyal
17693.0,136,1,200.47,0,At-Risk
17694.0,141,3,1695.97,3,Loyal
17695.0,131,5,1746.04,3,Loyal
17696.0,37,27,7679.59,2,VIP
17697.0,235,1,338.95,0,At-Risk
17698.0,260,1,154.95,0,At-Risk
17699.0,476,2,442.0,1,Low-Value
17700.0,16,14,6679.97,2,VIP
17701.0,252,1,417.95,0,At-Risk
17702.0,29,6,3144.04,3,Loyal
17703.0,34,4,1094.84,3,Loyal
17704.0,168,2,885.19,0,At-Risk
17705.0,2,11,2083.9,3,Loyal
17706.0,3,31,20272.15,2,VIP
17707.0,184,8,609.3,3,Loyal
17708.0,187,4,884.1800000000001,3,Loyal
17709.0,169,5,671.01,3,Loyal
17710.0,423,1,293.5,1,Low-Value
17711.0,10,2,385.1,0,At-Risk
17712.0,44,1,522.91,0,At-Risk
17713.0,381,4,1198.09,1,Low-Value
17714.0,320,5,1410.18,3,Loyal
17715.0,200,2,489.6,0,At-Risk
17716.0,22,24,15956.97,2,VIP
17717.0,420,1,376.92,1,Low-Value
17718.0,231,2,439.18,0,At-Risk
17719.0,37,15,5396.04,2,VIP
17720.0,25,10,2666.91,3,Loyal
17721.0,658,1,307.21000000000004,1,Low-Value
17722.0,95,5,3520.2200000000003,3,Loyal
17723.0,126,7,3378.4000000000005,3,Loyal
17724.0,70,3,1033.0,3,Loyal
17725.0,15,11,3439.08,2,VIP
17726.0,394,7,1092.06,3,Loyal
17727.0,14,1,1060.25,0,At-Risk
17728.0,3,5,4238.76,3,Loyal
17729.0,595,1,438.65,1,Low-Value
17730.0,2,20,7773.8,2,VIP
17731.0,78,6,1708.99,3,Loyal
17732.0,372,8,2166.42,3,Loyal
17733.0,38,2,692.19,0,At-Risk
17734.0,53,6,1442.32,3,Loyal
17735.0,1,26,16790.33,2,VIP
17736.0,8,3,377.44,0,At-Risk
17737.0,8,2,168.24,0,At-Risk
17738.0,18,13,4183.56,2,VIP
17739.0,11,18,7730.59,2,VIP
17740.0,388,6,426.9,1,Low-Value
17741.0,406,2,101.1,1,Low-Value
17742.0,112,11,2098.48,3,Loyal
17743.0,447,1,229.2,1,Low-Value
17744.0,3,7,2649.14,3,Loyal
17745.0,477,2,600.34,1,Low-Value
17746.0,239,4,904.18,3,Loyal
17747.0,112,1,71.4,0,At-Risk
17748.0,526,1,358.15,1,Low-Value
17749.0,177,3,1026.18,3,Loyal
17750.0,4,9,1710.45,3,Loyal
17751.0,420,1,157.86,1,Low-Value
17752.0,358,1,80.64,1,Low-Value
17753.0,463,4,382.06,1,Low-Value
17754.0,0,13,4451.22,2,VIP
17756.0,375,3,728.75,1,Low-Value
17757.0,0,56,9074.05,2,VIP
17758.0,18,12,4964.03,2,VIP
17759.0,16,5,1261.88,3,Loyal
17760.0,21,6,746.39,3,Loyal
17761.0,32,1,712.78,0,At-Risk
17762.0,455,1,129.75,1,Low-Value
17763.0,262,4,86.15,0,At-Risk
17764.0,50,5,1513.57,3,Loyal
17765.0,158,4,524.0,0,At-Risk
17766.0,380,2,299.61,1,Low-Value
17767.0,14,2,413.05,0,At-Risk
17768.0,7,7,3292.73,3,Loyal
17769.0,12,17,7053.38,2,VIP
17770.0,198,5,1143.27,3,Loyal
17771.0,56,4,387.41,0,At-Risk
17772.0,10,3,360.75,0,At-Risk
17773.0,513,2,575.37,1,Low-Value
17774.0,96,9,3273.83,3,Loyal
17775.0,254,1,56.4,0,At-Risk
17776.0,386,2,330.56,1,Low-Value
17777.0,24,3,647.56,0,At-Risk
17778.0,661,1,197.7,1,Low-Value
17779.0,20,3,650.32,0,At-Risk
17780.0,666,3,346.56,1,Low-Value
17781.0,158,2,188.02,0,At-Risk
17782.0,382,2,679.02,1,Low-Value
17783.0,71,3,376.96,0,At-Risk
17784.0,549,1,112.86,1,Low-Value
17785.0,52,3,403.38,0,At-Risk
17786.0,84,2,266.85,0,At-Risk
17787.0,152,4,1817.54,3,Loyal
17788.0,73,2,1117.9,0,At-Risk
17789.0,280,2,397.15,0,At-Risk
17790.0,26,20,2779.41,2,VIP
17791.0,29,1,106.1,0,At-Risk
17792.0,466,2,368.35,1,Low-Value
17793.0,24,1,300.34,0,At-Risk
17794.0,686,2,147.3,1,Low-Value
17795.0,179,2,342.83,0,At-Risk
17796.0,39,7,1236.39,3,Loyal
17797.0,21,8,1971.87,3,Loyal
17798.0,581,1,178.07,1,Low-Value
17799.0,21,20,6246.93,2,VIP
17800.0,36,9,1187.21,3,Loyal
17801.0,450,3,770.03,1,Low-Value
17802.0,81,10,4946.22,2,VIP
17803.0,391,1,184.66,1,Low-Value
17804.0,375,3,383.78,1,Low-Value
17805.0,73,2,927.03,0,At-Risk
17806.0,10,1,546.04,0,At-Risk
17807.0,394,3,437.87,1,Low-Value
17808.0,548,4,262.64,1,Low-Value
17809.0,15,20,10085.89,2,VIP
17810.0,668,2,373.16,1,Low-Value
17811.0,3,47,9519.8,2,VIP
17812.0,12,7,911.99,3,Loyal
17813.0,13,5,1698.07,3,Loyal
17814.0,374,2,1609.37,1,Low-Value
17815.0,392,1,591.96,1,Low-Value
17816.0,36,6,96.11,0,At-Risk
17817.0,3,6,788.15,3,Loyal
17818.0,737,1,124.78,1,Low-Value
17819.0,71,12,6021.05,2,VIP
17820.0,373,1,180.61,1,Low-Value
17821.0,405,1,334.62,1,Low-Value
17822.0,419,5,2162.93,3,Loyal
17823.0,420,2,449.25,1,Low-Value
17824.0,50,1,298.4,0,At-Risk
17825.0,598,4,701.96,1,Low-Value
17826.0,373,1,133.34,1,Low-Value
17827.0,4,6,2376.17,3,Loyal
17828.0,22,4,1820.09,3,Loyal
17829.0,298,5,4756.74,3,Loyal
17830.0,1,3,398.7,0,At-Risk
17831.0,32,1,35.400000000000006,0,At-Risk
17832.0,49,1,155.37,0,At-Risk
17833.0,722,1,338.46000000000004,1,Low-Value
17834.0,414,2,689.6700000000001,1,Low-Value
17835.0,2,3,342.24,0,At-Risk
17836.0,46,1,110.21,0,At-Risk
17837.0,41,8,1541.23,3,Loyal
17838.0,26,13,5604.64,2,VIP
17839.0,41,1,318.15,0,At-Risk
17840.0,443,1,175.9,1,Low-Value
17841.0,1,211,68545.25,2,VIP
17842.0,601,1,430.69,1,Low-Value
17843.0,302,2,320.4,1,Low-Value
17844.0,106,1,51.559999999999995,0,At-Risk
17845.0,554,4,596.09,1,Low-Value
17846.0,84,1,2033.1,0,At-Risk
17847.0,515,2,129.69,1,Low-Value
17848.0,80,30,3559.11,2,VIP
17849.0,217,8,1063.76,3,Loyal
17850.0,371,155,51208.87,2,VIP
17851.0,421,6,1552.35,3,Loyal
17852.0,11,5,657.8100000000001,3,Loyal
17853.0,406,3,1596.29,1,Low-Value
17854.0,184,6,1068.5,3,Loyal
17855.0,372,1,208.97,1,Low-Value
17856.0,1,4,1418.03,3,Loyal
17857.0,3,24,27347.04,2,VIP
17858.0,5,30,12518.65,2,VIP
17859.0,304,1,141.92,1,Low-Value
17860.0,368,4,717.39,1,Low-Value
17861.0,2,18,5088.29,2,VIP
17862.0,323,4,1254.89,3,Loyal
17863.0,58,12,5360.48,2,VIP
17864.0,12,5,876.57,3,Loyal
17865.0,30,46,26312.19,2,VIP
17866.0,142,3,1134.95,3,Loyal
17867.0,29,15,1582.0500000000002,3,Loyal
17868.0,385,1,227.15,1,Low-Value
17869.0,106,7,813.64,3,Loyal
17870.0,1,13,2753.29,2,VIP
17871.0,204,5,1068.95,3,Loyal
17872.0,381,1,235.87,1,Low-Value
17873.0,79,18,6265.33,2,VIP
17874.0,184,6,683.46,3,Loyal
17875.0,687,1,167.1,1,Low-Value
17876.0,399,3,3424.02,3,Loyal
17877.0,169,1,237.61,0,At-Risk
17878.0,43,3,1378.93,3,Loyal
17879.0,173,1,178.52,0,At-Risk
17880.0,364,3,824.9200000000001,1,Low-Value
17881.0,303,1,133.35,1,Low-Value
17882.0,378,2,291.56,1,Low-Value
17883.0,2,7,988.42,3,Loyal
17884.0,3,20,2698.47,2,VIP
17885.0,11,1,156.34,0,At-Risk
17886.0,31,6,1572.55,3,Loyal
17887.0,128,1,111.35,0,At-Risk
17888.0,20,25,1807.44,2,VIP
17889.0,211,7,746.42,3,Loyal
17890.0,322,2,586.89,1,Low-Value
17891.0,161,1,203.86,0,At-Risk
17892.0,55,3,244.1,0,At-Risk
17893.0,224,1,107.21,0,At-Risk
17894.0,71,18,2304.58,2,VIP
17895.0,43,1,95.45,0,At-Risk
17896.0,22,1,256.32,0,At-Risk
17897.0,172,9,2099.89,3,Loyal
17898.0,84,4,299.18,0,At-Risk
17899.0,158,1,154.55,0,At-Risk
17900.0,189,2,112.2,0,At-Risk
17901.0,28,3,260.08,0,At-Risk
17902.0,546,1,216.4,1,Low-Value
17903.0,393,1,381.09,1,Low-Value
17904.0,20,1,181.07,0,At-Risk
17905.0,70,13,2178.87,3,Loyal
17906.0,246,1,72.9,0,At-Risk
17907.0,640,1,291.76,1,Low-Value
17908.0,373,5,1142.47,3,Loyal
17909.0,736,1,110.05,1,Low-Value
17910.0,725,1,261.7,1,Low-Value
17911.0,8,1,366.23,0,At-Risk
17912.0,309,6,374.55,3,Loyal
17913.0,58,14,3429.29,2,VIP
17914.0,3,1,329.36,0,At-Risk
17915.0,550,1,225.78,1,Low-Value
17916.0,628,2,43.87,1,Low-Value
17917.0,44,3,335.03,0,At-Risk
17918.0,500,3,396.39,1,Low-Value
17919.0,87,2,1840.32,3,Loyal
17920.0,3,54,23581.78,2,VIP
17921.0,63,10,2394.36,3,Loyal
17922.0,542,1,170.4,1,Low-Value
17923.0,281,3,497.0,0,At-Risk
17924.0,11,8,3257.7000000000003,3,Loyal
17925.0,372,1,244.08,1,Low-Value
17926.0,132,5,1035.49,3,Loyal
17927.0,721,1,294.0,1,Low-Value
17928.0,44,3,341.24,0,At-Risk
17929.0,10,12,3082.1,2,VIP
17930.0,35,13,4275.22,2,VIP
17931.0,133,14,3402.24,2,VIP
17932.0,28,3,1331.57,3,Loyal
17933.0,631,1,114.69,1,Low-Value
17934.0,51,3,1049.15,3,Loyal
17935.0,137,7,686.14,3,Loyal
17936.0,4,1,380.13,0,At-Risk
17937.0,8,7,4301.22,3,Loyal
17938.0,419,1,144.29,1,Low-Value
17939.0,159,1,99.14,0,At-Risk
17940.0,48,16,30306.79,2,VIP
17941.0,130,4,1433.28,3,Loyal
17942.0,7,1,77.50000000000001,0,At-Risk
17944.0,422,1,74.99,1,Low-Value
17945.0,696,3,360.35,1,Low-Value
17946.0,232,2,149.57999999999998,0,At-Risk
17947.0,36,1,176.68,0,At-Risk
17948.0,146,1,358.56000000000006,0,At-Risk
17949.0,0,118,117314.08,2,VIP
17950.0,71,7,1166.29,3,Loyal
17951.0,39,4,1340.5800000000002,3,Loyal
17952.0,377,4,788.46,1,Low-Value
17953.0,539,1,159.17000000000002,1,Low-Value
17954.0,4,19,3804.38,2,VIP
17955.0,198,6,949.9,3,Loyal
17956.0,248,1,12.75,0,At-Risk
17957.0,65,1,111.68,0,At-Risk
17958.0,116,2,973.88,0,At-Risk
17959.0,591,1,140.75,1,Low-Value
17960.0,170,3,135.08,0,At-Risk
17961.0,20,100,2866.74,2,VIP
17962.0,141,4,666.96,3,Loyal
17963.0,470,4,643.16,1,Low-Value
17964.0,31,2,463.21,0,At-Risk
17965.0,37,29,7006.65,2,VIP
17966.0,37,10,1963.92,3,Loyal
17967.0,371,2,223.42,1,Low-Value
17968.0,373,4,590.44,1,Low-Value
17969.0,165,20,2354.29,2,VIP
17970.0,210,1,562.79,0,At-Risk
17971.0,547,1,161.94,1,Low-Value
17972.0,241,1,135.19,0,At-Risk
17973.0,51,1,337.04,0,At-Risk
17974.0,24,6,1739.09,3,Loyal
17975.0,14,24,6696.33,2,VIP
17976.0,371,1,321.79,1,Low-Value
17977.0,28,2,1511.45,3,Loyal
17978.0,364,4,1159.99,3,Loyal
17979.0,35,4,732.41,3,Loyal
17980.0,165,4,1012.72,3,Loyal
17981.0,410,1,239.12,1,Low-Value
17982.0,680,1,138.18,1,Low-Value
17983.0,394,1,171.71,1,Low-Value
17984.0,144,5,1152.19,3,Loyal
17985.0,21,1,631.35,0,At-Risk
17986.0,55,1,20.8,0,At-Risk
17987.0,184,5,965.44,3,Loyal
17988.0,11,14,489.54,3,Loyal
17989.0,378,1,207.33,1,Low-Value
17990.0,236,6,1527.61,3,Loyal
17991.0,224,3,300.3,0,At-Risk
17992.0,388,1,252.88,1,Low-Value
17993.0,616,1,225.99,1,Low-Value
17994.0,121,11,2270.0299999999997,3,Loyal
17995.0,281,3,495.48,0,At-Risk
17996.0,379,3,482.33,1,Low-Value
17997.0,73,8,1962.46,3,Loyal
17998.0,379,3,639.24,1,Low-Value
17999.0,36,3,528.46,0,At-Risk
18000.0,563,1,124.25,1,Low-Value
18001.0,11,6,924.14,3,Loyal
18002.0,375,4,244.37,1,Low-Value
18003.0,375,1,353.51,1,Low-Value
18004.0,361,1,157.92,1,Low-Value
18005.0,3,2,226.47,0,At-Risk
18006.0,22,4,969.51,3,Loyal
18007.0,392,1,215.22,1,Low-Value
18008.0,69,23,19759.08,2,VIP
18009.0,234,8,2144.23,3,Loyal
18010.0,256,1,174.8,0,At-Risk
18011.0,372,2,410.79,1,Low-Value
18012.0,722,1,115.3,1,Low-Value
18013.0,154,2,187.29,0,At-Risk
18014.0,27,1,162.22,0,At-Risk
18015.0,3,1,120.03,0,At-Risk
18016.0,31,7,1954.56,3,Loyal
18017.0,80,4,688.0,3,Loyal
18018.0,107,4,297.99,0,At-Risk
18019.0,51,1,38.45,0,At-Risk
18020.0,543,1,190.48,1,Low-Value
18021.0,509,2,216.41,1,Low-Value
18022.0,35,5,1507.25,3,Loyal
18024.0,152,2,389.78,0,At-Risk
18025.0,379,6,1177.72,3,Loyal
18026.0,500,2,2074.07,1,Low-Value
18027.0,98,1,115.31,0,At-Risk
18028.0,582,1,192.05,1,Low-Value
18029.0,641,1,433.77,1,Low-Value
18030.0,3,2,230.65,0,At-Risk
18031.0,378,1,451.3,1,Low-Value
18032.0,333,1,73.5,1,Low-Value
18033.0,64,1,93.82,0,At-Risk
18034.0,21,3,754.2,0,At-Risk
18035.0,35,5,1260.23,3,Loyal
18036.0,31,11,1545.49,3,Loyal
18037.0,153,15,167.42,3,Loyal
18038.0,555,1,141.48,1,Low-Value
18039.0,373,4,548.22,1,Low-Value
18040.0,18,2,357.20000000000005,0,At-Risk
18041.0,11,38,8018.77,2,VIP
18042.0,53,2,281.15,0,At-Risk
18043.0,24,3,529.29,0,At-Risk
18044.0,3,18,3505.61,2,VIP
18045.0,44,1,178.34,0,At-Risk
18046.0,649,1,189.63,1,Low-Value
18047.0,380,2,326.09,1,Low-Value
18048.0,202,3,394.93,0,At-Risk
18049.0,436,2,500.92,1,Low-Value
18050.0,358,2,412.06,1,Low-Value
18051.0,633,7,2282.28,1,Low-Value
18052.0,564,1,10877.18,1,Low-Value
18053.0,70,3,571.07,0,At-Risk
18054.0,392,1,176.5,1,Low-Value
18055.0,6,14,10142.64,2,VIP
18056.0,287,2,554.6,0,At-Risk
18057.0,392,3,1188.46,1,Low-Value
18058.0,9,3,774.06,0,At-Risk
18059.0,22,3,306.46,0,At-Risk
18060.0,407,2,1185.46,1,Low-Value
18061.0,21,28,6083.81,2,VIP
18062.0,172,6,1632.67,3,Loyal
18063.0,390,2,186.6,1,Low-Value
18064.0,132,11,4481.83,2,VIP
18065.0,5,29,5866.63,2,VIP
18066.0,74,3,1440.4,3,Loyal
18067.0,39,1,396.33,0,At-Risk
18068.0,288,1,101.7,1,Low-Value
18069.0,25,11,4464.92,2,VIP
18070.0,668,1,314.1,1,Low-Value
18071.0,257,6,1169.68,3,Loyal
18072.0,185,1,247.44,0,At-Risk
18073.0,113,12,3859.82,2,VIP
18074.0,373,2,1019.44,1,Low-Value
18075.0,22,20,5783.29,2,VIP
18076.0,379,1,151.49,1,Low-Value
18077.0,7,18,4078.79,2,VIP
18078.0,216,4,725.53,3,Loyal
18079.0,44,5,4203.93,3,Loyal
18080.0,18,2,1231.5,0,At-Risk
18081.0,35,3,343.45,0,At-Risk
18082.0,25,1,680.84,0,At-Risk
18083.0,397,1,463.53,1,Low-Value
18084.0,15,3,795.2299999999999,0,At-Risk
18085.0,329,4,1341.85,3,Loyal
18086.0,273,1,101.34,0,At-Risk
18087.0,97,17,14761.52,2,VIP
18088.0,60,1,166.03,0,At-Risk
18089.0,446,1,428.45,1,Low-Value
18090.0,421,1,321.9,1,Low-Value
18091.0,592,1,360.85,1,Low-Value
18092.0,1,18,14693.72,2,VIP
18093.0,92,8,4452.71,3,Loyal
18094.0,81,13,6391.52,2,VIP
18095.0,312,5,2303.09,3,Loyal
18096.0,11,6,1657.87,3,Loyal
18097.0,7,11,4627.92,2,VIP
18098.0,395,1,527.94,1,Low-Value
18099.0,126,1,168.31,0,At-Risk
18100.0,549,1,451.56,1,Low-Value
18101.0,10,5,622.01,3,Loyal
18102.0,0,145,580987.04,2,VIP
18103.0,548,1,105.8,1,Low-Value
18104.0,36,1,754.64,0,At-Risk
18105.0,37,1,113.48000000000002,0,At-Risk
18106.0,329,6,1441.06,3,Loyal
18107.0,441,1,165.88,1,Low-Value
18108.0,253,3,848.8100000000001,0,At-Risk
18109.0,1,38,9555.71,2,VIP
18110.0,19,2,392.28,0,At-Risk
18111.0,588,1,405.85,1,Low-Value
18112.0,11,4,773.36,3,Loyal
18113.0,368,1,76.32000000000001,1,Low-Value
18114.0,289,1,220.1,0,At-Risk
18115.0,697,1,9.7,1,Low-Value
18116.0,67,13,2134.49,3,Loyal
18117.0,25,1,315.65,0,At-Risk
18118.0,10,29,6221.02,2,VIP
18119.0,367,1,180.7,1,Low-Value
18120.0,213,1,111.15,0,At-Risk
18121.0,148,2,653.3,0,At-Risk
18122.0,7,6,1793.06,3,Loyal
18123.0,23,3,666.64,0,At-Risk
18124.0,471,1,102.65,1,Low-Value
18125.0,29,4,1131.75,3,Loyal
18126.0,60,1,200.92,0,At-Risk
18127.0,18,4,556.13,0,At-Risk
18128.0,536,1,399.29,1,Low-Value
18129.0,242,1,112.55,0,At-Risk
18130.0,14,3,1059.39,3,Loyal
18131.0,631,1,222.96,1,Low-Value
18132.0,503,1,220.13,1,Low-Value
18133.0,211,1,931.5,0,At-Risk
18134.0,597,2,445.0,1,Low-Value
18135.0,28,10,1249.62,3,Loyal
18136.0,62,5,1631.36,3,Loyal
18137.0,550,2,145.99,1,Low-Value
18138.0,294,1,152.65,1,Low-Value
18139.0,17,6,8438.34,3,Loyal
18140.0,473,1,536.41,1,Low-Value
18141.0,401,2,882.47,1,Low-Value
18142.0,156,2,1019.52,0,At-Risk
18143.0,116,2,1000.16,0,At-Risk
18144.0,7,19,4892.95,2,VIP
18145.0,12,11,5609.74,2,VIP
18146.0,140,2,160.35,0,At-Risk
18147.0,45,2,179.34,0,At-Risk
18148.0,646,1,112.85,1,Low-Value
18149.0,50,7,1553.96,3,Loyal
18150.0,31,3,566.58,0,At-Risk
18151.0,134,6,1879.44,3,Loyal
18152.0,645,1,426.69,1,Low-Value
18153.0,658,1,246.22,1,Low-Value
18154.0,2,5,932.6,3,Loyal
18155.0,74,3,371.62,0,At-Risk
18156.0,12,2,675.64,0,At-Risk
18157.0,570,1,213.9,1,Low-Value
18158.0,8,2,453.4,0,At-Risk
18159.0,300,1,530.15,1,Low-Value
18160.0,56,3,1003.88,3,Loyal
18161.0,14,6,1803.1,3,Loyal
18162.0,731,1,371.51,1,Low-Value
18163.0,583,1,728.84,1,Low-Value
18164.0,36,1,399.65,0,At-Risk
18165.0,176,1,302.46,0,At-Risk
18166.0,623,1,175.5,1,Low-Value
18167.0,22,3,1384.86,3,Loyal
18168.0,175,16,3435.5,2,VIP
18169.0,60,1,202.65,0,At-Risk
18170.0,32,9,2878.0,3,Loyal
18171.0,58,9,2437.31,3,Loyal
18172.0,14,52,17467.24,2,VIP
18173.0,86,5,2696.36,3,Loyal
18174.0,6,2,162.5,0,At-Risk
18175.0,675,1,176.1,1,Low-Value
18176.0,357,1,476.35,1,Low-Value
18177.0,30,9,2216.32,3,Loyal
18178.0,128,11,6103.74,2,VIP
18179.0,8,8,2547.55,3,Loyal
18180.0,4,6,1843.75,3,Loyal
18181.0,23,5,1188.34,3,Loyal
18182.0,462,1,291.13,1,Low-Value
18183.0,226,2,632.07,0,At-Risk
18184.0,14,1,49.8,0,At-Risk
18185.0,248,1,304.25,0,At-Risk
18186.0,722,1,329.58000000000004,1,Low-Value
18187.0,631,1,724.89,1,Low-Value
18188.0,14,6,3280.59,3,Loyal
18189.0,77,3,1403.73,3,Loyal
18190.0,191,5,745.62,3,Loyal
18191.0,261,2,529.4,0,At-Risk
18192.0,71,1,957.97,0,At-Risk
18193.0,164,3,1207.35,3,Loyal
18194.0,81,6,4162.04,3,Loyal
18195.0,386,1,101.16,1,Low-Value
18196.0,94,4,1457.19,3,Loyal
18197.0,575,1,230.1,1,Low-Value
18198.0,3,17,5425.56,2,VIP
18199.0,683,1,344.75,1,Low-Value
18200.0,105,1,150.35,0,At-Risk
18201.0,722,1,447.53,1,Low-Value
18202.0,199,3,1396.99,3,Loyal
18203.0,156,4,492.52,0,At-Risk
18204.0,70,3,1975.35,3,Loyal
18205.0,35,2,517.36,0,At-Risk
18206.0,552,1,314.65999999999997,1,Low-Value
18207.0,498,1,544.47,1,Low-Value
18208.0,565,1,360.08,1,Low-Value
18209.0,28,1,139.10000000000002,0,At-Risk
18210.0,1,7,2768.83,3,Loyal
18211.0,25,5,600.07,3,Loyal
18212.0,325,2,514.37,1,Low-Value
18213.0,236,1,232.48,0,At-Risk
18214.0,530,4,1780.34,1,Low-Value
18215.0,88,5,2232.49,3,Loyal
18216.0,30,1,481.75,0,At-Risk
18217.0,28,4,945.04,3,Loyal
18218.0,210,4,1121.84,3,Loyal
18219.0,2,17,3352.7000000000003,2,VIP
18220.0,226,6,1921.76,3,Loyal
18221.0,21,6,1424.94,3,Loyal
18222.0,92,1,443.0,0,At-Risk
18223.0,4,26,14000.85,2,VIP
18224.0,263,1,158.95000000000002,0,At-Risk
18225.0,2,26,13014.8,2,VIP
18226.0,43,26,11878.88,2,VIP
18227.0,217,2,388.75,0,At-Risk
18228.0,56,2,779.9,0,At-Risk
18229.0,11,28,10150.51,2,VIP
18230.0,8,9,4291.06,2,VIP
18231.0,191,28,6854.17,2,VIP
18232.0,81,4,592.97,0,At-Risk
18233.0,325,1,440.0,1,Low-Value
18234.0,551,1,179.6,1,Low-Value
18235.0,71,3,1796.48,3,Loyal
18236.0,29,12,1795.35,3,Loyal
18237.0,2,5,987.1,3,Loyal
18238.0,514,1,270.92,1,Low-Value
18239.0,218,6,1712.26,3,Loyal
18240.0,45,1,422.58,0,At-Risk
18241.0,9,21,2986.99,2,VIP
18242.0,71,8,3605.21,3,Loyal
18243.0,413,1,515.78,1,Low-Value
18244.0,430,2,568.64,1,Low-Value
18245.0,6,20,6324.9800000000005,2,VIP
18246.0,23,3,758.8199999999999,0,At-Risk
18247.0,414,3,839.73,1,Low-Value
18248.0,122,2,804.02,0,At-Risk
18249.0,16,1,95.34,0,At-Risk
18250.0,309,1,349.27,1,Low-Value
18251.0,86,9,26278.86,2,VIP
18252.0,50,7,1533.69,3,Loyal
18253.0,642,1,317.88,1,Low-Value
18254.0,580,1,267.9,1,Low-Value
18255.0,88,2,303.15,0,At-Risk
18256.0,387,1,110.7,1,Low-Value
18257.0,38,12,4600.15,2,VIP
18258.0,463,6,2059.67,3,Loyal
18259.0,24,7,3941.9,3,Loyal
18260.0,172,23,9947.26,2,VIP
18261.0,42,2,324.24,0,At-Risk
18262.0,139,3,577.54,0,At-Risk
18263.0,25,3,1213.16,3,Loyal
18264.0,498,1,603.25,1,Low-Value
18265.0,71,2,801.51,0,At-Risk
18266.0,433,1,251.1,1,Low-Value
18267.0,672,1,269.37,1,Low-Value
18268.0,133,6,1490.23,3,Loyal
18269.0,365,1,168.6,1,Low-Value
18270.0,37,3,444.55,0,At-Risk
18271.0,609,2,680.85,1,Low-Value
18272.0,2,9,4385.9800000000005,2,VIP
18273.0,1,4,357.0,0,At-Risk
18274.0,29,1,175.92,0,At-Risk
18275.0,577,2,741.85,1,Low-Value
18276.0,43,6,1656.52,3,Loyal
18277.0,57,5,1180.05,3,Loyal
18278.0,73,2,414.2000000000001,0,At-Risk
18279.0,518,1,231.34,1,Low-Value
18280.0,277,2,488.15,0,At-Risk
18281.0,180,2,201.14,0,At-Risk
18282.0,7,2,178.05,0,At-Risk
18283.0,3,22,2664.9,2,VIP
18284.0,431,1,461.68,1,Low-Value
18285.0,660,1,427.0,1,Low-Value
18286.0,476,2,1296.43,1,Low-Value
18287.0,42,7,4182.99,3,Loyal
