Customer ID,TotalOrders,TotalItemsPurchased,TotalRevenue,AverageBasketSize,PurchaseFrequency,LastPurchaseGap,CustomerActivityStatus
12346.0,12,74285,77556.46,6190.416666666667,0.8999999999999999,325,Churned
12347.0,8,2967,4921.53,370.875,0.5970149253731343,1,Active
12348.0,5,2714,2019.3999999999999,542.8,0.4143646408839779,74,Active
12349.0,4,1624,4428.69,406.0,0.21052631578947367,18,Active
12350.0,1,197,334.4,197.0,1.0,309,Churned
12351.0,1,261,300.93,261.0,1.0,374,Churned
12352.0,10,724,2849.84,72.4,0.8426966292134831,35,Active
12353.0,2,212,406.76,106.0,0.29411764705882354,203,Churned
12354.0,1,530,1079.4,530.0,1.0,231,Churned
12355.0,2,543,947.61,271.5,0.16997167138810196,213,Churned
12356.0,6,3416,6371.73,569.3333333333334,0.44887780548628425,22,Active
12357.0,3,6587,18287.66,2195.6666666666665,0.2535211267605634,32,Active
12358.0,5,1079,3887.07,215.8,0.20547945205479454,1,Active
12359.0,10,2739,8873.39,273.9,0.4437869822485207,57,Active
12360.0,8,2459,4252.89,307.375,0.3980099502487562,51,Active
12361.0,4,235,511.25,58.75,0.30456852791878175,286,Churned
12362.0,11,2230,5356.2300000000005,202.72727272727272,0.4489795918367347,2,Active
12363.0,2,408,552.0,204.0,0.45454545454545453,109,Churned
12364.0,4,1506,1313.1,376.5,1.1538461538461537,7,Active
12365.0,2,174,641.38,87.0,2.0,290,Churned
12366.0,1,296,500.24,296.0,1.0,633,Churned
12367.0,1,173,168.9,173.0,1.0,3,Active
12368.0,1,330,917.7,330.0,1.0,627,Churned
12369.0,3,1241,1791.15,413.6666666666667,0.39473684210526316,412,Churned
12370.0,7,2604,4316.56,372.0,0.34035656401944897,50,Active
12371.0,5,1436,4067.38,287.2,0.25,44,Active
12372.0,3,794,1298.04,264.6666666666667,0.4017857142857143,71,Active
12373.0,3,516,1127.65,172.0,0.24861878453038674,310,Churned
12374.0,4,1362,2989.2200000000003,340.5,0.21314387211367675,24,Active
12375.0,2,178,457.5,89.0,0.6896551724137931,10,Active
12376.0,2,240,503.15,120.0,2.0,389,Churned
12377.0,4,2105,3426.32,526.25,0.43795620437956206,314,Churned
12378.0,2,3316,5416.32,1658.0,0.1388888888888889,129,Churned
12379.0,4,815,1620.22,203.75,0.26548672566371684,81,Active
12380.0,11,3355,9676.3,305.0,0.515625,21,Active
12381.0,5,808,1845.31,161.6,1.3043478260869565,4,Active
12383.0,5,1532,1850.56,306.4,0.8982035928143713,184,Churned
12384.0,2,126,585.27,63.0,0.6521739130434783,28,Active
12385.0,1,612,1938.4,612.0,1.0,378,Churned
12386.0,2,354,401.9,177.0,2.0,337,Churned
12387.0,1,134,143.94,134.0,1.0,414,Churned
12388.0,8,2001,3901.11,250.125,0.42402826855123676,15,Active
12389.0,3,614,1433.33,204.66666666666666,0.3557312252964427,402,Churned
12390.0,1,353,549.84,353.0,1.0,79,Active
12391.0,6,1204,2724.84,200.66666666666666,0.28081123244929795,21,Active
12392.0,1,73,234.75000000000003,73.0,1.0,590,Churned
12393.0,6,1311,2399.45,218.5,0.5056179775280899,71,Active
12394.0,2,819,1272.48,409.5,0.3921568627450981,63,Active
12395.0,15,3205,4721.17,213.66666666666666,0.7718696397941681,18,Active
12396.0,1,591,931.43,591.0,1.0,673,Churned
12397.0,2,1263,2409.9,631.5,0.6060606060606061,35,Active
12398.0,1,1394,1635.6599999999999,1394.0,1.0,45,Active
12399.0,7,2198,1962.3,314.0,0.4,118,Churned
12400.0,1,91,205.25,91.0,1.0,413,Churned
12401.0,1,11,84.3,11.0,1.0,302,Churned
12402.0,6,584,1256.9,97.33333333333333,0.5187319884726225,322,Churned
12403.0,2,260,1019.36,130.0,0.12738853503184713,49,Active
12404.0,1,1,63.24,1.0,1.0,681,Churned
12405.0,1,857,1710.39,857.0,1.0,148,Churned
12406.0,5,3416,6390.36,683.2,0.2222222222222222,21,Active
12407.0,5,1416,1708.12,283.2,0.7009345794392523,49,Active
12408.0,8,2229,4340.77,278.625,0.5161290322580645,32,Active
12409.0,7,13143,23419.29,1877.5714285714287,0.4320987654320988,78,Active
12410.0,3,341,1013.71,113.66666666666667,0.46632124352331605,308,Churned
12411.0,1,138,346.9,138.0,1.0,409,Churned
12412.0,6,1997,2596.93,332.8333333333333,0.3879310344827586,74,Active
12413.0,4,319,999.45,79.75,0.35820895522388063,66,Active
12414.0,6,495,952.41,82.5,0.7317073170731708,216,Churned
12415.0,28,91447,144458.37,3265.964285714286,1.6699801192842942,23,Active
12416.0,1,132,202.56,132.0,1.0,656,Churned
12417.0,20,2884,6797.41,144.2,0.8219178082191781,2,Active
12418.0,4,1088,2021.2,272.0,0.23210831721470018,112,Churned
12419.0,2,231,503.01,115.5,2.0,385,Churned
12420.0,1,345,600.39,345.0,1.0,63,Active
12421.0,6,652,1098.6,108.66666666666667,0.36809815950920244,15,Active
12422.0,17,2596,5231.8,152.7058823529412,0.8160000000000001,95,Churned
12423.0,10,1793,2622.39,179.3,0.6451612903225806,0,Active
12424.0,4,2025,3340.0299999999997,506.25,0.3116883116883117,162,Churned
12425.0,2,1147,1741.41,573.5,0.16216216216216214,77,Active
12426.0,2,584,1345.21,292.0,0.12820512820512822,194,Churned
12427.0,3,533,825.8,177.66666666666666,0.25787965616045844,21,Active
12428.0,9,3536,7956.46,392.8888888888889,1.0505836575875487,25,Active
12429.0,8,2890,6204.41,361.25,0.446927374301676,8,Active
12430.0,1,117,256.4,117.0,1.0,42,Active
12431.0,27,4600,10432.22,170.37037037037038,1.2310030395136777,35,Active
12432.0,5,1801,5059.32,360.2,1.1627906976744187,42,Active
12433.0,10,13534,16794.14,1353.4,0.6302521008403361,0,Active
12434.0,3,532,1103.43,177.33333333333334,0.30405405405405406,84,Active
12435.0,6,4958,13925.93,826.3333333333334,0.27397260273972607,79,Active
12436.0,1,211,509.01,211.0,1.0,99,Churned
12437.0,39,8000,12683.4,205.12820512820514,1.5918367346938775,1,Active
12438.0,2,1180,2906.85,590.0,0.48,13,Active
12439.0,2,478,1142.88,239.0,1.3953488372093024,682,Churned
12440.0,2,331,859.2,165.5,0.23529411764705882,461,Churned
12441.0,1,121,173.55,121.0,1.0,366,Churned
12442.0,1,182,172.06,182.0,1.0,2,Active
12443.0,1,182,485.31,182.0,1.0,731,Churned
12444.0,5,1153,5005.46,230.6,1.006711409395973,20,Active
12445.0,2,206,434.98,103.0,0.1507537688442211,21,Active
12446.0,1,351,1002.3100000000001,351.0,1.0,57,Active
12447.0,1,190,476.49,190.0,1.0,242,Churned
12448.0,1,243,449.45,243.0,1.0,43,Active
12449.0,6,2282,4835.89,380.3333333333333,0.43269230769230765,21,Active
12450.0,5,442,688.2,88.4,0.4716981132075472,155,Churned
12451.0,8,9359,12669.88,1169.875,0.46332046332046334,10,Active
12452.0,2,185,430.57,92.5,2.0,16,Active
12453.0,1,473,707.09,473.0,1.0,133,Churned
12454.0,5,7703,16679.78,1540.6,0.4120879120879121,55,Active
12455.0,10,3302,5879.95,330.2,0.4629629629629629,72,Active
12456.0,3,1633,3181.04,544.3333333333334,0.42857142857142855,43,Active
12457.0,8,1094,2995.91,136.75,0.6521739130434783,65,Active
12458.0,4,986,1777.49,246.5,0.28846153846153844,70,Active
12459.0,1,258,454.36,258.0,1.0,604,Churned
12460.0,1,170,326.65,170.0,1.0,455,Churned
12461.0,2,287,826.88,143.5,1.0,93,Churned
12462.0,2,536,1189.59,268.0,0.2112676056338028,18,Active
12463.0,4,776,1344.78,194.0,0.6382978723404256,52,Active
12464.0,8,112,1212.05,14.0,0.802675585284281,9,Active
12465.0,2,479,742.1899999999999,239.5,0.39473684210526316,16,Active
12466.0,1,1,56.73,1.0,1.0,681,Churned
12467.0,1,129,132.8,129.0,1.0,422,Churned
12468.0,5,2201,3670.74,440.2,0.30303030303030304,187,Churned
12469.0,2,2552,3070.54,1276.0,2.0,522,Churned
12470.0,1,95,211.95,95.0,1.0,689,Churned
12471.0,79,16858,39918.19,213.39240506329114,3.2465753424657535,1,Active
12472.0,19,10378,16249.289999999999,546.2105263157895,0.8225108225108224,31,Active
12473.0,5,2414,3928.0499999999997,482.8,0.9259259259259258,28,Active
12474.0,31,7940,12372.75,256.1290322580645,1.4329738058551618,16,Active
12475.0,2,771,1149.6399999999999,385.5,0.16853932584269662,53,Active
12476.0,23,5631,14083.91,244.82608695652175,1.4197530864197532,15,Active
12477.0,9,6119,20276.37,679.8888888888889,0.45,22,Active
12478.0,1,236,680.99,236.0,1.0,3,Active
12479.0,1,385,527.2,385.0,1.0,10,Active
12480.0,7,2952,5464.85,421.7142857142857,0.4384133611691023,27,Active
12481.0,15,7158,12185.51,477.2,0.7705479452054795,22,Active
12482.0,29,27042,23691.4,932.4827586206897,11.298701298701298,575,Churned
12483.0,19,2160,5097.18,113.6842105263158,0.8636363636363636,16,Active
12484.0,12,3266,6354.1,272.1666666666667,0.5555555555555555,32,Active
12485.0,1,414,708.1,414.0,1.0,528,Churned
12486.0,1,523,1037.28,523.0,1.0,431,Churned
12487.0,1,174,285.3,174.0,1.0,730,Churned
12488.0,3,529,1298.66,176.33333333333334,1.3846153846153848,9,Active
12489.0,1,105,334.93,105.0,1.0,335,Churned
12490.0,21,5906,9823.64,281.23809523809524,0.859481582537517,4,Active
12491.0,1,260,460.40000000000003,260.0,1.0,38,Active
12492.0,3,444,715.21,148.0,0.2647058823529412,62,Active
12493.0,2,207,433.74,103.5,1.9354838709677418,165,Churned
12494.0,9,979,1815.27,108.77777777777777,0.4821428571428571,15,Active
12495.0,1,130,357.4,130.0,1.0,640,Churned
12496.0,2,30,45.34,15.0,2.0,619,Churned
12497.0,3,5685,6248.5,1895.0,0.15985790408525755,81,Active
12498.0,3,159,403.70000000000005,53.0,2.5,20,Active
12499.0,1,302,393.71999999999997,302.0,1.0,559,Churned
12500.0,19,3377,5955.21,177.73684210526315,0.8769230769230769,22,Active
12501.0,1,1783,2169.39,1783.0,1.0,336,Churned
12502.0,5,820,3723.87,164.0,0.7009345794392523,95,Churned
12503.0,1,561,1126.0,561.0,1.0,583,Churned
12504.0,4,458,779.05,114.5,0.20761245674740486,17,Active
12505.0,1,324,955.2,324.0,1.0,408,Churned
12506.0,1,23,73.5,23.0,1.0,232,Churned
12507.0,4,1256,1844.06,314.0,0.26666666666666666,133,Churned
12508.0,2,271,397.88,135.5,2.0,25,Active
12509.0,1,55,176.5,55.0,1.0,283,Churned
12510.0,9,2049,5178.02,227.66666666666666,0.4560810810810811,142,Churned
12511.0,1,1753,3084.02,1753.0,1.0,428,Churned
12512.0,2,96,132.18,48.0,2.0,65,Active
12513.0,1,462,612.29,462.0,1.0,112,Churned
12514.0,2,840,1597.76,420.0,0.16042780748663102,266,Churned
12515.0,1,131,383.7,131.0,1.0,352,Churned
12516.0,4,1952,2648.62,488.0,0.23032629558541265,77,Active
12517.0,5,1361,2481.6,272.2,0.9316770186335405,27,Active
12518.0,5,1318,2056.89,263.6,1.3761467889908257,0,Active
12519.0,2,387,716.54,193.5,0.14527845036319612,63,Active
12520.0,5,1439,2634.2599999999998,287.8,0.7731958762886598,78,Active
12521.0,1,309,599.68,309.0,1.0,142,Churned
12522.0,2,194,192.72,97.0,2.0,38,Active
12523.0,23,2263,4352.35,98.3913043478261,0.9691011235955056,18,Active
12524.0,17,7178,11126.11,422.2352941176471,0.7727272727272727,8,Active
12525.0,3,509,973.73,169.66666666666666,0.6040268456375839,497,Churned
12526.0,3,632,1316.66,210.66666666666666,0.9677419354838709,0,Active
12527.0,5,526,735.51,105.2,0.33557046979865773,81,Active
12528.0,6,756,1933.48,126.0,0.594059405940594,8,Active
12529.0,1,192,316.48,192.0,1.0,527,Churned
12530.0,9,2713,3759.26,301.44444444444446,0.4639175257731959,59,Active
12531.0,2,1119,1933.2,559.5,0.08941877794336811,14,Active
12532.0,1,153,349.83000000000004,153.0,1.0,29,Active
12533.0,2,704,1367.89,352.0,0.5454545454545455,627,Churned
12534.0,1,651,1089.18,651.0,1.0,130,Churned
12535.0,2,219,716.35,109.5,0.6382978723404256,91,Churned
12536.0,3,2803,12601.830000000002,934.3333333333334,3.0,42,Active
12537.0,1,449,732.94,449.0,1.0,408,Churned
12538.0,2,336,640.45,168.0,0.17191977077363899,28,Active
12539.0,7,4535,11214.75,647.8571428571429,0.3025936599423631,21,Active
12540.0,33,11019,22254.49,333.90909090909093,1.3904494382022472,19,Active
12541.0,3,680,981.18,226.66666666666666,0.3585657370517928,29,Active
12542.0,2,522,481.88,261.0,0.3846153846153846,483,Churned
12543.0,1,688,980.25,688.0,1.0,447,Churned
12544.0,1,136,372.7,136.0,1.0,35,Active
12545.0,2,523,1000.39,261.5,0.32608695652173914,74,Active
12546.0,2,633,1161.5,316.5,1.9354838709677418,46,Active
12547.0,3,309,383.58,103.0,0.2980132450331126,197,Churned
12548.0,1,49,95.19999999999999,49.0,1.0,165,Churned
12549.0,6,1366,1575.68,227.66666666666666,1.4876033057851241,575,Churned
12550.0,1,569,964.83,569.0,1.0,78,Active
12551.0,1,100,168.0,100.0,1.0,357,Churned
12552.0,2,88,437.82,44.0,2.0,38,Active
12553.0,12,2325,4608.75,193.75,0.8674698795180723,7,Active
12554.0,1,240,468.5,240.0,1.0,448,Churned
12555.0,1,1,129.23,1.0,1.0,681,Churned
12556.0,2,355,599.56,177.5,0.6,49,Active
12557.0,8,6382,18096.14,797.75,0.3399433427762039,15,Active
12558.0,1,196,269.96,196.0,1.0,7,Active
12559.0,2,283,561.71,141.5,2.0,310,Churned
12560.0,3,1110,2134.0099999999998,370.0,0.6569343065693432,4,Active
12561.0,1,177,238.85,177.0,1.0,302,Churned
12562.0,9,2327,4966.92,258.55555555555554,0.6323185011709602,7,Active
12563.0,1,113,249.24,113.0,1.0,408,Churned
12564.0,1,133,456.9,133.0,1.0,260,Churned
12565.0,1,80,145.92,80.0,1.0,288,Churned
12566.0,1,265,351.65,265.0,1.0,85,Active
12567.0,15,5308,11767.48,353.8666666666667,0.6987577639751553,22,Active
12568.0,1,48,70.0,48.0,1.0,644,Churned
12569.0,32,1801,4124.69,56.28125,3.84,1,Active
12570.0,1,1,77.52,1.0,1.0,681,Churned
12571.0,2,523,519.61,261.5,0.7407407407407407,39,Active
12572.0,2,452,1020.4200000000001,226.0,1.3953488372093024,8,Active
12573.0,5,479,717.41,95.8,0.6329113924050632,226,Churned
12574.0,1,61,218.45000000000002,61.0,1.0,315,Churned
12575.0,2,315,622.82,157.5,0.8695652173913044,456,Churned
12576.0,8,1494,2142.72,186.75,0.489795918367347,35,Active
12577.0,8,1191,1617.1,148.875,0.34285714285714286,34,Active
12578.0,4,2380,4642.45,595.0,0.2843601895734597,20,Active
12579.0,1,285,440.42,285.0,1.0,77,Active
12580.0,2,569,1052.9,284.5,0.182370820668693,246,Churned
12581.0,1,161,197.71,161.0,1.0,39,Active
12582.0,4,985,1980.4,246.25,0.35502958579881655,238,Churned
12583.0,27,8535,13591.58,316.1111111111111,1.1095890410958904,2,Active
12584.0,9,416,2338.15,46.22222222222222,0.9782608695652175,3,Active
12585.0,2,1279,2040.1,639.5,0.5128205128205129,233,Churned
12586.0,4,687,2062.67,171.75,0.16997167138810196,16,Active
12587.0,1,51,144.0,51.0,1.0,7,Active
12588.0,4,438,958.78,109.5,0.2150537634408602,38,Active
12589.0,8,1764,4695.66,220.5,0.36363636363636365,28,Active
12590.0,2,4283,9864.26,2141.5,2.0,210,Churned
12591.0,3,653,1338.95,217.66666666666666,0.989010989010989,316,Churned
12592.0,5,1875,2582.66,375.0,0.351288056206089,91,Churned
12593.0,3,206,418.09999999999997,68.66666666666667,0.8181818181818182,108,Churned
12594.0,15,2768,5090.11,184.53333333333333,0.7401315789473685,37,Active
12595.0,1,271,299.02,271.0,1.0,504,Churned
12596.0,2,474,618.27,237.0,0.31578947368421056,50,Active
12597.0,4,2236,3811.22,559.0,0.48387096774193544,18,Active
12598.0,11,2906,4534.09,264.1818181818182,0.5164319248826291,9,Active
12599.0,13,2189,2296.72,168.3846153846154,0.7116788321167884,28,Active
12600.0,21,1383,4967.42,65.85714285714286,0.8961593172119487,28,Active
12601.0,6,290,681.26,48.333333333333336,0.8411214953271028,189,Churned
12602.0,1,162,153.12,162.0,1.0,58,Active
12603.0,1,63,739.1999999999999,63.0,1.0,21,Active
12604.0,2,201,254.18,100.5,0.32967032967032966,78,Active
12605.0,4,929,1232.95,232.25,1.4814814814814814,375,Churned
12606.0,1,1,21.0,1.0,1.0,681,Churned
12607.0,1,1228,1579.51,1228.0,1.0,59,Active
12608.0,1,323,415.79,323.0,1.0,404,Churned
12609.0,9,1553,3435.86,172.55555555555554,0.42121684867394693,77,Active
12610.0,5,1049,2099.54,209.8,1.4563106796116505,22,Active
12611.0,1,846,1193.32,846.0,1.0,51,Active
12612.0,1,262,704.04,262.0,1.0,73,Active
12613.0,10,4157,6817.37,415.7,0.44910179640718567,56,Active
12614.0,1,76,315.6,76.0,1.0,277,Churned
12615.0,8,3317,5740.98,414.625,0.3815580286168522,1,Active
12616.0,3,498,1131.1,166.0,0.3071672354948805,94,Churned
12617.0,1,210,352.98,210.0,1.0,28,Active
12618.0,1,96,177.31,96.0,1.0,21,Active
12619.0,10,3518,3781.38,351.8,0.5514705882352942,15,Active
12620.0,3,1181,1339.41,393.6666666666667,0.4761904761904762,14,Active
12621.0,35,13706,24311.2,391.6,1.5765765765765767,1,Active
12622.0,1,69,180.1,69.0,1.0,231,Churned
12623.0,7,1971,3747.84,281.57142857142856,0.5,275,Churned
12624.0,2,355,641.13,177.5,0.8450704225352113,105,Churned
12625.0,4,3309,5164.88,827.25,0.3125,211,Churned
12626.0,9,3453,6620.48,383.6666666666667,0.8910891089108911,22,Active
12627.0,7,2752,4478.53,393.14285714285717,1.627906976744186,10,Active
12628.0,3,448,786.46,149.33333333333334,1.5,3,Active
12629.0,2,722,1558.22,361.0,1.6216216216216215,385,Churned
12630.0,2,548,1270.88,274.0,1.7647058823529411,9,Active
12631.0,6,1607,3481.57,267.8333333333333,0.28346456692913385,56,Active
12632.0,2,694,804.88,347.0,1.3636363636363638,520,Churned
12633.0,7,3238,5678.16,462.57142857142856,0.45064377682403434,58,Active
12634.0,2,337,490.0,168.5,2.0,535,Churned
12635.0,4,1949,2930.41,487.25,0.32697547683923706,89,Active
12636.0,1,1,141.0,1.0,1.0,738,Churned
12637.0,12,4257,8283.81,354.75,0.7563025210084033,66,Active
12638.0,2,663,921.49,331.5,0.09900990099009901,32,Active
12639.0,3,631,1312.3700000000001,210.33333333333334,0.23136246786632392,238,Churned
12640.0,3,311,1174.58,103.66666666666667,1.5789473684210527,23,Active
12641.0,1,72,185.9,72.0,1.0,114,Churned
12642.0,3,552,1013.26,184.0,1.0975609756097562,24,Active
12643.0,12,4665,8304.82,388.75,0.7468879668049793,127,Churned
12644.0,4,1032,1918.49,258.0,0.2127659574468085,129,Churned
12645.0,8,2125,3539.3,265.625,0.3779527559055118,33,Active
12646.0,2,897,1346.97,448.5,1.3636363636363638,4,Active
12647.0,36,6633,16955.55,184.25,1.6071428571428572,21,Active
12648.0,4,518,1112.0,129.5,0.21978021978021978,154,Churned
12649.0,8,1959,2294.65,244.875,0.4081632653061224,106,Churned
12650.0,1,254,314.44,254.0,1.0,2,Active
12651.0,4,265,377.75,66.25,0.9230769230769231,334,Churned
12652.0,2,536,1017.03,268.0,0.5882352941176471,330,Churned
12653.0,3,1681,4160.83,560.3333333333334,0.2380952380952381,148,Churned
12654.0,5,264,601.98,52.8,0.528169014084507,10,Active
12655.0,1,80,261.35,80.0,1.0,423,Churned
12656.0,8,2860,6407.83,357.5,0.4403669724770642,16,Active
12657.0,4,1044,1643.18,261.0,1.791044776119403,10,Active
12658.0,1,320,686.05,320.0,1.0,18,Active
12659.0,1,105,91.68,105.0,1.0,29,Active
12660.0,1,127,245.1,127.0,1.0,10,Active
12661.0,1,216,162.0,216.0,1.0,435,Churned
12662.0,20,3424,6726.54,171.2,0.9724473257698542,0,Active
12663.0,2,181,239.4,90.5,1.3953488372093024,624,Churned
12664.0,11,1495,6070.04,135.9090909090909,0.4596100278551532,7,Active
12665.0,3,165,313.6,55.0,0.2616279069767442,324,Churned
12666.0,1,370,1248.42,370.0,1.0,393,Churned
12667.0,1,395,620.13,395.0,1.0,57,Active
12668.0,10,5049,11383.03,504.9,0.45112781954887216,11,Active
12669.0,3,1115,2744.0299999999997,371.6666666666667,0.8571428571428571,150,Churned
12670.0,7,1627,3760.29,232.42857142857142,0.3201219512195122,9,Active
12671.0,1,1460,2622.481,1460.0,1.0,605,Churned
12672.0,2,138,437.05,69.0,0.22641509433962262,329,Churned
12673.0,3,700,1230.02,233.33333333333334,0.2272727272727273,4,Active
12674.0,4,1133,1970.6,283.25,0.7100591715976331,38,Active
12675.0,2,336,957.25,168.0,2.0,553,Churned
12676.0,11,1867,2843.09,169.72727272727272,0.7205240174672489,24,Active
12677.0,2,176,395.1,88.0,0.5405405405405405,554,Churned
12678.0,21,22372,34281.18,1065.3333333333333,0.9574468085106382,41,Active
12679.0,4,554,1113.02,138.5,0.5333333333333333,58,Active
12680.0,4,444,880.81,111.0,1.0714285714285714,0,Active
12681.0,45,17011,29834.76,378.02222222222224,1.89873417721519,14,Active
12682.0,52,10522,22950.22,202.34615384615384,2.122448979591837,3,Active
12683.0,21,7019,11633.7,334.23809523809524,0.8725761772853186,3,Active
12684.0,7,1985,2283.63,283.57142857142856,1.024390243902439,7,Active
12685.0,6,1523,2863.08,253.83333333333334,2.7692307692307696,27,Active
12686.0,1,107,89.14,107.0,1.0,371,Churned
12687.0,2,1403,2138.91,701.5,2.0,480,Churned
12688.0,1,3028,4873.8099999999995,3028.0,1.0,113,Churned
12689.0,2,628,1247.61,314.0,0.594059405940594,25,Active
12690.0,1,106,389.01,106.0,1.0,205,Churned
12691.0,7,445,1170.4,63.57142857142857,0.5357142857142857,27,Active
12692.0,1,36,110.95,36.0,1.0,636,Churned
12693.0,7,536,1703.02,76.57142857142857,0.5316455696202532,126,Churned
12694.0,3,1355,1843.35,451.6666666666667,0.2571428571428572,69,Active
12695.0,7,454,1407.1200000000001,64.85714285714286,0.3191489361702128,6,Active
12696.0,2,564,851.91,282.0,0.8108108108108107,434,Churned
12697.0,3,508,957.59,169.33333333333334,0.6428571428571428,28,Active
12698.0,1,111,339.75,111.0,1.0,589,Churned
12699.0,1,373,638.11,373.0,1.0,417,Churned
12700.0,4,2967,4939.99,741.75,0.5797101449275363,7,Active
12701.0,6,1727,2446.41,287.8333333333333,0.325497287522604,79,Active
12702.0,1,53,219.0,53.0,1.0,19,Active
12703.0,4,595,1006.53,148.75,0.19575856443719414,70,Active
12704.0,8,1006,2340.84,125.75,1.4814814814814814,6,Active
12705.0,14,7188,11762.1,513.4285714285714,0.8108108108108109,14,Active
12707.0,1,256,603.42,256.0,1.0,291,Churned
12708.0,18,2432,5117.66,135.11111111111111,0.7814761215629522,29,Active
12709.0,34,13772,30291.76,405.05882352941177,1.4265734265734267,14,Active
12710.0,3,851,1149.02,283.6666666666667,0.8653846153846153,96,Churned
12711.0,2,770,1339.05,385.0,0.9230769230769231,611,Churned
12712.0,21,2205,6723.03,105.0,0.8987161198288159,28,Active
12713.0,1,508,848.55,508.0,1.0,0,Active
12714.0,12,8774,14093.710000000001,731.1666666666666,0.49586776859504134,8,Active
12715.0,1,192,343.36,192.0,1.0,105,Churned
12716.0,2,708,1053.49,354.0,0.46511627906976744,3,Active
12717.0,3,600,1308.91,200.0,0.2050113895216401,150,Churned
12718.0,1,203,238.25,203.0,1.0,70,Active
12719.0,2,374,644.95,187.0,1.0169491525423728,4,Active
12720.0,30,6018,7787.28,200.6,1.7892644135188869,2,Active
12721.0,8,2655,4013.08,331.875,0.5454545454545455,31,Active
12722.0,4,566,997.63,141.5,1.8461538461538463,84,Active
12723.0,5,434,725.07,86.8,2.459016393442623,3,Active
12724.0,7,1379,2317.52,197.0,0.3962264150943396,4,Active
12725.0,4,1142,2266.76,285.5,0.5633802816901409,370,Churned
12726.0,11,4618,4014.6,419.8181818181818,0.5546218487394958,27,Active
12727.0,10,2832,5679.53,283.2,0.46583850931677023,10,Active
12728.0,5,543,1070.17,108.6,0.4807692307692307,70,Active
12729.0,1,233,453.01,233.0,1.0,113,Churned
12730.0,1,234,829.25,234.0,1.0,521,Churned
12731.0,17,11641,25775.71,684.7647058823529,0.8173076923076923,23,Active
12732.0,1,111,236.26000000000002,111.0,1.0,179,Churned
12733.0,4,896,2424.87,224.0,0.26373626373626374,233,Churned
12734.0,3,265,639.65,88.33333333333333,2.3076923076923075,352,Churned
12735.0,2,368,779.5699999999999,184.0,2.0,314,Churned
12736.0,1,173,234.0,173.0,1.0,332,Churned
12737.0,2,2,3710.5,1.0,2.0,498,Churned
12738.0,1,148,155.35,148.0,1.0,371,Churned
12739.0,4,951,2726.73,237.75,0.38095238095238093,77,Active
12740.0,1,342,427.6,342.0,1.0,63,Active
12741.0,2,214,406.07,107.0,2.0,528,Churned
12742.0,1,1359,1201.52,1359.0,1.0,625,Churned
12743.0,2,315,540.13,157.5,2.0,133,Churned
12744.0,11,6994,25317.06,635.8181818181819,0.6122448979591837,51,Active
12745.0,3,468,925.41,156.0,0.46153846153846156,486,Churned
12746.0,1,97,254.55,97.0,1.0,540,Churned
12747.0,26,2640,8898.48,101.53846153846153,1.0684931506849316,1,Active
12748.0,336,37109,53539.64,110.44345238095238,13.732970027247957,0,Active
12749.0,9,2360,6897.36,262.22222222222223,0.5222437137330754,3,Active
12750.0,1,137,275.88,137.0,1.0,128,Churned
12751.0,1,189,268.27,189.0,1.0,444,Churned
12752.0,1,2262,4366.78,2262.0,1.0,80,Active
12753.0,6,11421,21429.39,1903.5,0.5309734513274336,22,Active
12754.0,3,6481,3010.74,2160.3333333333335,1.25,235,Churned
12755.0,11,2293,5236.26,208.45454545454547,0.7990314769975786,280,Churned
12756.0,1,144,112.08,144.0,1.0,86,Active
12757.0,13,2395,7834.650000000001,184.23076923076923,2.0,15,Active
12758.0,7,6155,9903.24,879.2857142857143,0.33816425120772947,116,Churned
12759.0,8,3202,5020.74,400.25,0.3513909224011713,51,Active
12760.0,1,198,347.8,198.0,1.0,455,Churned
12761.0,2,281,782.95,140.5,2.0,457,Churned
12762.0,2,1227,1898.52,613.5,2.0,7,Active
12763.0,2,316,494.08,158.0,0.2608695652173913,137,Churned
12764.0,1,386,1693.88,386.0,1.0,316,Churned
12765.0,6,1009,1404.58,168.16666666666666,1.0650887573964496,471,Churned
12766.0,9,5022,8918.99,558.0,0.6699751861042184,3,Active
12767.0,1,598,949.82,598.0,1.0,375,Churned
12768.0,1,102,168.69,102.0,1.0,450,Churned
12769.0,1,356,1143.6,356.0,1.0,238,Churned
12770.0,2,1843,3246.45,921.5,0.2448979591836735,210,Churned
12771.0,1,104,282.3,104.0,1.0,485,Churned
12772.0,1,556,892.47,556.0,1.0,59,Active
12773.0,1,109,124.25,109.0,1.0,563,Churned
12774.0,1,53,98.7,53.0,1.0,535,Churned
12775.0,7,1083,1686.1200000000001,154.71428571428572,0.5357142857142857,16,Active
12776.0,1,46,55.5,46.0,1.0,667,Churned
12777.0,1,458,519.45,458.0,1.0,457,Churned
12778.0,9,1735,1775.6799999999998,192.77777777777777,0.4631217838765008,19,Active
12779.0,14,3501,6474.11,250.07142857142858,0.6008583690987124,37,Active
12780.0,1,285,337.4,285.0,1.0,598,Churned
12781.0,2,671,826.74,335.5,0.2714932126696833,63,Active
12782.0,11,2017,4618.24,183.36363636363637,0.642023346303502,4,Active
12783.0,6,624,2225.91,104.0,2.4657534246575343,1,Active
12784.0,3,862,1763.15,287.3333333333333,0.1730769230769231,8,Active
12785.0,3,453,1100.4,151.0,0.24590163934426232,363,Churned
12786.0,1,324,728.5,324.0,1.0,609,Churned
12787.0,4,510,862.18,127.5,0.2977667493796526,9,Active
12788.0,4,194,444.90000000000003,48.5,1.8461538461538463,462,Churned
12789.0,3,36,273.35,12.0,0.14331210191082802,64,Active
12790.0,2,306,591.85,153.0,0.27522935779816515,191,Churned
12791.0,6,353,863.51,58.833333333333336,0.72,373,Churned
12792.0,2,394,827.01,197.0,0.2158273381294964,256,Churned
12793.0,3,461,885.53,153.66666666666666,1.3636363636363635,334,Churned
12794.0,2,592,860.41,296.0,1.3333333333333333,52,Active
12795.0,1,68,430.48,68.0,1.0,18,Active
12796.0,1,182,381.0,182.0,1.0,627,Churned
12797.0,2,215,552.08,107.5,1.0344827586206897,365,Churned
12798.0,4,8455,8510.93,2113.75,0.29197080291970806,9,Active
12799.0,1,137,219.35,137.0,1.0,528,Churned
12800.0,3,284,584.25,94.66666666666667,0.4368932038834952,469,Churned
12801.0,1,505,1071.82,505.0,1.0,500,Churned
12802.0,7,1972,2416.42,281.7142857142857,0.5570291777188329,186,Churned
12803.0,1,872,1092.81,872.0,1.0,392,Churned
12804.0,2,270,325.37,135.0,1.7647058823529411,465,Churned
12805.0,4,593,1434.95,148.25,0.40955631399317405,381,Churned
12806.0,4,2087,2878.96,521.75,0.7843137254901962,434,Churned
12807.0,1,145,330.34999999999997,145.0,1.0,382,Churned
12808.0,5,322,776.7,64.4,0.35294117647058826,36,Active
12809.0,3,518,1755.94,172.66666666666666,0.19189765458422176,177,Churned
12810.0,2,389,534.99,194.5,0.4225352112676056,534,Churned
12811.0,5,435,1033.9,87.0,0.9036144578313253,260,Churned
12812.0,1,164,229.64000000000001,164.0,1.0,44,Active
12813.0,3,1141,1687.8,380.3333333333333,0.47120418848167545,501,Churned
12814.0,1,49,125.92,49.0,1.0,101,Churned
12815.0,2,379,1063.46,189.5,1.2,147,Churned
12816.0,2,128,572.2,64.0,0.75,95,Churned
12817.0,3,219,690.98,73.0,0.5882352941176471,280,Churned
12818.0,1,929,1542.08,929.0,1.0,261,Churned
12819.0,1,344,540.52,344.0,1.0,457,Churned
12820.0,11,1964,2689.52,178.54545454545453,0.4514363885088919,2,Active
12821.0,2,162,220.8,81.0,0.15113350125944586,213,Churned
12822.0,2,550,948.88,275.0,2.0,70,Active
12823.0,18,930,6501.5,51.666666666666664,0.8940397350993378,74,Active
12824.0,1,232,397.12,232.0,1.0,59,Active
12825.0,2,139,518.63,69.5,0.5,520,Churned
12826.0,12,1915,2800.75,159.58333333333334,0.5013927576601671,2,Active
12827.0,3,197,430.15,65.66666666666667,2.368421052631579,5,Active
12828.0,6,494,1018.71,82.33333333333333,1.4173228346456692,2,Active
12829.0,3,550,385.3,183.33333333333334,0.4225352112676057,336,Churned
12830.0,6,9848,6814.64,1641.3333333333333,1.3432835820895521,37,Active
12831.0,3,303,451.11,101.0,0.44999999999999996,261,Churned
12832.0,2,195,383.03000000000003,97.5,0.9230769230769231,31,Active
12833.0,1,156,417.38,156.0,1.0,144,Churned
12834.0,1,110,312.38,110.0,1.0,282,Churned
12835.0,41,2349,5996.83,57.292682926829265,3.993506493506493,427,Churned
12836.0,15,2231,6559.7300000000005,148.73333333333332,0.6627393225331369,58,Active
12837.0,2,194,662.66,97.0,0.15151515151515152,172,Churned
12838.0,10,1606,2975.91,160.6,0.5366726296958855,33,Active
12839.0,26,6578,9669.12,253.0,1.0684931506849316,2,Active
12840.0,7,2258,4041.97,322.57142857142856,0.3962264150943396,143,Churned
12841.0,40,5008,6958.2,125.2,2.3346303501945527,4,Active
12842.0,4,887,1917.99,221.75,0.17991004497751123,69,Active
12843.0,30,3028,6583.36,100.93333333333334,1.361573373676248,65,Active
12844.0,4,223,648.6,55.75,0.2127659574468085,28,Active
12845.0,4,204,354.09000000000003,51.0,4.0,266,Churned
12846.0,1,1,15.58,1.0,1.0,681,Churned
12847.0,2,1497,1609.0,748.5,0.16438356164383564,21,Active
12848.0,1,58,208.0,58.0,1.0,675,Churned
12849.0,6,1855,3042.4700000000003,309.1666666666667,0.3220035778175313,30,Active
12850.0,1,200,330.0,200.0,1.0,445,Churned
12851.0,2,157,280.76,78.5,0.15789473684210528,96,Churned
12852.0,1,149,311.55,149.0,1.0,294,Churned
12853.0,11,1668,3907.5,151.63636363636363,0.6145251396648045,134,Churned
12854.0,7,1630,2970.9700000000003,232.85714285714286,0.3235747303543914,78,Active
12855.0,4,240,612.84,60.0,4.0,372,Churned
12856.0,6,1076,2170.78,179.33333333333334,3.272727272727273,7,Active
12857.0,6,1420,3688.0,236.66666666666666,0.38135593220338987,210,Churned
12858.0,1,51,147.27,51.0,1.0,382,Churned
12859.0,1,292,575.1,292.0,1.0,458,Churned
12860.0,1,26,54.22,26.0,1.0,692,Churned
12861.0,1,27,68.25,27.0,1.0,619,Churned
12862.0,2,611,984.62,305.5,0.8695652173913044,425,Churned
12863.0,6,895,2792.55,149.16666666666666,0.335195530726257,51,Active
12864.0,2,447,299.57,223.5,0.16260162601626016,137,Churned
12865.0,4,1973,3323.47,493.25,0.26666666666666666,25,Active
12866.0,3,553,1227.35,184.33333333333334,0.4109589041095891,282,Churned
12867.0,13,7876,7829.26,605.8461538461538,0.560344827586207,25,Active
12868.0,8,1170,2043.76,146.25,1.1594202898550725,185,Churned
12869.0,1,144,337.66999999999996,144.0,1.0,681,Churned
12870.0,3,906,1676.95,302.0,0.36290322580645157,374,Churned
12871.0,3,484,744.02,161.33333333333334,0.2535211267605634,83,Active
12872.0,12,1642,3283.96,136.83333333333334,0.880195599022005,326,Churned
12873.0,3,786,2027.3,262.0,0.22556390977443608,281,Churned
12874.0,2,623,948.42,311.5,0.35502958579881655,384,Churned
12875.0,5,5187,1356.9900000000002,1037.4,0.27075812274368233,142,Churned
12876.0,4,3047,4081.79,761.75,0.22556390977443608,57,Active
12877.0,20,2237,2942.14,111.85,0.8733624454148472,3,Active
12878.0,2,547,854.99,273.5,2.0,235,Churned
12879.0,3,370,573.22,123.33333333333333,1.9148936170212767,44,Active
12880.0,2,279,640.13,139.5,0.3125,381,Churned
12881.0,1,21,298.0,21.0,1.0,275,Churned
12882.0,2,246,1463.04,123.0,2.0,8,Active
12883.0,4,196,703.47,49.0,1.875,24,Active
12884.0,1,43,309.05,43.0,1.0,87,Active
12885.0,3,655,1175.22,218.33333333333334,1.5,62,Active
12886.0,2,770,1378.4,385.0,0.3973509933774835,67,Active
12887.0,1,100,222.4,100.0,1.0,383,Churned
12888.0,2,76,354.12,38.0,1.4634146341463414,213,Churned
12889.0,4,124,385.46000000000004,31.0,0.9917355371900827,380,Churned
12890.0,2,457,706.02,228.5,0.1652892561983471,23,Active
12891.0,11,2325,840.5,211.36363636363637,0.6976744186046512,185,Churned
12892.0,1,140,263.38,140.0,1.0,396,Churned
12893.0,1,90,176.55,90.0,1.0,30,Active
12894.0,1,33,157.35,33.0,1.0,574,Churned
12895.0,2,210,372.8,105.0,1.3636363636363638,41,Active
12897.0,4,249,514.25,62.25,0.35398230088495575,204,Churned
12898.0,2,235,296.21,117.5,0.3076923076923077,463,Churned
12899.0,1,108,366.4,108.0,1.0,413,Churned
12900.0,1,139,340.33000000000004,139.0,1.0,421,Churned
12901.0,28,23075,17654.54,824.1071428571429,3.218390804597701,8,Active
12902.0,1,66,138.68,66.0,1.0,264,Churned
12903.0,1,493,833.5300000000001,493.0,1.0,428,Churned
12904.0,2,294,496.06,147.0,0.3896103896103896,17,Active
12905.0,2,532,1018.42,266.0,0.5714285714285714,576,Churned
12906.0,5,1749,2919.81,349.8,2.2727272727272725,11,Active
12907.0,2,177,508.91,88.5,0.6122448979591837,395,Churned
12908.0,5,3000,1776.0,600.0,0.33112582781456956,175,Churned
12909.0,8,1948,3103.19,243.5,0.39087947882736157,39,Active
12910.0,13,3632,5796.52,279.38461538461536,0.6521739130434783,22,Active
12911.0,1,807,1651.72,807.0,1.0,551,Churned
12912.0,5,670,1662.3,134.0,4.0540540540540535,2,Active
12913.0,13,3086,6283.24,237.3846153846154,0.5320600272851296,4,Active
12914.0,1,336,223.98,336.0,1.0,400,Churned
12915.0,4,411,975.1,102.75,0.27272727272727276,148,Churned
12916.0,7,1681,4479.73,240.14285714285714,0.38532110091743116,138,Churned
12917.0,6,1104,4359.2,184.0,0.29900332225913623,127,Churned
12918.0,1,1,10953.5,1.0,1.0,625,Churned
12919.0,6,673,1335.19,112.16666666666667,1.1180124223602486,7,Active
12920.0,4,420,486.64,105.0,0.16973125884016974,16,Active
12921.0,74,21328,35233.24,288.2162162162162,3.045267489711934,8,Active
12922.0,1,370,405.38,370.0,1.0,160,Churned
12923.0,3,230,770.42,76.66666666666667,0.1761252446183953,63,Active
12924.0,12,1423,2469.4,118.58333333333333,0.5607476635514019,87,Active
12925.0,3,649,729.3299999999999,216.33333333333334,0.1530612244897959,4,Active
12926.0,4,754,1523.97,188.5,0.38216560509554137,410,Churned
12927.0,1,145,197.31,145.0,1.0,394,Churned
12928.0,12,2899,4304.89,241.58333333333334,0.7003891050583658,34,Active
12929.0,1,37,117.85,37.0,1.0,311,Churned
12930.0,2,252,415.8,126.0,0.6451612903225806,77,Active
12931.0,57,62906,92347.34,1103.6140350877192,2.384937238493724,21,Active
12932.0,8,1609,1698.56,201.125,1.875,538,Churned
12933.0,8,949,1636.6299999999999,118.625,0.34090909090909094,23,Active
12934.0,1,31,181.65,31.0,1.0,736,Churned
12935.0,15,3201,4243.86,213.4,0.743801652892562,1,Active
12936.0,4,559,1063.9,139.75,1.9672131147540985,16,Active
12937.0,9,1983,3097.61,220.33333333333334,0.375,14,Active
12938.0,1,140,114.14,140.0,1.0,25,Active
12939.0,20,10328,25264.8,516.4,0.949367088607595,63,Active
12940.0,2,404,899.69,202.0,1.8181818181818181,54,Active
12941.0,1,381,377.49,381.0,1.0,723,Churned
12942.0,3,198,675.6,66.0,0.38461538461538464,130,Churned
12943.0,2,222,496.5,111.0,1.2765957446808511,557,Churned
12944.0,2,289,604.51,144.5,0.18808777429467086,35,Active
12945.0,2,446,900.11,223.0,0.16348773841961853,287,Churned
12946.0,1,149,324.45,149.0,1.0,436,Churned
12947.0,6,1165,1603.99,194.16666666666666,0.7860262008733624,143,Churned
12948.0,9,1304,2317.43,144.88888888888889,0.37447988904299584,15,Active
12949.0,22,8233,15526.7,374.22727272727275,0.9361702127659575,30,Active
12950.0,3,1380,1843.0,460.0,3.0,1,Active
12951.0,15,1662,3213.7200000000003,110.8,0.6531204644412192,8,Active
12952.0,4,653,1387.79,163.25,1.6666666666666667,5,Active
12953.0,2,364,828.8100000000001,182.0,0.1171875,9,Active
12954.0,1,83,162.45,83.0,1.0,638,Churned
12955.0,11,3664,4757.16,333.09090909090907,1.2406015037593985,0,Active
12956.0,4,340,521.89,85.0,0.28776978417266186,305,Churned
12957.0,13,4686,8706.97,360.46153846153845,0.5431754874651811,9,Active
12958.0,2,118,467.34,59.0,0.32967032967032966,399,Churned
12959.0,1,109,150.95,109.0,1.0,483,Churned
12960.0,4,1379,1322.0700000000002,344.75,0.4858299595141701,413,Churned
12961.0,1,180,211.99,180.0,1.0,378,Churned
12962.0,2,129,266.39,64.5,0.5660377358490566,6,Active
12963.0,12,1637,3235.79,136.41666666666666,0.7058823529411765,7,Active
12964.0,1,56,132.24,56.0,1.0,436,Churned
12965.0,1,282,769.8100000000001,282.0,1.0,88,Active
12966.0,1,75,160.18,75.0,1.0,9,Active
12967.0,3,912,2938.52,304.0,3.0,357,Churned
12968.0,1,73,135.95,73.0,1.0,111,Churned
12969.0,1,55,122.45,55.0,1.0,602,Churned
12970.0,10,954,1453.6,95.4,0.4120879120879121,6,Active
12971.0,116,14306,15704.6,123.32758620689656,4.833333333333333,3,Active
12972.0,4,844,1161.2,211.0,0.4858299595141701,413,Churned
12973.0,1,31,385.55,31.0,1.0,413,Churned
12974.0,2,104,408.95,52.0,0.16348773841961853,197,Churned
12975.0,6,911,2100.09,151.83333333333334,0.6081081081081081,436,Churned
12976.0,8,2684,3156.38,335.5,0.5298013245033113,211,Churned
12977.0,4,128,513.88,32.0,0.3380281690140845,155,Churned
12978.0,5,1394,2502.82,278.8,0.436046511627907,384,Churned
12979.0,1,520,517.7,520.0,1.0,728,Churned
12980.0,21,1910,16245.78,90.95238095238095,1.088082901554404,157,Churned
12981.0,2,242,372.21999999999997,121.0,0.5825242718446603,29,Active
12982.0,8,1729,2744.81,216.125,0.6611570247933884,242,Churned
12983.0,1,638,490.08,638.0,1.0,597,Churned
12984.0,1,26,97.5,26.0,1.0,18,Active
12985.0,2,1533,1239.38,766.5,2.0,0,Active
12986.0,10,1164,2729.84,116.4,1.1583011583011584,428,Churned
12987.0,5,585,1312.21,117.0,0.24390243902439024,73,Active
12988.0,1,126,505.82,126.0,1.0,291,Churned
12989.0,33,6935,13551.75,210.15151515151516,1.3636363636363638,2,Active
12990.0,7,480,955.5,68.57142857142857,0.3571428571428571,30,Active
12991.0,3,483,764.82,161.0,0.24590163934426232,22,Active
12992.0,1,21,93.35,21.0,1.0,724,Churned
12993.0,8,751,1259.6299999999999,93.875,0.37735849056603776,22,Active
12994.0,3,459,974.42,153.0,0.3409090909090909,3,Active
12995.0,1,108,211.32,108.0,1.0,84,Active
12996.0,1,122,355.5,122.0,1.0,375,Churned
12997.0,8,1186,2110.91,148.25,0.4067796610169491,21,Active
12998.0,3,1124,920.08,374.6666666666667,0.5625,492,Churned
12999.0,3,342,455.88,114.0,1.836734693877551,195,Churned
13000.0,4,548,1032.5,137.0,0.1941747572815534,106,Churned
13001.0,33,13448,24042.65,407.5151515151515,1.3543091655266757,3,Active
13002.0,3,201,414.13,67.0,0.7758620689655172,317,Churned
13003.0,3,103,149.05,34.333333333333336,0.8256880733944955,105,Churned
13004.0,36,8768,11650.85,243.55555555555554,1.514726507713885,11,Active
13005.0,4,462,999.68,115.5,0.42402826855123676,173,Churned
13006.0,1,55,81.57,55.0,1.0,55,Active
13007.0,1,59,175.25,59.0,1.0,579,Churned
13008.0,3,379,612.13,126.33333333333333,0.22556390977443608,322,Churned
13009.0,1,120,234.0,120.0,1.0,672,Churned
13010.0,2,323,330.12,161.5,0.21897810218978103,373,Churned
13011.0,1,13,50.550000000000004,13.0,1.0,371,Churned
13012.0,11,1559,2957.83,141.72727272727272,0.5670103092783506,8,Active
13013.0,29,5661,11097.43,195.20689655172413,1.201657458563536,0,Active
13014.0,11,1979,5381.08,179.9090909090909,0.7819905213270142,10,Active
13015.0,11,3527,6579.78,320.6363636363636,0.6010928961748634,52,Active
13016.0,3,527,789.89,175.66666666666666,1.836734693877551,72,Active
13017.0,1,48,204.0,48.0,1.0,6,Active
13018.0,35,6746,9763.16,192.74285714285713,1.6613924050632911,15,Active
13019.0,6,397,1229.95,66.16666666666667,0.509915014164306,378,Churned
13020.0,2,278,618.96,139.0,0.6185567010309279,562,Churned
13021.0,17,2546,4887.24,149.76470588235293,0.6986301369863014,3,Active
13022.0,1,35,65.3,35.0,1.0,429,Churned
13023.0,3,585,1449.03,195.0,0.1939655172413793,63,Active
13024.0,2,181,555.87,90.5,0.5405405405405405,470,Churned
13025.0,1,241,323.39,241.0,1.0,731,Churned
13026.0,9,2466,1733.08,274.0,0.37241379310344824,0,Active
13027.0,19,42840,17239.2,2254.7368421052633,0.9930313588850175,113,Churned
13028.0,2,798,661.3199999999999,399.0,2.0,22,Active
13029.0,5,194,1927.3,38.8,0.30487804878048785,30,Active
13030.0,2,348,752.4399999999999,174.0,0.16853932584269662,10,Active
13031.0,5,2309,3292.84,461.8,1.0204081632653061,406,Churned
13032.0,9,1274,2815.96,141.55555555555554,0.6617647058823529,51,Active
13033.0,2,98,220.55,49.0,0.8333333333333334,356,Churned
13034.0,3,406,756.8199999999999,135.33333333333334,0.26011560693641617,54,Active
13035.0,3,926,1364.2,308.6666666666667,0.25210084033613445,73,Active
13036.0,1,38,307.1,38.0,1.0,684,Churned
13037.0,12,2130,3914.95,177.5,0.6030150753768845,137,Churned
13038.0,3,360,908.46,120.0,0.42857142857142855,79,Active
13039.0,4,290,1010.73,72.5,0.8695652173913044,583,Churned
13040.0,2,355,676.99,177.5,2.0,8,Active
13041.0,4,335,799.13,83.75,0.8633093525179856,450,Churned
13042.0,3,812,1488.59,270.6666666666667,0.6766917293233082,597,Churned
13043.0,1,254,516.42,254.0,1.0,272,Churned
13044.0,11,2548,4848.05,231.63636363636363,0.8068459657701712,290,Churned
13045.0,3,405,808.92,135.0,0.23255813953488372,98,Churned
13046.0,3,505,949.25,168.33333333333334,0.21176470588235294,30,Active
13047.0,24,3328,8428.53,138.66666666666666,1.0404624277456647,31,Active
13048.0,9,2661,4049.13,295.6666666666667,0.4047976011994003,13,Active
13049.0,4,620,1408.24,155.0,0.35714285714285715,63,Active
13050.0,35,7015,11986.52,200.42857142857142,1.4809590973201694,14,Active
13051.0,2,72,155.8,36.0,1.5,578,Churned
13052.0,7,1424,3119.33,203.42857142857142,0.47511312217194573,211,Churned
13053.0,1,47,127.65,47.0,1.0,621,Churned
13055.0,4,1821,2321.11,455.25,0.3418803418803419,77,Active
13056.0,1,158,209.48,158.0,1.0,550,Churned
13057.0,3,456,709.59,152.0,0.8910891089108911,529,Churned
13058.0,3,52,271.40000000000003,17.333333333333332,0.7086614173228346,24,Active
13059.0,10,860,2291.77,86.0,0.8152173913043478,249,Churned
13060.0,1,123,307.53000000000003,123.0,1.0,253,Churned
13061.0,1,107,248.61,107.0,1.0,71,Active
13062.0,1,343,346.98,343.0,1.0,190,Churned
13063.0,1,116,188.4,116.0,1.0,480,Churned
13064.0,6,668,1666.84,111.33333333333333,0.31088082901554404,12,Active
13065.0,5,381,1055.05,76.2,0.8620689655172414,372,Churned
13066.0,2,322,470.8,161.0,2.0,23,Active
13067.0,3,131,508.51,43.666666666666664,0.24793388429752067,81,Active
13068.0,2,200,344.0,100.0,0.1941747572815534,9,Active
13069.0,38,15171,9284.45,399.2368421052632,2.103321033210332,0,Active
13070.0,4,372,751.7,93.0,0.22263450834879409,191,Churned
13071.0,1,30,129.22,30.0,1.0,611,Churned
13072.0,1,69,177.15,69.0,1.0,266,Churned
13073.0,2,261,418.08,130.5,2.0,410,Churned
13074.0,4,826,1378.74,206.5,0.5660377358490566,510,Churned
13075.0,1,485,919.61,485.0,1.0,129,Churned
13076.0,1,44,135.4,44.0,1.0,457,Churned
13077.0,11,2468,2740.65,224.36363636363637,0.4539202200825309,0,Active
13078.0,57,12032,29018.06,211.08771929824562,2.326530612244898,2,Active
13079.0,6,158,419.18,26.333333333333332,0.4358353510895884,3,Active
13080.0,4,193,280.73,48.25,0.27906976744186046,178,Churned
13081.0,28,40077,56838.37,1431.3214285714287,1.1682892906815021,11,Active
13082.0,21,8466,7335.75,403.14285714285717,1.0659898477157361,125,Churned
13083.0,3,307,395.43,102.33333333333333,0.21377672209026127,3,Active
13084.0,1,144,122.39999999999999,144.0,1.0,491,Churned
13085.0,8,944,2433.28,118.0,0.41308089500860584,157,Churned
13086.0,1,155,439.33000000000004,155.0,1.0,382,Churned
13087.0,1,86,313.64,86.0,1.0,725,Churned
13088.0,1,76,236.11,76.0,1.0,416,Churned
13089.0,203,58932,113416.91,290.30541871921184,8.297002724795641,2,Active
13090.0,24,3247,13091.74,135.29166666666666,1.4845360824742266,8,Active
13091.0,3,1339,2321.82,446.3333333333333,0.12838801711840228,27,Active
13092.0,12,664,2140.28,55.333333333333336,0.6030150753768845,70,Active
13093.0,55,25971,54144.25,472.2,3.5869565217391304,275,Churned
13094.0,13,1896,2209.44,145.84615384615384,1.0626702997275206,20,Active
13095.0,1,144,74.39999999999999,144.0,1.0,70,Active
13096.0,1,6,419.7000000000001,6.0,1.0,393,Churned
13097.0,28,5345,13324.1,190.89285714285714,1.1914893617021276,32,Active
13098.0,28,15968,28882.44,570.2857142857143,2.6582278481012658,0,Active
13099.0,1,288,207.36,288.0,1.0,98,Churned
13101.0,4,478,695.4,119.5,0.26905829596412556,233,Churned
13102.0,37,6366,11380.1,172.05405405405406,1.913793103448276,0,Active
13103.0,3,426,709.64,142.0,0.1675977653631285,39,Active
13104.0,9,834,1709.1,92.66666666666667,0.41602465331278893,2,Active
13105.0,1,100,72.0,100.0,1.0,435,Churned
13106.0,2,231,603.46,115.5,0.21428571428571427,132,Churned
13107.0,9,4316,5253.07,479.55555555555554,0.4292527821939587,43,Active
13108.0,2,745,748.4599999999999,372.5,0.9677419354838709,372,Churned
13109.0,3,757,1134.03,252.33333333333334,0.18329938900203666,59,Active
13110.0,12,763,2957.4700000000003,63.583333333333336,0.5091937765205092,30,Active
13111.0,1,180,321.88000000000005,180.0,1.0,718,Churned
13112.0,1,11,20.599999999999998,11.0,1.0,540,Churned
13113.0,37,4435,18230.07,119.86486486486487,1.7903225806451613,0,Active
13114.0,1,74,234.38,74.0,1.0,730,Churned
13115.0,10,3934,5494.7,393.4,0.5110732538330494,11,Active
13116.0,1,291,501.14,291.0,1.0,137,Churned
13117.0,18,1852,2255.66,102.88888888888889,0.8985024958402662,21,Active
13118.0,9,834,2415.41,92.66666666666667,0.6443914081145584,19,Active
13119.0,1,110,134.9,110.0,1.0,668,Churned
13120.0,1,12,30.6,12.0,1.0,238,Churned
13121.0,1,252,283.73,252.0,1.0,268,Churned
13122.0,2,585,922.39,292.5,0.4109589041095891,93,Churned
13123.0,2,268,506.75,134.0,1.0714285714285714,472,Churned
13124.0,4,2738,4641.66,684.5,0.4067796610169491,89,Active
13125.0,1,53,148.62,53.0,1.0,523,Churned
13126.0,13,3289,3774.81,253.0,0.6074766355140188,4,Active
13127.0,1,127,259.17,127.0,1.0,77,Active
13128.0,1,31,263.5,31.0,1.0,630,Churned
13129.0,2,296,233.25,148.0,0.7792207792207791,451,Churned
13130.0,1,32,64.0,32.0,1.0,93,Churned
13131.0,7,1523,3313.77,217.57142857142858,0.32558139534883723,22,Active
13132.0,1,20,77.3,20.0,1.0,261,Churned
13133.0,3,55,200.45,18.333333333333332,0.48648648648648646,273,Churned
13134.0,6,1364,2475.23,227.33333333333334,0.5454545454545454,85,Active
13135.0,2,4423,3371.45,2211.5,0.2040816326530612,196,Churned
13136.0,13,3109,6274.56,239.15384615384616,0.5786350148367952,55,Active
13137.0,16,4238,7586.94,264.875,0.9775967413441955,10,Active
13138.0,7,593,1274.01,84.71428571428571,0.5614973262032086,21,Active
13139.0,8,4614,8202.98,576.75,0.5700712589073634,15,Active
13140.0,5,572,1054.92,114.4,0.39267015706806285,107,Churned
13141.0,17,5159,7656.08,303.47058823529414,0.7906976744186046,84,Active
13142.0,1,258,307.09000000000003,258.0,1.0,18,Active
13143.0,1,198,405.1,198.0,1.0,584,Churned
13144.0,2,29,135.35,14.5,0.6122448979591837,332,Churned
13145.0,7,265,1128.52,37.857142857142854,0.375,39,Active
13146.0,1,154,228.91,154.0,1.0,25,Active
13147.0,4,144,712.8,36.0,1.348314606741573,9,Active
13148.0,26,4487,8497.82,172.57692307692307,1.1111111111111112,28,Active
13149.0,4,1280,1676.06,320.0,0.43795620437956206,13,Active
13150.0,3,171,449.96999999999997,57.0,0.6164383561643836,483,Churned
13151.0,3,813,2465.21,271.0,0.2710843373493976,295,Churned
13152.0,7,977,2146.38,139.57142857142858,0.7581227436823106,416,Churned
13153.0,1,418,486.22,418.0,1.0,5,Active
13154.0,3,976,1624.84,325.3333333333333,0.26785714285714285,398,Churned
13155.0,6,741,1370.48,123.5,0.3930131004366812,32,Active
13156.0,3,914,1586.54,304.6666666666667,0.3103448275862069,384,Churned
13157.0,9,4762,5687.36,529.1111111111111,0.4560810810810811,48,Active
13158.0,5,992,1508.18,198.4,0.5119453924914675,94,Churned
13159.0,4,1058,1429.35,264.5,1.1320754716981132,8,Active
13160.0,1,56,91.8,56.0,1.0,21,Active
13161.0,2,105,472.13,52.5,0.32085561497326204,312,Churned
13162.0,16,5755,9275.49,359.6875,0.7830342577487766,121,Churned
13163.0,1,3,17.65,3.0,1.0,609,Churned
13164.0,2,120,372.2,60.0,0.6122448979591837,568,Churned
13165.0,3,1736,1451.1599999999999,578.6666666666666,0.24590163934426232,45,Active
13166.0,2,522,875.93,261.0,0.45801526717557256,282,Churned
13167.0,5,1007,1125.15,201.4,0.40431266846361186,18,Active
13168.0,5,898,1840.73,179.6,0.29702970297029707,35,Active
13169.0,3,296,840.08,98.66666666666667,0.18072289156626503,63,Active
13170.0,1,141,108.81,141.0,1.0,26,Active
13171.0,3,229,468.41,76.33333333333333,0.3249097472924188,21,Active
13172.0,1,48,69.6,48.0,1.0,399,Churned
13173.0,11,1481,2399.82,134.63636363636363,0.4551724137931034,3,Active
13174.0,12,3794,7995.36,316.1666666666667,0.5013927576601671,15,Active
13175.0,2,423,831.45,211.5,0.3921568627450981,581,Churned
13176.0,1,448,481.49,448.0,1.0,45,Active
13177.0,2,180,512.2,90.0,0.16438356164383564,64,Active
13178.0,21,8778,14059.19,418.0,0.9038737446197991,25,Active
13179.0,1,368,572.3100000000001,368.0,1.0,618,Churned
13180.0,1,42,86.10000000000001,42.0,1.0,606,Churned
13181.0,1,171,359.69,171.0,1.0,380,Churned
13182.0,1,201,121.18,201.0,1.0,44,Active
13183.0,15,4027,7036.18,268.46666666666664,0.7177033492822967,7,Active
13184.0,10,1662,1668.95,166.2,1.090909090909091,14,Active
13185.0,1,12,71.4,12.0,1.0,267,Churned
13186.0,3,820,1575.89,273.3333333333333,1.0112359550561798,39,Active
13187.0,4,296,341.36,74.0,0.4181184668989547,336,Churned
13188.0,1,25,114.6,25.0,1.0,10,Active
13189.0,2,842,260.68,421.0,0.625,18,Active
13190.0,3,308,570.66,102.66666666666667,0.4787234042553192,543,Churned
13191.0,1,115,164.69,115.0,1.0,657,Churned
13192.0,6,1629,2558.58,271.5,0.30456852791878175,94,Churned
13193.0,1,46,112.08,46.0,1.0,60,Active
13194.0,2,326,472.78,163.0,0.21052631578947367,135,Churned
13195.0,1,70,136.73,70.0,1.0,413,Churned
13196.0,7,2006,3068.84,286.57142857142856,0.34653465346534656,10,Active
13197.0,1,204,373.01000000000005,204.0,1.0,609,Churned
13198.0,8,3449,4974.2300000000005,431.125,0.5660377358490566,9,Active
13199.0,67,11567,15964.210000000001,172.6417910447761,2.7496580027359783,3,Active
13200.0,4,516,870.09,129.0,1.1214953271028036,18,Active
13201.0,4,1036,1233.06,259.0,0.8571428571428571,501,Churned
13202.0,7,572,1580.3,81.71428571428571,0.625,393,Churned
13203.0,10,2413,2648.25,241.3,0.42134831460674155,9,Active
13204.0,1,428,966.6600000000001,428.0,1.0,730,Churned
13205.0,1,256,2803.2,256.0,1.0,442,Churned
13206.0,13,7086,8308.19,545.0769230769231,1.1746987951807228,399,Churned
13207.0,4,178,535.86,44.5,0.20134228187919462,14,Active
13208.0,9,1343,1976.3,149.22222222222223,0.39881831610044316,58,Active
13209.0,13,5781,8509.51,444.6923076923077,0.5972434915773354,29,Active
13210.0,1,316,353.48,316.0,1.0,93,Churned
13211.0,10,1845,2618.77,184.5,0.41551246537396125,9,Active
13212.0,3,309,786.83,103.0,2.1951219512195124,19,Active
13213.0,11,2962,3851.52,269.27272727272725,0.6457925636007827,56,Active
13214.0,7,2966,3264.23,423.7142857142857,0.9210526315789475,417,Churned
13215.0,1,96,81.6,96.0,1.0,401,Churned
13216.0,1,297,333.74,297.0,1.0,267,Churned
13217.0,4,512,666.48,128.0,0.22514071294559101,121,Churned
13218.0,1,88,62.63999999999999,88.0,1.0,126,Churned
13219.0,1,11,76.23,11.0,1.0,617,Churned
13220.0,5,396,1336.09,79.2,0.30181086519114686,77,Active
13221.0,2,244,847.41,122.0,0.5042016806722689,239,Churned
13222.0,1,30,88.5,30.0,1.0,576,Churned
13223.0,6,568,969.12,94.66666666666667,0.3879310344827586,199,Churned
13224.0,2,1518,2155.95,759.0,0.6593406593406593,59,Active
13225.0,16,7401,16260.07,462.5625,0.6675938803894298,2,Active
13226.0,2,179,312.46,89.5,0.5,272,Churned
13227.0,1,99,257.7,99.0,1.0,201,Churned
13228.0,1,200,358.0,200.0,1.0,80,Active
13229.0,1,63,160.95,63.0,1.0,225,Churned
13230.0,30,3520,6120.01,117.33333333333333,1.4376996805111821,3,Active
13232.0,7,773,1328.35,110.42857142857143,0.9130434782608695,12,Active
13233.0,4,1604,1176.46,401.0,0.1938610662358643,73,Active
13234.0,2,159,346.5,79.5,1.0169491525423728,672,Churned
13235.0,1,441,1031.07,441.0,1.0,211,Churned
13236.0,2,416,744.85,208.0,0.7317073170731707,24,Active
13237.0,1,128,643.0,128.0,1.0,387,Churned
13238.0,6,442,1006.63,73.66666666666667,0.31413612565445026,16,Active
13239.0,5,1151,1594.69,230.2,0.625,261,Churned
13240.0,8,709,1475.79,88.625,0.4316546762589928,95,Churned
13241.0,1,46,112.53,46.0,1.0,411,Churned
13242.0,7,350,699.4,50.0,0.3783783783783784,111,Churned
13243.0,5,554,1220.38,110.8,0.35046728971962615,202,Churned
13244.0,1,38,121.74000000000001,38.0,1.0,92,Churned
13245.0,2,371,989.22,185.5,0.15748031496062992,50,Active
13246.0,11,2796,3351.75,254.1818181818182,0.6508875739644971,17,Active
13247.0,4,328,501.12,82.0,1.875,17,Active
13248.0,2,305,465.68,152.5,0.9375,124,Churned
13249.0,9,1246,1608.9299999999998,138.44444444444446,0.4560810810810811,91,Churned
13250.0,2,107,253.09,53.5,1.4634146341463414,460,Churned
13251.0,1,215,252.68,215.0,1.0,401,Churned
13252.0,2,134,399.3,67.0,0.2597402597402597,393,Churned
13253.0,4,3015,2951.11,753.75,0.21978021978021978,156,Churned
13254.0,1,43,51.41,43.0,1.0,375,Churned
13255.0,3,407,678.76,135.66666666666666,0.1792828685258964,8,Active
13257.0,1,33,149.75,33.0,1.0,435,Churned
13258.0,5,446,1009.43,89.2,0.3865979381443299,11,Active
13259.0,9,503,1402.54,55.888888888888886,0.423861852433281,61,Active
13260.0,1,142,557.62,142.0,1.0,60,Active
13261.0,2,210,944.1,105.0,2.0,268,Churned
13262.0,3,247,573.45,82.33333333333333,0.26706231454005935,262,Churned
13263.0,39,5372,8676.2,137.74358974358975,2.8467153284671536,0,Active
13264.0,1,375,722.5600000000001,375.0,1.0,442,Churned
13265.0,5,1740,2092.66,348.0,0.6818181818181819,52,Active
13266.0,19,6837,6135.04,359.8421052631579,0.8016877637130801,10,Active
13267.0,36,3959,9429.81,109.97222222222223,1.4814814814814814,2,Active
13268.0,11,3624,3174.75,329.45454545454544,1.325301204819277,17,Active
13269.0,28,6366,8537.32,227.35714285714286,1.141304347826087,0,Active
13270.0,1,200,590.0,200.0,1.0,365,Churned
13271.0,1,240,211.49,240.0,1.0,36,Active
13272.0,2,96,276.56,48.0,1.0344827586206897,30,Active
13273.0,1,153,138.98,153.0,1.0,112,Churned
13274.0,1,199,360.85,199.0,1.0,408,Churned
13275.0,2,138,238.86,69.0,0.24193548387096772,383,Churned
13276.0,5,840,1891.91,168.0,0.2595155709342561,63,Active
13277.0,7,382,523.3,54.57142857142857,0.400763358778626,15,Active
13278.0,4,1358,1435.85,339.5,0.210896309314587,40,Active
13279.0,1,73,137.75,73.0,1.0,77,Active
13280.0,7,1489,2293.33,212.71428571428572,0.40229885057471265,121,Churned
13281.0,1,201,350.85,201.0,1.0,438,Churned
13282.0,4,410,1313.19,102.5,0.30927835051546393,17,Active
13283.0,4,204,373.36,51.0,0.20689655172413796,59,Active
13284.0,1,91,201.19,91.0,1.0,330,Churned
13285.0,6,2457,3364.59,409.5,0.3,22,Active
13286.0,1,274,734.91,274.0,1.0,599,Churned
13287.0,3,429,781.59,143.0,0.8910891089108911,602,Churned
13288.0,5,379,927.61,75.8,0.6726457399103138,442,Churned
13289.0,1,119,307.95,119.0,1.0,723,Churned
13290.0,1,1,208.63,1.0,1.0,437,Churned
13291.0,11,1600,3270.79,145.45454545454547,0.6470588235294118,155,Churned
13292.0,5,530,994.51,106.0,0.30800821355236135,38,Active
13293.0,6,555,1192.94,92.5,0.6521739130434783,391,Churned
13294.0,3,996,1689.53,332.0,0.19736842105263158,189,Churned
13295.0,4,733,1101.97,183.25,0.5529953917050692,359,Churned
13296.0,6,653,792.51,108.83333333333333,0.4100227790432802,136,Churned
13297.0,7,2694,4368.62,384.85714285714283,0.3932584269662921,7,Active
13298.0,1,96,360.0,96.0,1.0,0,Active
13299.0,3,416,1218.7,138.66666666666666,0.3461538461538462,267,Churned
13300.0,3,455,1285.51,151.66666666666666,0.22277227722772278,168,Churned
13301.0,4,345,618.09,86.25,0.6382978723404256,103,Churned
13302.0,2,12,159.2,6.0,0.16172506738544473,154,Churned
13303.0,1,26,61.72,26.0,1.0,399,Churned
13304.0,4,716,1217.99,179.0,0.37735849056603776,350,Churned
13305.0,16,2228,3616.41,139.25,0.7559055118110236,3,Active
13306.0,1,74,53.65,74.0,1.0,429,Churned
13307.0,3,140,273.34,46.666666666666664,0.19067796610169493,119,Churned
13308.0,4,1073,1670.3700000000001,268.25,0.20905923344947736,22,Active
13309.0,6,1914,1706.37,319.0,0.4675324675324675,6,Active
13310.0,5,816,1541.2,163.2,0.40106951871657753,27,Active
13311.0,2,305,598.57,152.5,0.4137931034482759,3,Active
13312.0,1,41,124.75,41.0,1.0,450,Churned
13313.0,12,2308,3445.32,192.33333333333334,0.5034965034965035,21,Active
13314.0,3,560,775.94,186.66666666666666,1.25,1,Active
13315.0,1,232,310.26000000000005,232.0,1.0,688,Churned
13316.0,10,19931,12940.82,1993.1,0.4983388704318937,36,Active
13317.0,19,3149,6486.091,165.73684210526315,0.8636363636363636,65,Active
13318.0,3,304,640.76,101.33333333333333,2.5,0,Active
13319.0,58,8974,21323.22,154.72413793103448,2.393397524071527,4,Active
13320.0,6,1509,2211.6,251.5,0.44999999999999996,77,Active
13321.0,2,372,567.36,186.0,2.0,71,Active
13322.0,1,117,199.48000000000002,117.0,1.0,16,Active
13323.0,5,175,787.85,35.0,1.8518518518518516,2,Active
13324.0,18,8448,10513.47,469.3333333333333,1.0246679316888045,35,Active
13325.0,1,240,675.3,240.0,1.0,81,Active
13326.0,1,140,281.76,140.0,1.0,431,Churned
13327.0,20,4203,9134.48,210.15,0.8797653958944281,38,Active
13328.0,1,680,1308.48,680.0,1.0,315,Churned
13329.0,8,3311,4808.7699999999995,413.875,0.3413940256045519,31,Active
13330.0,6,1951,2796.1,325.1666666666667,0.32028469750889677,92,Churned
13331.0,1,54,262.4,54.0,1.0,401,Churned
13332.0,1,179,350.9,179.0,1.0,13,Active
13333.0,3,685,1015.74,228.33333333333334,0.3643724696356276,410,Churned
13334.0,5,3198,6201.8,639.6,0.2631578947368421,81,Active
13336.0,1,559,795.12,559.0,1.0,76,Active
13337.0,1,980,1575.26,980.0,1.0,545,Churned
13338.0,4,1151,2445.62,287.75,0.2201834862385321,157,Churned
13339.0,1,326,860.12,326.0,1.0,200,Churned
13340.0,12,9636,22100.56,803.0,0.5911330049261083,44,Active
13341.0,1,301,775.85,301.0,1.0,260,Churned
13343.0,1,135,353.43,135.0,1.0,177,Churned
13344.0,3,952,2511.69,317.3333333333333,0.43062200956937796,67,Active
13345.0,1,141,389.5,141.0,1.0,287,Churned
13346.0,6,180,299.4,30.0,1.3533834586466165,462,Churned
13347.0,1,205,341.35999999999996,205.0,1.0,69,Active
13348.0,1,136,233.76000000000002,136.0,1.0,63,Active
13349.0,1,225,247.32,225.0,1.0,10,Active
13350.0,2,287,979.12,143.5,0.9523809523809523,15,Active
13351.0,1,117,373.94,117.0,1.0,65,Active
13352.0,1,321,397.97999999999996,321.0,1.0,59,Active
13354.0,1,604,743.53,604.0,1.0,70,Active
13355.0,1,314,674.7,314.0,1.0,121,Churned
13356.0,1,325,768.24,325.0,1.0,79,Active
13357.0,5,2112,3805.51,422.4,0.4065040650406504,256,Churned
13358.0,1,285,439.03,285.0,1.0,268,Churned
13359.0,2,381,1043.31,190.5,0.17699115044247787,63,Active
13360.0,4,942,1553.65,235.5,0.44609665427509293,431,Churned
13361.0,2,324,1450.5,162.0,0.4137931034482759,471,Churned
13362.0,7,2481,5394.07,354.42857142857144,0.5060240963855421,8,Active
13363.0,3,1146,1723.8600000000001,382.0,0.22959183673469388,17,Active
13364.0,1,71,134.96,71.0,1.0,70,Active
13365.0,2,1247,2225.37,623.5,0.32608695652173914,33,Active
13366.0,1,144,56.16,144.0,1.0,49,Active
13367.0,1,253,510.2,253.0,1.0,431,Churned
13368.0,4,606,1121.5,151.5,0.7228915662650602,256,Churned
13369.0,1,149,308.28000000000003,149.0,1.0,365,Churned
13370.0,1,343,754.87,343.0,1.0,371,Churned
13371.0,2,1019,2297.66,509.5,0.47244094488188976,504,Churned
13372.0,1,159,378.64,159.0,1.0,89,Active
13373.0,6,4263,7587.19,710.5,0.26785714285714285,60,Active
13374.0,2,135,422.8,67.5,1.7647058823529411,414,Churned
13375.0,2,1124,1792.23,562.0,0.16853932584269662,88,Active
13376.0,3,493,1019.76,164.33333333333334,0.6666666666666666,98,Churned
13377.0,2,748,1552.88,374.0,0.24096385542168672,396,Churned
13379.0,3,601,572.56,200.33333333333334,0.8181818181818182,25,Active
13380.0,1,48,62.4,48.0,1.0,432,Churned
13381.0,12,5125,8224.37,427.0833333333333,0.509915014164306,31,Active
13382.0,5,863,1387.58,172.6,0.3325942350332594,280,Churned
13383.0,1,288,305.28000000000003,288.0,1.0,543,Churned
13384.0,11,4142,6680.83,376.54545454545456,0.7036247334754797,30,Active
13385.0,1,281,534.57,281.0,1.0,329,Churned
13386.0,2,514,835.46,257.0,2.0,413,Churned
13387.0,1,123,186.94,123.0,1.0,416,Churned
13388.0,3,701,1185.65,233.66666666666666,0.19067796610169493,130,Churned
13389.0,3,429,797.96,143.0,0.4072398190045249,10,Active
13390.0,1,224,544.08,224.0,1.0,74,Active
13391.0,1,4,59.8,4.0,1.0,203,Churned
13392.0,1,82,91.14,82.0,1.0,676,Churned
13393.0,4,662,1131.45,165.5,0.8108108108108107,583,Churned
13394.0,19,5354,6621.7,281.7894736842105,0.7744565217391304,1,Active
13395.0,3,1660,1180.23,553.3333333333334,0.38135593220338987,184,Churned
13396.0,2,600,1360.99,300.0,0.20689655172413796,28,Active
13397.0,10,1336,3191.87,133.6,0.48701298701298695,72,Active
13398.0,2,341,670.34,170.5,0.234375,191,Churned
13399.0,3,120,275.4,40.0,1.6666666666666665,463,Churned
13400.0,1,284,310.83,284.0,1.0,582,Churned
13402.0,4,917,1226.85,229.25,0.2745995423340961,126,Churned
13403.0,3,114,229.5,38.0,0.1276595744680851,17,Active
13404.0,2,111,252.49,55.5,0.2843601895734597,0,Active
13405.0,6,855,1213.811,142.5,0.2769230769230769,73,Active
13406.0,2,292,568.92,146.0,0.29411764705882354,426,Churned
13407.0,3,1690,2244.7,563.3333333333334,1.0843373493975903,578,Churned
13408.0,106,28675,50174.782,270.5188679245283,4.338335607094134,1,Active
13410.0,9,1244,2201.96,138.22222222222223,0.3818953323903819,23,Active
13411.0,1,72,213.55,72.0,1.0,106,Churned
13412.0,1,176,487.35,176.0,1.0,619,Churned
13413.0,6,455,429.44,75.83333333333333,3.8297872340425534,639,Churned
13414.0,6,2702,2494.14,450.3333333333333,0.3837953091684435,133,Churned
13415.0,4,496,784.17,124.0,0.47058823529411764,472,Churned
13416.0,3,208,940.8000000000001,69.33333333333333,0.13005780346820808,43,Active
13417.0,6,532,1669.49,88.66666666666667,0.2710843373493976,4,Active
13418.0,31,7354,11559.66,237.2258064516129,1.2988826815642458,11,Active
13419.0,1,275,221.06,275.0,1.0,63,Active
13420.0,2,101,159.85,50.5,2.0,149,Churned
13421.0,8,2351,4058.75,293.875,0.3858520900321543,39,Active
13422.0,1,1326,2626.3,1326.0,1.0,63,Active
13423.0,1,141,217.03,141.0,1.0,428,Churned
13424.0,1,529,572.77,529.0,1.0,449,Churned
13425.0,5,2358,3390.4300000000003,471.6,0.3184713375796179,107,Churned
13426.0,22,4868,8167.38,221.27272727272728,0.9053497942386831,0,Active
13427.0,6,880,1006.53,146.66666666666666,0.25641025641025644,18,Active
13428.0,3,356,478.54,118.66666666666667,0.17857142857142858,9,Active
13429.0,4,1390,1006.8,347.5,1.875,10,Active
13430.0,2,751,679.4499999999999,375.5,0.8955223880597015,18,Active
13431.0,8,1570,3316.2400000000002,196.25,0.4054054054054054,66,Active
13432.0,2,217,439.1,108.5,1.5,570,Churned
13433.0,4,190,658.32,47.5,0.6153846153846154,500,Churned
13434.0,5,864,1666.8600000000001,172.8,0.25817555938037867,73,Active
13435.0,9,2754,4447.33,306.0,0.5465587044534413,4,Active
13436.0,1,76,196.89,76.0,1.0,1,Active
13437.0,7,1283,3408.06,183.28571428571428,1.2,13,Active
13438.0,1,10,46.5,10.0,1.0,546,Churned
13439.0,3,952,986.61,317.3333333333333,0.3333333333333333,254,Churned
13440.0,7,573,1295.25,81.85714285714286,7.0,422,Churned
13441.0,2,520,720.9,260.0,0.17699115044247787,91,Churned
13442.0,3,115,419.87,38.333333333333336,1.2857142857142856,666,Churned
13443.0,6,805,1273.16,134.16666666666666,0.7894736842105263,448,Churned
13444.0,2,331,619.08,165.5,0.45801526717557256,373,Churned
13445.0,1,198,241.89999999999998,198.0,1.0,625,Churned
13446.0,11,2403,3881.89,218.45454545454547,1.4163090128755365,429,Churned
13447.0,3,584,1129.14,194.66666666666666,3.0,22,Active
13448.0,13,4195,8745.93,322.6923076923077,0.5439330543933055,16,Active
13449.0,1,222,291.88,222.0,1.0,23,Active
13450.0,13,4318,4120.04,332.15384615384613,0.6770833333333334,26,Active
13451.0,11,5229,7090.06,475.3636363636364,0.5490848585690515,25,Active
13452.0,3,6,729.8,2.0,0.4225352112676057,258,Churned
13453.0,3,341,781.6899999999999,113.66666666666667,0.38135593220338987,165,Churned
13454.0,1,198,219.87,198.0,1.0,640,Churned
13455.0,6,795,2212.9900000000002,132.5,0.254957507082153,24,Active
13456.0,6,765,1766.72,127.5,0.9523809523809524,17,Active
13457.0,2,96,148.22,48.0,1.25,688,Churned
13458.0,16,6760,11959.27,422.5,1.2598425196850394,6,Active
13459.0,2,986,1160.4099999999999,493.0,1.0526315789473684,624,Churned
13460.0,2,286,183.44,143.0,2.0,28,Active
13461.0,6,3132,4160.0,522.0,0.3225806451612903,38,Active
13462.0,5,697,1153.8500000000001,139.4,0.3171247357293869,252,Churned
13464.0,6,1440,3097.64,240.0,0.3220035778175313,57,Active
13465.0,2,584,931.12,292.0,0.4316546762589928,445,Churned
13466.0,5,660,1013.35,132.0,0.33783783783783783,183,Churned
13467.0,2,580,1071.91,290.0,2.0,10,Active
13468.0,72,5617,12793.28,78.01388888888889,2.942779291553134,1,Active
13469.0,1,52,82.4,52.0,1.0,652,Churned
13470.0,2,100,165.0,50.0,2.0,98,Churned
13471.0,4,1583,2501.84,395.75,2.608695652173913,0,Active
13472.0,2,310,592.24,155.0,0.6593406593406593,463,Churned
13473.0,8,1000,2657.76,125.0,0.36199095022624433,60,Active
13474.0,3,318,646.59,106.0,0.3488372093023256,235,Churned
13475.0,4,1012,1431.78,253.0,1.1214953271028036,190,Churned
13476.0,5,713,2061.47,142.6,0.3218884120171674,178,Churned
13477.0,11,2091,2819.17,190.0909090909091,0.5108359133126935,37,Active
13478.0,5,1189,2215.78,237.8,0.7246376811594203,468,Churned
13479.0,4,716,851.37,179.0,0.4347826086956522,200,Churned
13480.0,2,362,627.82,181.0,0.22900763358778628,416,Churned
13481.0,11,2055,3830.84,186.8181818181818,0.4789550072568941,45,Active
13482.0,2,187,336.09,93.5,0.1518987341772152,231,Churned
13483.0,1,160,140.34,160.0,1.0,65,Active
13484.0,3,224,790.72,74.66666666666667,0.22613065326633164,240,Churned
13485.0,11,1798,3019.2200000000003,163.45454545454547,0.6560636182902585,232,Churned
13486.0,3,669,1122.41,223.0,1.1842105263157896,77,Active
13487.0,5,362,846.87,72.4,0.22156573116691286,57,Active
13488.0,23,7375,14205.96,320.6521739130435,1.0360360360360361,16,Active
13489.0,4,560,449.52,140.0,0.6349206349206349,104,Churned
13490.0,1,25,154.25,25.0,1.0,653,Churned
13491.0,27,2349,4467.66,87.0,1.1894273127753305,51,Active
13492.0,3,408,1269.84,136.0,1.1538461538461537,135,Churned
13493.0,2,380,618.63,190.0,2.0,274,Churned
13494.0,1,162,316.26000000000005,162.0,1.0,311,Churned
13495.0,10,2465,4863.31,246.5,0.4143646408839779,7,Active
13496.0,2,341,653.33,170.5,0.17191977077363899,10,Active
13497.0,6,525,1166.83,87.5,0.46632124352331605,282,Churned
13498.0,1,362,327.38,362.0,1.0,729,Churned
13499.0,5,1365,1159.1100000000001,273.0,0.5952380952380952,17,Active
13500.0,4,838,1466.3,209.5,0.31746031746031744,22,Active
13501.0,3,1253,2885.11,417.6666666666667,0.3191489361702127,287,Churned
13502.0,5,490,780.5,98.0,0.2824858757062147,16,Active
13503.0,6,1105,1859.24,184.16666666666666,0.30560271646859083,70,Active
13504.0,1,178,295.93,178.0,1.0,63,Active
13505.0,4,2486,4393.63,621.5,0.7547169811320755,72,Active
13506.0,5,942,1338.08,188.4,1.0416666666666667,315,Churned
13507.0,4,1597,2479.16,399.25,0.8450704225352113,2,Active
13508.0,2,180,287.05,90.0,0.15037593984962405,243,Churned
13509.0,8,1214,1114.72,151.75,0.48192771084337344,8,Active
13510.0,11,3044,4558.29,276.72727272727275,0.46025104602510464,0,Active
13511.0,1,60,282.76,60.0,1.0,676,Churned
13512.0,4,419,713.39,104.75,0.3726708074534162,260,Churned
13513.0,3,364,824.59,121.33333333333333,0.17045454545454544,126,Churned
13514.0,4,288,815.9000000000001,72.0,0.19736842105263158,73,Active
13515.0,6,819,1265.82,136.5,0.31523642732049034,72,Active
13516.0,4,1114,1685.26,278.5,0.30303030303030304,20,Active
13517.0,3,1369,2128.42,456.3333333333333,0.75,59,Active
13518.0,1,382,627.16,382.0,1.0,85,Active
13519.0,2,133,343.21,66.5,0.16483516483516483,77,Active
13520.0,11,3179,6606.0,289.0,0.4977375565610859,58,Active
13521.0,3,718,1071.73,239.33333333333334,3.0,0,Active
13522.0,1,44,125.80000000000001,44.0,1.0,29,Active
13523.0,6,1989,4534.57,331.5,0.4878048780487805,32,Active
13524.0,5,324,680.1800000000001,64.8,0.8379888268156425,40,Active
13525.0,2,394,628.78,197.0,0.2575107296137339,14,Active
13526.0,2,1911,1182.0,955.5,2.0,737,Churned
13527.0,12,2736,4541.29,228.0,0.5513016845329249,33,Active
13529.0,2,74,307.76,37.0,0.48,78,Active
13530.0,1,272,402.98,272.0,1.0,633,Churned
13531.0,6,497,1433.07,82.83333333333333,0.33898305084745767,204,Churned
13532.0,1,129,210.31,129.0,1.0,33,Active
13533.0,3,202,269.09,67.33333333333333,1.0714285714285714,182,Churned
13534.0,35,3869,7720.9,110.54285714285714,2.0309477756286265,1,Active
13535.0,1,10,89.5,10.0,1.0,402,Churned
13536.0,7,2126,3444.39,303.7142857142857,2.8378378378378377,0,Active
13537.0,2,337,717.85,168.5,2.0,425,Churned
13538.0,12,959,3103.13,79.91666666666667,0.569620253164557,42,Active
13539.0,7,710,1569.36,101.42857142857143,0.41666666666666663,85,Active
13540.0,3,189,632.39,63.0,0.4787234042553192,466,Churned
13541.0,2,279,785.25,139.5,0.4195804195804196,426,Churned
13542.0,17,804,3959.4900000000002,47.294117647058826,1.4488636363636365,376,Churned
13543.0,2,329,1439.61,164.5,1.1538461538461537,633,Churned
13544.0,6,331,790.2,55.166666666666664,0.2975206611570248,39,Active
13545.0,2,252,364.93,126.0,0.3921568627450981,390,Churned
13546.0,5,587,1086.24,117.4,0.36496350364963503,11,Active
13547.0,1,79,167.08,79.0,1.0,407,Churned
13548.0,3,558,901.44,186.0,0.24,95,Churned
13549.0,8,554,1005.8000000000001,69.25,0.6648199445983379,25,Active
13550.0,1,430,342.55,430.0,1.0,382,Churned
13551.0,2,36,244.2,18.0,0.17341040462427745,318,Churned
13552.0,22,2630,6948.92,119.54545454545455,1.114864864864865,65,Active
13553.0,1,201,499.6,201.0,1.0,674,Churned
13554.0,7,578,1629.35,82.57142857142857,3.1818181818181817,379,Churned
13555.0,13,4762,8891.84,366.3076923076923,0.6341463414634146,73,Active
13556.0,2,134,200.82,67.0,2.0,428,Churned
13557.0,13,2398,3032.26,184.46153846153845,0.5555555555555556,27,Active
13558.0,4,338,594.52,84.5,1.9354838709677418,5,Active
13559.0,2,360,990.0,180.0,2.0,512,Churned
13560.0,1,63,171.42000000000002,63.0,1.0,6,Active
13561.0,11,1125,1803.4,102.27272727272727,0.7621247113163973,215,Churned
13562.0,8,1603,4838.18,200.375,0.3921568627450981,81,Active
13563.0,2,209,777.53,104.5,1.090909090909091,83,Active
13564.0,37,8878,16498.97,239.94594594594594,1.8718381112984823,143,Churned
13565.0,3,260,414.8,86.66666666666667,0.23017902813299232,18,Active
13566.0,5,1257,1688.6,251.4,0.2508361204013378,40,Active
13567.0,4,643,1079.29,160.75,1.0619469026548674,427,Churned
13568.0,1,66,187.05,66.0,1.0,172,Churned
13569.0,4,345,726.54,86.25,0.29197080291970806,16,Active
13570.0,1,161,239.49,161.0,1.0,242,Churned
13571.0,26,3191,4537.26,122.73076923076923,1.0863509749303621,12,Active
13572.0,1,534,1384.25,534.0,1.0,205,Churned
13573.0,6,647,904.52,107.83333333333333,0.3071672354948805,49,Active
13574.0,1,304,404.45,304.0,1.0,410,Churned
13575.0,5,449,732.0699999999999,89.8,0.986842105263158,22,Active
13576.0,28,4506,11202.59,160.92857142857142,1.1650485436893203,9,Active
13577.0,11,1661,3489.28,151.0,0.4721030042918455,24,Active
13578.0,1,127,147.66,127.0,1.0,408,Churned
13579.0,5,718,1374.34,143.6,0.23291925465838512,14,Active
13580.0,1,45,107.75,45.0,1.0,405,Churned
13581.0,2,119,280.53000000000003,59.5,0.5769230769230769,308,Churned
13582.0,2,106,241.68,53.0,0.2643171806167401,389,Churned
13583.0,2,1097,1445.031,548.5,0.1147227533460803,155,Churned
13584.0,3,360,385.7,120.0,0.24390243902439024,306,Churned
13585.0,3,1386,684.54,462.0,0.43478260869565216,530,Churned
13586.0,1,38,127.28,38.0,1.0,540,Churned
13587.0,4,664,1673.5,166.0,0.2003338898163606,63,Active
13588.0,9,2606,2478.95,289.55555555555554,1.1297071129707112,15,Active
13589.0,6,293,1120.74,48.833333333333336,0.25034770514603616,14,Active
13590.0,18,5271,6336.04,292.8333333333333,0.7438016528925621,10,Active
13591.0,7,850,2093.94,121.42857142857143,0.3181818181818182,64,Active
13592.0,4,84,247.95999999999998,21.0,0.5263157894736842,35,Active
13593.0,14,2170,5493.29,155.0,0.7806691449814126,107,Churned
13594.0,2,396,533.32,198.0,0.1388888888888889,52,Active
13595.0,3,341,784.48,113.66666666666667,0.6976744186046512,516,Churned
13596.0,2,384,664.11,192.0,2.0,5,Active
13597.0,2,231,396.71,115.5,2.0,399,Churned
13598.0,5,393,761.96,78.6,0.24834437086092717,46,Active
13599.0,33,6248,9811.04,189.33333333333334,1.3432835820895523,0,Active
13600.0,2,599,518.42,299.5,0.1869158878504673,311,Churned
13601.0,4,957,1159.99,239.25,0.23952095808383234,44,Active
13602.0,4,538,1025.17,134.5,0.24242424242424243,64,Active
13603.0,1,164,164.34,164.0,1.0,25,Active
13604.0,1,242,717.62,242.0,1.0,658,Churned
13605.0,2,425,522.67,212.5,0.32608695652173914,386,Churned
13606.0,3,276,276.75,92.0,0.3191489361702127,28,Active
13607.0,2,466,1075.81,233.0,0.16574585635359115,39,Active
13608.0,1,110,232.05,110.0,1.0,540,Churned
13609.0,1,19,167.35,19.0,1.0,592,Churned
13610.0,14,869,2103.71,62.07142857142857,0.6078147612156295,11,Active
13611.0,10,1988,3297.9300000000003,198.8,0.46367851622874806,88,Active
13612.0,1,444,818.29,444.0,1.0,632,Churned
13613.0,5,445,1039.8500000000001,89.0,0.7246376811594203,452,Churned
13614.0,6,821,2332.74,136.83333333333334,0.3415559772296015,23,Active
13615.0,8,2910,6272.53,363.75,0.6648199445983379,318,Churned
13616.0,2,172,283.85,86.0,0.49180327868852464,567,Churned
13617.0,8,593,1278.75,74.125,0.5286343612334802,39,Active
13618.0,1,246,177.34,246.0,1.0,173,Churned
13619.0,2,79,224.94,39.5,0.46511627906976744,544,Churned
13620.0,1,74,112.34,74.0,1.0,527,Churned
13621.0,1,343,213.85,343.0,1.0,116,Churned
13622.0,1,379,658.95,379.0,1.0,695,Churned
13623.0,10,1010,2533.06,101.0,0.4249291784702549,30,Active
13624.0,1,820,462.08,820.0,1.0,387,Churned
13625.0,1,144,301.26,144.0,1.0,596,Churned
13626.0,2,398,707.04,199.0,0.47619047619047616,252,Churned
13627.0,7,1632,2245.9,233.14285714285714,0.3614457831325301,58,Active
13628.0,1,106,310.14,106.0,1.0,675,Churned
13629.0,19,7722,13370.86,406.42105263157896,0.8878504672897197,22,Active
13630.0,7,1391,2031.78,198.71428571428572,0.75,4,Active
13631.0,11,467,3070.42,42.45454545454545,1.9760479041916168,99,Churned
13632.0,8,1633,3645.81,204.125,0.40955631399317405,24,Active
13634.0,16,2090,5033.77,130.625,0.7228915662650602,32,Active
13635.0,4,1884,2999.16,471.0,0.17883755588673622,67,Active
13636.0,5,592,949.12,118.4,0.6048387096774193,36,Active
13637.0,3,405,804.3,135.0,0.5172413793103449,51,Active
13638.0,1,93,122.64,93.0,1.0,15,Active
13639.0,2,997,1346.27,498.5,0.16574585635359115,73,Active
13640.0,1,108,405.0,108.0,1.0,610,Churned
13641.0,5,1098,1016.47,219.6,1.6129032258064515,640,Churned
13642.0,4,231,472.2,57.75,0.5529953917050692,215,Churned
13643.0,10,902,2156.77,90.2,0.4285714285714286,30,Active
13644.0,4,2067,2624.26,516.75,1.348314606741573,15,Active
13645.0,1,158,252.1,158.0,1.0,119,Churned
13646.0,2,79,326.25,39.5,2.0,399,Churned
13647.0,8,1795,3041.68,224.375,0.40472175379426645,9,Active
13648.0,8,960,1764.02,120.0,0.712166172106825,399,Churned
13649.0,6,782,1453.68,130.33333333333334,0.6666666666666666,256,Churned
13650.0,10,1746,3288.0,174.6,0.45045045045045046,16,Active
13651.0,3,62,226.85,20.666666666666668,0.26011560693641617,34,Active
13652.0,5,1458,2262.05,291.6,0.24752475247524752,45,Active
13653.0,1,72,152.2,72.0,1.0,487,Churned
13654.0,11,4762,6308.0,432.90909090909093,0.4755043227665706,42,Active
13655.0,6,1225,2280.51,204.16666666666666,0.3773584905660377,113,Churned
13656.0,4,862,1078.85,215.5,0.27906976744186046,164,Churned
13657.0,2,209,382.14,104.5,0.31578947368421056,10,Active
13658.0,9,2171,6025.5,241.22222222222223,0.4078549848942598,9,Active
13659.0,12,2527,4884.68,210.58333333333334,0.7912087912087913,205,Churned
13660.0,1,136,306.64,136.0,1.0,399,Churned
13661.0,1,118,325.24,118.0,1.0,602,Churned
13662.0,11,1169,2233.61,106.27272727272727,0.576923076923077,85,Active
13663.0,5,893,2047.51,178.6,0.32119914346895073,178,Churned
13665.0,3,1652,1711.6599999999999,550.6666666666666,0.7692307692307693,385,Churned
13666.0,5,54,127.9,10.8,0.2222222222222222,59,Active
13667.0,1,149,299.05,149.0,1.0,148,Churned
13668.0,35,6096,12948.48,174.17142857142858,1.4482758620689655,2,Active
13669.0,3,393,413.55,131.0,0.25280898876404495,50,Active
13670.0,1,282,349.7,282.0,1.0,74,Active
13671.0,1,95,172.6,95.0,1.0,394,Churned
13672.0,3,138,419.92,46.0,0.2097902097902098,300,Churned
13673.0,2,114,387.44,57.0,2.0,18,Active
13674.0,1,102,240.68,102.0,1.0,432,Churned
13675.0,2,330,486.82000000000005,165.0,0.45112781954887216,150,Churned
13676.0,2,104,243.9,52.0,0.75,538,Churned
13677.0,2,217,551.24,108.5,0.5217391304347826,404,Churned
13678.0,1,924,232.6,924.0,1.0,151,Churned
13679.0,3,102,281.26,34.0,0.37344398340248963,493,Churned
13680.0,12,5244,11419.67,437.0,0.49113233287858116,0,Active
13681.0,4,360,827.83,90.0,0.8759124087591241,17,Active
13682.0,1,10,59.5,10.0,1.0,186,Churned
13683.0,1,180,258.6,180.0,1.0,457,Churned
13684.0,4,234,594.88,58.5,0.35820895522388063,285,Churned
13685.0,7,5056,3119.44,722.2857142857143,3.68421052631579,2,Active
13686.0,3,378,409.04,126.0,0.41284403669724773,182,Churned
13687.0,1,87167,11880.84,87167.0,1.0,437,Churned
13688.0,1,130,375.5,130.0,1.0,634,Churned
13689.0,2,722,1259.5,361.0,0.15748031496062992,62,Active
13690.0,1,67,172.25,67.0,1.0,58,Active
13691.0,1,145,212.78,145.0,1.0,395,Churned
13692.0,5,2101,3114.4,420.2,0.379746835443038,24,Active
13693.0,9,880,2011.82,97.77777777777777,0.7541899441340782,373,Churned
13694.0,143,188201,195640.69,1316.090909090909,5.868673050615595,3,Active
13695.0,16,1791,2770.73,111.9375,0.8791208791208791,30,Active
13696.0,3,552,2020.4,184.0,0.36885245901639346,421,Churned
13697.0,1,177,151.29999999999998,177.0,1.0,38,Active
13698.0,2,227,451.73,113.5,0.7058823529411764,596,Churned
13699.0,2,219,764.15,109.5,0.1518987341772152,154,Churned
13700.0,13,2786,2596.97,214.30769230769232,0.6055900621118013,25,Active
13701.0,1,80,161.0,80.0,1.0,446,Churned
13702.0,1,74,135.18,74.0,1.0,445,Churned
13703.0,2,128,425.56,64.0,0.625,317,Churned
13704.0,9,1531,2308.06,170.11111111111111,3.253012048192771,4,Active
13705.0,7,906,1717.19,129.42857142857142,0.3409090909090909,7,Active
13706.0,2,301,631.17,150.5,0.18518518518518517,302,Churned
13707.0,5,2210,3365.86,442.0,0.5576208178438662,266,Churned
13708.0,1,301,285.33,301.0,1.0,270,Churned
13709.0,18,4122,7571.35,229.0,0.7792207792207791,3,Active
13710.0,3,336,509.52,112.0,0.15517241379310345,31,Active
13711.0,9,819,1792.26,91.0,0.5346534653465347,218,Churned
13712.0,2,1128,766.42,564.0,0.16483516483516483,246,Churned
13713.0,3,284,740.76,94.66666666666667,0.5172413793103449,407,Churned
13714.0,1,50,161.35,50.0,1.0,464,Churned
13715.0,17,4800,8153.04,282.3529411764706,1.4285714285714286,280,Churned
13716.0,1,138,138.28,138.0,1.0,268,Churned
13717.0,8,2144,1763.3,268.0,0.5298013245033113,31,Active
13718.0,2,173,306.55,86.5,1.2244897959183674,245,Churned
13719.0,11,1588,2783.08,144.36363636363637,0.5935251798561151,14,Active
13720.0,4,501,799.9,125.25,0.8695652173913044,116,Churned
13721.0,2,512,741.54,256.0,0.16759776536312848,35,Active
13722.0,10,3059,5635.41,305.9,0.5836575875486382,131,Churned
13723.0,6,593,1194.08,98.83333333333333,0.4568527918781726,216,Churned
13724.0,1,130,213.01,130.0,1.0,636,Churned
13725.0,8,806,1980.56,100.75,0.9302325581395349,49,Active
13726.0,2,1054,1079.66,527.0,0.9836065573770493,38,Active
13727.0,8,368,1074.15,46.0,0.34236804564907275,28,Active
13728.0,16,1269,2855.17,79.3125,0.6926406926406926,36,Active
13729.0,3,419,724.73,139.66666666666666,0.36290322580645157,435,Churned
13730.0,2,488,752.6,244.0,2.0,135,Churned
13731.0,2,278,610.59,139.0,2.0,218,Churned
13732.0,1,498,491.86,498.0,1.0,27,Active
13733.0,2,335,487.03000000000003,167.5,0.18518518518518517,410,Churned
13734.0,4,302,6695.6900000000005,75.5,1.2765957446808511,508,Churned
13735.0,13,4135,9762.77,318.0769230769231,0.5563480741797432,24,Active
13736.0,7,1549,2752.47,221.28571428571428,0.2884615384615385,4,Active
13737.0,1,125,339.59999999999997,125.0,1.0,199,Churned
13738.0,1,237,434.78000000000003,237.0,1.0,395,Churned
13739.0,2,76,292.2,38.0,0.11787819253438116,17,Active
13740.0,5,987,1582.77,197.4,0.30241935483870963,240,Churned
13741.0,3,218,668.4300000000001,72.66666666666667,0.6206896551724138,71,Active
13742.0,12,1115,3107.87,92.91666666666667,1.188118811881188,16,Active
13743.0,7,1776,1341.6,253.71428571428572,0.8203125,2,Active
13744.0,2,1153,1080.52,576.5,0.30456852791878175,94,Churned
13745.0,2,1146,777.36,573.0,0.15665796344647517,161,Churned
13746.0,1,83,176.69,83.0,1.0,413,Churned
13747.0,2,60,169.79999999999998,30.0,1.1764705882352942,373,Churned
13748.0,9,1028,2064.35,114.22222222222223,0.42056074766355145,95,Churned
13750.0,11,1370,3602.18,124.54545454545455,0.5861456483126111,53,Active
13751.0,1,152,296.25,152.0,1.0,287,Churned
13752.0,7,1005,1579.83,143.57142857142858,0.5210918114143921,123,Churned
13753.0,4,1450,2094.57,362.5,0.26726057906458794,287,Churned
13754.0,3,315,447.05,105.0,0.3157894736842105,151,Churned
13755.0,9,1242,2108.06,138.0,4.576271186440678,3,Active
13756.0,23,5138,8655.95,223.3913043478261,0.9556786703601108,1,Active
13757.0,1,54,195.55,54.0,1.0,674,Churned
13758.0,15,4667,8698.13,311.1333333333333,0.6189821182943603,11,Active
13759.0,2,287,659.4100000000001,143.5,1.6216216216216215,32,Active
13760.0,5,623,1363.6399999999999,124.6,0.2782931354359926,53,Active
13761.0,6,1079,1952.17,179.83333333333334,0.297029702970297,49,Active
13762.0,5,2608,2472.48,521.6,0.31315240083507306,218,Churned
13763.0,3,3224,5217.44,1074.6666666666667,0.2425876010781671,62,Active
13764.0,6,2084,2919.62,347.3333333333333,0.31523642732049034,70,Active
13765.0,1,297,352.821,297.0,1.0,652,Churned
13766.0,1,137,190.35,137.0,1.0,494,Churned
13767.0,73,14595,33903.57,199.93150684931507,2.975543478260869,1,Active
13768.0,2,373,875.97,186.5,2.0,726,Churned
13769.0,20,2452,5478.12,122.6,0.8321775312066574,1,Active
13770.0,4,468,785.37,117.0,0.3896103896103896,421,Churned
13771.0,9,3140,5728.82,348.8888888888889,0.4591836734693877,63,Active
13772.0,8,1446,3100.02,180.75,0.3870967741935484,33,Active
13773.0,2,174,301.54,87.0,0.22813688212927755,396,Churned
13774.0,1,192,345.0,192.0,1.0,81,Active
13775.0,1,455,1049.66,455.0,1.0,590,Churned
13776.0,2,2,623.98,1.0,2.0,427,Churned
13777.0,61,23190,49638.26,380.1639344262295,2.4830393487109905,0,Active
13778.0,4,511,1124.49,127.75,0.2597402597402597,102,Churned
13779.0,1,53,161.13,53.0,1.0,515,Churned
13780.0,3,479,732.07,159.66666666666666,0.22556390977443608,6,Active
13781.0,3,300,778.83,100.0,0.19148936170212766,250,Churned
13782.0,13,643,1786.08,49.46153846153846,0.5416666666666666,12,Active
13783.0,4,3437,1542.09,859.25,0.6486486486486486,487,Churned
13784.0,14,2827,2910.23,201.92857142857142,0.9545454545454546,9,Active
13785.0,4,151,542.49,37.75,3.8709677419354835,428,Churned
13786.0,6,1515,3127.99,252.5,0.48913043478260865,366,Churned
13787.0,6,998,1222.5,166.33333333333334,0.29079159935379645,75,Active
13788.0,1,1,3.75,1.0,1.0,504,Churned
13789.0,1,258,239.45999999999998,258.0,1.0,387,Churned
13790.0,1,748,348.79999999999995,748.0,1.0,3,Active
13791.0,2,1200,1516.0,600.0,1.5,127,Churned
13792.0,3,156,383.95,52.0,0.25280898876404495,65,Active
13793.0,1,52,96.0,52.0,1.0,646,Churned
13794.0,1,63,126.03,63.0,1.0,546,Churned
13795.0,4,1250,836.3,312.5,0.48192771084337344,387,Churned
13796.0,1,218,289.7,218.0,1.0,498,Churned
13797.0,3,573,1179.45,191.0,0.42857142857142855,436,Churned
13798.0,110,48187,75428.87,438.06363636363636,4.526748971193416,0,Active
13799.0,9,1539,2803.57,171.0,0.5123339658444023,116,Churned
13800.0,3,891,1679.56,297.0,0.2107728337236534,309,Churned
13801.0,1,168,324.8,168.0,1.0,66,Active
13802.0,19,14129,26259.11,743.6315789473684,1.089866156787763,138,Churned
13803.0,3,831,1338.91,277.0,0.24793388429752067,254,Churned
13804.0,9,1797,3161.12,199.66666666666666,0.6650246305418719,30,Active
13805.0,2,1900,924.5999999999999,950.0,0.7894736842105263,51,Active
13806.0,1,56,256.38,56.0,1.0,63,Active
13807.0,3,116,422.2,38.666666666666664,0.24456521739130432,366,Churned
13808.0,5,782,1747.66,156.4,1.6483516483516485,5,Active
13809.0,3,281,679.6999999999999,93.66666666666667,0.5806451612903225,304,Churned
13810.0,3,312,1499.01,104.0,3.0,28,Active
13811.0,3,68,814.5,22.666666666666668,1.6363636363636365,183,Churned
13812.0,3,333,539.0,111.0,1.4285714285714286,41,Active
13813.0,8,1292,2765.4700000000003,161.5,0.345821325648415,39,Active
13814.0,3,1214,2257.32,404.6666666666667,0.2073732718894009,91,Churned
13815.0,8,5381,7475.74,672.625,0.37325038880248834,21,Active
13816.0,2,269,571.67,134.5,1.5,23,Active
13817.0,2,211,382.98,105.5,0.1863354037267081,28,Active
13818.0,1,60,61.28,60.0,1.0,429,Churned
13819.0,6,2309,2642.35,384.8333333333333,0.41284403669724773,301,Churned
13820.0,3,285,652.75,95.0,0.3435114503816794,417,Churned
13821.0,6,477,1379.08,79.5,0.3220035778175313,144,Churned
13822.0,2,611,632.0,305.5,1.7647058823529411,5,Active
13823.0,7,1564,3403.4500000000003,223.42857142857142,0.2978723404255319,18,Active
13824.0,12,1442,3314.76,120.16666666666667,0.5960264900662252,32,Active
13825.0,2,182,255.59,91.0,0.5555555555555556,621,Churned
13826.0,1,82,189.5,82.0,1.0,175,Churned
13827.0,3,138,409.8,46.0,1.0588235294117647,57,Active
13828.0,1,311,209.49,311.0,1.0,21,Active
13829.0,1,12,102.0,12.0,1.0,420,Churned
13830.0,1,47,156.85000000000002,47.0,1.0,581,Churned
13831.0,18,2393,6585.54,132.94444444444446,0.7573632538569425,15,Active
13832.0,2,420,609.89,210.0,0.1488833746898263,18,Active
13833.0,2,243,700.41,121.5,0.24590163934426232,158,Churned
13834.0,2,221,324.19,110.5,0.6521739130434783,576,Churned
13835.0,7,520,1095.27,74.28571428571429,0.3387096774193548,24,Active
13836.0,2,273,620.37,136.5,2.0,398,Churned
13837.0,2,182,266.59000000000003,91.0,0.5714285714285714,211,Churned
13838.0,10,694,1690.07,69.4,0.5235602094240838,5,Active
13839.0,1,25,139.95000000000002,25.0,1.0,485,Churned
13840.0,1,358,651.4,358.0,1.0,415,Churned
13841.0,1,100,85.0,100.0,1.0,252,Churned
13842.0,18,2716,5319.34,150.88888888888889,0.8970099667774086,58,Active
13843.0,1,145,319.75,145.0,1.0,380,Churned
13844.0,1,196,361.62,196.0,1.0,10,Active
13845.0,1,182,312.98,182.0,1.0,64,Active
13846.0,4,705,1307.79,176.25,0.32,24,Active
13847.0,1,96,310.72,96.0,1.0,719,Churned
13848.0,8,9200,3015.0,1150.0,0.3767660910518053,91,Churned
13849.0,5,1883,3469.3,376.6,0.26223776223776224,51,Active
13850.0,1,944,1595.48,944.0,1.0,128,Churned
13851.0,8,2525,4606.46,315.625,0.4109589041095891,95,Churned
13852.0,1,85,187.35000000000002,85.0,1.0,610,Churned
13853.0,1,312,1090.1399999999999,312.0,1.0,56,Active
13854.0,39,3642,11944.56,93.38461538461539,1.6931982633863965,8,Active
13855.0,4,575,1310.34,143.75,0.5217391304347826,500,Churned
13856.0,11,1105,1142.03,100.45454545454545,0.7333333333333333,168,Churned
13857.0,6,782,1001.01,130.33333333333334,1.0169491525423728,392,Churned
13858.0,1,75,216.17000000000002,75.0,1.0,56,Active
13859.0,2,167,515.86,83.5,0.2955665024630542,325,Churned
13860.0,5,591,1245.9,118.2,1.7647058823529411,0,Active
13861.0,2,225,273.26,112.5,0.594059405940594,428,Churned
13862.0,9,1927,2556.09,214.11111111111111,0.7277628032345013,17,Active
13863.0,4,553,1239.55,138.25,0.34782608695652173,247,Churned
13864.0,1,192,662.4000000000001,192.0,1.0,386,Churned
13865.0,4,204,501.56,51.0,0.5194805194805194,57,Active
13866.0,1,57,145.67,57.0,1.0,73,Active
13867.0,3,501,1005.09,167.0,0.48387096774193544,30,Active
13868.0,2,1964,3192.54,982.0,1.9354838709677418,6,Active
13869.0,10,4302,7996.87,430.2,0.5291005291005292,122,Churned
13870.0,15,3449,5712.08,229.93333333333334,0.6746626686656672,1,Active
13871.0,17,3502,7885.85,206.0,0.7327586206896552,22,Active
13872.0,3,339,919.57,113.0,0.4545454545454546,526,Churned
13873.0,8,472,1038.92,59.0,0.4562737642585551,119,Churned
13874.0,7,864,2049.15,123.42857142857143,0.6687898089171974,357,Churned
13875.0,14,3072,4814.37,219.42857142857142,0.62874251497006,53,Active
13876.0,1,36,122.7,36.0,1.0,63,Active
13877.0,3,478,449.68,159.33333333333334,0.14925373134328357,85,Active
13878.0,4,927,2416.9,231.75,0.2185792349726776,54,Active
13879.0,1,204,395.5,204.0,1.0,645,Churned
13880.0,17,2535,4293.86,149.11764705882354,0.9444444444444444,20,Active
13881.0,43,29760,45179.1,692.0930232558139,2.012480499219969,3,Active
13882.0,5,953,1191.13,190.6,2.459016393442623,2,Active
13883.0,15,3584,6560.02,238.93333333333334,0.625,10,Active
13884.0,10,752,1825.03,75.2,0.6493506493506493,6,Active
13885.0,2,182,506.8,91.0,2.0,188,Churned
13886.0,1,126,243.56,126.0,1.0,70,Active
13887.0,1,147,349.55,147.0,1.0,203,Churned
13888.0,7,795,2001.59,113.57142857142857,0.46153846153846156,119,Churned
13889.0,6,979,1991.23,163.16666666666666,0.30354131534569984,92,Churned
13890.0,14,1392,2927.38,99.42857142857143,0.5737704918032788,0,Active
13891.0,3,476,859.21,158.66666666666666,0.4433497536945813,377,Churned
13892.0,6,3125,1267.6499999999999,520.8333333333334,0.32786885245901637,26,Active
13893.0,1,190,821.1,190.0,1.0,297,Churned
13894.0,3,354,564.62,118.0,0.3146853146853147,23,Active
13895.0,6,2060,4008.52,343.3333333333333,0.2542372881355932,27,Active
13896.0,1,149,388.55,149.0,1.0,625,Churned
13897.0,3,820,1160.72,273.3333333333333,0.14354066985645933,49,Active
13898.0,2,544,686.4,272.0,0.7058823529411764,325,Churned
13899.0,2,156,388.52,78.0,0.23255813953488372,15,Active
13900.0,6,938,1610.5900000000001,156.33333333333334,0.40816326530612246,182,Churned
13901.0,15,3344,5676.34,222.93333333333334,0.7131537242472266,71,Active
13902.0,5,220600,34095.26,44120.0,1.6304347826086956,631,Churned
13903.0,1,103,165.45000000000002,103.0,1.0,399,Churned
13904.0,2,332,332.64,166.0,0.23346303501945526,36,Active
13905.0,1,135,312.65,135.0,1.0,732,Churned
13906.0,1,100,42.0,100.0,1.0,408,Churned
13907.0,1,68,136.8,68.0,1.0,691,Churned
13908.0,4,1478,2369.55,369.5,0.6122448979591837,79,Active
13909.0,2,301,282.85,150.5,0.6122448979591837,422,Churned
13911.0,20,4487,4234.99,224.35,1.0169491525423728,56,Active
13912.0,1,29,124.95,29.0,1.0,423,Churned
13913.0,1,10,42.22,10.0,1.0,506,Churned
13914.0,2,380,626.45,190.0,2.0,11,Active
13915.0,1,24,70.80000000000001,24.0,1.0,393,Churned
13916.0,4,673,1275.81,168.25,0.5687203791469194,463,Churned
13917.0,2,228,272.04,114.0,0.425531914893617,49,Active
13918.0,2,1140,1212.8400000000001,570.0,0.2955665024630542,49,Active
13919.0,4,1133,1360.68,283.25,0.24948024948024947,58,Active
13920.0,4,1772,1774.68,443.0,0.9230769230769231,431,Churned
13921.0,4,210,730.7,52.5,0.3761755485893417,401,Churned
13922.0,3,467,865.2,155.66666666666666,0.7826086956521738,351,Churned
13923.0,1,185,351.13,185.0,1.0,53,Active
13924.0,6,1575,1838.8500000000001,262.5,2.571428571428571,1,Active
13925.0,4,331,678.25,82.75,2.857142857142857,92,Churned
13926.0,1,104,223.85000000000002,104.0,1.0,22,Active
13927.0,2,463,708.26,231.5,0.16574585635359115,74,Active
13928.0,4,129,464.57,32.25,0.9836065573770493,10,Active
13929.0,11,1566,3494.1,142.36363636363637,0.6285714285714286,168,Churned
13930.0,2,274,337.34,137.0,0.7692307692307692,57,Active
13931.0,11,3488,5257.38,317.09090909090907,0.515625,95,Churned
13932.0,1,72,307.4,72.0,1.0,294,Churned
13933.0,2,205,608.79,102.5,1.5384615384615383,108,Churned
13934.0,1,390,922.1,390.0,1.0,263,Churned
13935.0,3,2252,6116.92,750.6666666666666,1.6363636363636365,596,Churned
13936.0,3,661,939.66,220.33333333333334,0.38461538461538464,179,Churned
13937.0,2,587,880.13,293.5,0.2575107296137339,168,Churned
13938.0,1,70,71.66,70.0,1.0,34,Active
13939.0,7,1608,1560.96,229.71428571428572,0.35653650254668934,22,Active
13940.0,4,516,839.14,129.0,0.9523809523809523,16,Active
13941.0,15,4782,10027.18,318.8,0.6419400855920114,21,Active
13942.0,1,1000,320.0,1000.0,1.0,534,Churned
13943.0,1,94,246.54,94.0,1.0,577,Churned
13944.0,1,153,200.43,153.0,1.0,652,Churned
13945.0,2,413,854.15,206.5,0.7058823529411764,394,Churned
13946.0,6,2847,1876.23,474.5,0.27439024390243905,78,Active
13947.0,1,44,90.6,44.0,1.0,64,Active
13948.0,4,248,548.76,62.0,0.32085561497326204,360,Churned
13949.0,6,2474,2427.32,412.3333333333333,1.978021978021978,2,Active
13950.0,4,323,745.06,80.75,0.5106382978723405,10,Active
13951.0,3,459,674.45,153.0,0.7627118644067797,175,Churned
13952.0,14,5947,12823.521,424.7857142857143,0.8316831683168318,217,Churned
13953.0,12,5224,6640.68,435.3333333333333,0.4993065187239944,6,Active
13954.0,2,150,439.92,75.0,0.8695652173913044,1,Active
13955.0,3,272,544.0699999999999,90.66666666666667,0.4090909090909091,153,Churned
13956.0,5,486,1019.27,97.2,0.5639097744360902,4,Active
13957.0,3,157,458.25,52.333333333333336,0.375,417,Churned
13958.0,8,2264,4709.2300000000005,283.0,0.6779661016949152,379,Churned
13959.0,6,694,1064.77,115.66666666666667,0.4176334106728538,78,Active
13960.0,2,142,230.22,71.0,1.2,20,Active
13961.0,1,226,538.4,226.0,1.0,391,Churned
13962.0,3,160,362.8,53.333333333333336,0.2179176755447942,21,Active
13963.0,17,2007,2860.57,118.05882352941177,1.7708333333333335,307,Churned
13964.0,2,228,438.9,114.0,1.3953488372093024,386,Churned
13965.0,3,425,996.61,141.66666666666666,0.39823008849557523,476,Churned
13966.0,1,760,384.26,760.0,1.0,434,Churned
13967.0,2,66,166.3,33.0,0.24,145,Churned
13968.0,1,174,123.66,174.0,1.0,422,Churned
13969.0,35,6640,12973.460000000001,189.71428571428572,1.7017828200972447,6,Active
13970.0,2,469,846.55,234.5,1.1764705882352942,385,Churned
13971.0,14,3084,4667.57,220.28571428571428,0.6325301204819277,18,Active
13972.0,2,187,190.25,93.5,0.45801526717557256,70,Active
13973.0,1,109,264.7,109.0,1.0,286,Churned
13974.0,2,356,677.72,178.0,0.11278195488721804,48,Active
13975.0,12,3884,5256.4,323.6666666666667,0.5590062111801243,30,Active
13976.0,4,452,1192.3600000000001,113.0,0.2603036876355748,206,Churned
13977.0,1,303,519.8100000000001,303.0,1.0,410,Churned
13978.0,2,315,196.79,157.5,2.0,14,Active
13979.0,7,2270,3379.93,324.2857142857143,0.3167420814479638,72,Active
13980.0,5,463,768.8199999999999,92.6,0.25210084033613445,59,Active
13981.0,1,234,331.14,234.0,1.0,415,Churned
13982.0,9,2478,3954.29,275.3333333333333,0.41602465331278893,38,Active
13983.0,21,3925,6753.89,186.9047619047619,0.9,29,Active
13984.0,12,1301,1893.8,108.41666666666667,0.509915014164306,26,Active
13985.0,22,4936,10020.86,224.36363636363637,0.9939759036144579,3,Active
13986.0,1,430,320.46,430.0,1.0,16,Active
13987.0,2,492,682.54,246.0,2.0,379,Churned
13988.0,8,3385,4757.8,423.125,0.396694214876033,19,Active
13989.0,5,2207,2026.06,441.4,0.30181086519114686,65,Active
13990.0,1,190,311.3,190.0,1.0,212,Churned
13991.0,6,995,852.88,165.83333333333334,1.3740458015267176,11,Active
13992.0,3,154,219.5,51.333333333333336,0.20833333333333331,29,Active
13993.0,19,2135,6775.71,112.36842105263158,0.8225108225108224,42,Active
13994.0,6,932,2274.14,155.33333333333334,1.25,3,Active
13995.0,14,2359,3902.01,168.5,0.5949008498583569,14,Active
13996.0,2,613,895.76,306.5,2.0,385,Churned
13997.0,3,143,376.46,47.666666666666664,2.9032258064516125,518,Churned
13998.0,3,204,566.7,68.0,0.6976744186046512,446,Churned
13999.0,29,5043,9502.26,173.89655172413794,1.201657458563536,9,Active
14000.0,5,1838,2046.34,367.6,0.28517110266159695,210,Churned
14001.0,9,1779,4228.85,197.66666666666666,0.6040268456375839,45,Active
14002.0,2,877,529.73,438.5,2.0,133,Churned
14003.0,1,149,209.41,149.0,1.0,732,Churned
14004.0,11,3425,6258.45,311.3636363636364,0.8418367346938775,42,Active
14005.0,5,2478,2874.72,495.6,0.7281553398058253,9,Active
14006.0,7,2181,2196.67,311.57142857142856,0.39179104477611937,115,Churned
14007.0,1,16,79.48,16.0,1.0,512,Churned
14008.0,1,326,509.04,326.0,1.0,431,Churned
14009.0,3,951,1099.91,317.0,0.3409090909090909,197,Churned
14010.0,2,177,445.15,88.5,2.0,564,Churned
14011.0,2,644,457.82,322.0,0.47244094488188976,479,Churned
14012.0,1,160,328.8,160.0,1.0,277,Churned
14013.0,5,775,1084.57,155.0,0.29239766081871343,109,Churned
14014.0,3,2004,1948.21,668.0,0.18036072144288579,76,Active
14015.0,1,378,917.34,378.0,1.0,52,Active
14016.0,11,5722,11403.41,520.1818181818181,0.6133828996282528,161,Churned
14017.0,1,73,229.75,73.0,1.0,570,Churned
14018.0,1,224,367.15,224.0,1.0,644,Churned
14019.0,3,1037,1421.61,345.6666666666667,0.989010989010989,46,Active
14020.0,4,648,1249.01,162.0,0.234375,16,Active
14021.0,7,878,1716.58,125.42857142857143,0.4805491990846682,154,Churned
14022.0,2,681,792.15,340.5,0.2298850574712644,224,Churned
14023.0,2,345,584.07,172.5,0.24793388429752067,6,Active
14024.0,3,238,645.74,79.33333333333333,0.3345724907063197,121,Churned
14025.0,8,1914,4057.9,239.25,2.0168067226890756,464,Churned
14026.0,2,427,713.11,213.5,0.3896103896103896,470,Churned
14027.0,1,62,104.82,62.0,1.0,60,Active
14028.0,3,7170,10396.5,2390.0,3.0,549,Churned
14029.0,2,198,467.66,99.0,0.75,62,Active
14030.0,20,4215,7521.8,210.75,0.8450704225352113,17,Active
14031.0,44,13783,39019.51,313.25,1.8106995884773662,6,Active
14032.0,16,3740,4546.41,233.75,0.6639004149377593,1,Active
14033.0,1,576,109.44,576.0,1.0,554,Churned
14034.0,3,420,648.89,140.0,0.6666666666666666,21,Active
14035.0,9,1405,2794.75,156.11111111111111,0.4631217838765008,28,Active
14036.0,1,268,626.65,268.0,1.0,284,Churned
14037.0,6,590,836.95,98.33333333333333,0.3237410071942446,175,Churned
14038.0,5,1708,3069.88,341.6,0.25210084033613445,77,Active
14039.0,2,192,267.28000000000003,96.0,0.11070110701107011,32,Active
14040.0,35,4972,12523.81,142.05714285714285,1.504297994269341,40,Active
14041.0,1,94,141.41,94.0,1.0,265,Churned
14042.0,1,180,431.98,180.0,1.0,724,Churned
14043.0,2,152,302.59999999999997,76.0,0.25210084033613445,490,Churned
14044.0,10,2100,3077.7,210.0,0.4566210045662101,26,Active
14045.0,16,4459,10986.63,278.6875,0.8121827411167513,108,Churned
14046.0,1,460,154.99,460.0,1.0,283,Churned
14047.0,14,1541,3968.11,110.07142857142857,0.62874251497006,8,Active
14048.0,3,467,748.69,155.66666666666666,1.1688311688311688,304,Churned
14049.0,13,8480,13023.4,652.3076923076923,0.65,16,Active
14050.0,2,689,746.36,344.5,0.8108108108108107,31,Active
14051.0,37,5709,21770.98,154.2972972972973,1.510204081632653,0,Active
14052.0,2,174,466.66,87.0,0.16172506738544473,19,Active
14053.0,4,490,572.3,122.5,0.3314917127071823,123,Churned
14054.0,1,62,92.46000000000001,62.0,1.0,64,Active
14055.0,3,720,1520.96,240.0,0.1461038961038961,105,Churned
14056.0,23,4252,8152.71,184.8695652173913,2.4468085106382977,0,Active
14057.0,22,6438,8346.66,292.6363636363636,0.9269662921348314,23,Active
14058.0,2,211,469.19,105.5,0.8955223880597015,462,Churned
14059.0,1,128,183.6,128.0,1.0,266,Churned
14060.0,30,7419,8898.24,247.3,1.4195583596214512,4,Active
14061.0,3,133,917.4300000000001,44.333333333333336,0.3913043478260869,506,Churned
14062.0,24,12794,25585.65,533.0833333333334,1.0013908205841446,9,Active
14063.0,9,3850,22710.2,427.77777777777777,0.9215017064846416,437,Churned
14064.0,15,3911,3260.24,260.73333333333335,0.6849315068493151,28,Active
14065.0,3,582,891.02,194.0,2.142857142857143,388,Churned
14066.0,1,45,152.55,45.0,1.0,266,Churned
14067.0,2,361,374.7,180.5,1.875,63,Active
14068.0,4,510,1516.72,127.5,0.3361344537815126,319,Churned
14069.0,2,58,225.81,29.0,1.3043478260869565,514,Churned
14070.0,1,85,321.6,85.0,1.0,684,Churned
14071.0,8,994,1437.57,124.25,0.9195402298850576,3,Active
14072.0,1,65,390.85,65.0,1.0,666,Churned
14073.0,1,130,151.04,130.0,1.0,31,Active
14074.0,1,228,219.4,228.0,1.0,622,Churned
14075.0,6,1494,1734.87,249.0,0.33582089552238803,4,Active
14076.0,1,79,118.67,79.0,1.0,128,Churned
14077.0,6,376,615.08,62.666666666666664,0.5084745762711864,40,Active
14078.0,9,586,1553.47,65.11111111111111,0.5202312138728323,101,Churned
14079.0,2,302,618.73,151.0,0.10771992818671454,124,Churned
14080.0,5,268,1115.68,53.6,0.21306818181818182,32,Active
14081.0,10,3381,4867.57,338.1,0.7042253521126761,301,Churned
14082.0,2,246,413.36,123.0,2.0,364,Churned
14083.0,11,760,1082.19,69.0909090909091,0.46025104602510464,3,Active
14084.0,1,306,150.5,306.0,1.0,511,Churned
14085.0,33,6434,9720.67,194.96969696969697,1.3580246913580247,1,Active
14086.0,1,1,39.95,1.0,1.0,462,Churned
14087.0,3,718,829.47,239.33333333333334,0.12295081967213116,2,Active
14088.0,16,15276,64036.8,954.75,1.1707317073170733,9,Active
14089.0,1,133,158.75,133.0,1.0,56,Active
14090.0,1,72,76.32000000000001,72.0,1.0,324,Churned
14091.0,2,3316,9530.08,1658.0,1.3636363636363638,653,Churned
14092.0,24,3606,7229.45,150.25,1.006993006993007,7,Active
14093.0,1,391,433.86,391.0,1.0,11,Active
14094.0,1,158,311.77,158.0,1.0,439,Churned
14095.0,1,1,2.95,1.0,1.0,722,Churned
14096.0,17,16352,65164.79,961.8823529411765,5.257731958762887,3,Active
14097.0,2,352,422.86,176.0,0.36585365853658536,480,Churned
14098.0,1,104,147.35,104.0,1.0,36,Active
14099.0,20,3666,5750.91,183.3,0.841514726507714,15,Active
14100.0,1,63,191.95,63.0,1.0,137,Churned
14101.0,13,10542,9961.93,810.9230769230769,0.7129798903107861,73,Active
14102.0,5,769,1105.8799999999999,153.8,3.846153846153846,4,Active
14104.0,5,496,743.53,99.2,0.37037037037037035,154,Churned
14105.0,5,3534,5988.83,706.8,0.3112033195020747,238,Churned
14106.0,1,24,214.8,24.0,1.0,736,Churned
14107.0,11,3489,4877.3,317.1818181818182,0.48672566371681414,51,Active
14108.0,4,660,1044.96,165.0,0.16973125884016974,30,Active
14109.0,1,88,144.2,88.0,1.0,72,Active
14110.0,33,5825,12987.95,176.5151515151515,1.346938775510204,3,Active
14111.0,4,458,692.85,114.5,0.5286343612334802,13,Active
14112.0,13,3539,5834.59,272.2307692307692,0.618066561014263,22,Active
14113.0,16,3439,7092.610000000001,214.9375,0.6593406593406593,3,Active
14114.0,7,650,1364.09,92.85714285714286,0.6325301204819277,273,Churned
14115.0,2,509,622.67,254.5,0.36363636363636365,501,Churned
14116.0,5,707,1382.74,141.4,1.4851485148514851,19,Active
14117.0,1,72,90.0,72.0,1.0,143,Churned
14118.0,1,97,458.45,97.0,1.0,428,Churned
14119.0,2,177,183.37,88.5,0.17543859649122806,375,Churned
14121.0,4,2082,2780.15,520.5,2.142857142857143,3,Active
14122.0,3,114,362.42,38.0,0.2719033232628399,405,Churned
14123.0,1,234,436.18,234.0,1.0,732,Churned
14124.0,1,1618,419.58,1618.0,1.0,83,Active
14125.0,3,1628,2720.63,542.6666666666666,1.3432835820895521,10,Active
14126.0,4,887,1172.46,221.75,0.27522935779816515,7,Active
14127.0,6,828,1900.0800000000002,138.0,0.5960264900662252,122,Churned
14128.0,3,814,924.21,271.3333333333333,0.1836734693877551,60,Active
14129.0,9,1414,2591.34,157.11111111111111,0.4679376083188908,1,Active
14130.0,4,1215,1858.77,303.75,0.29411764705882354,318,Churned
14131.0,1,105,168.22,105.0,1.0,648,Churned
14132.0,11,3368,3586.0299999999997,306.1818181818182,1.8232044198895028,1,Active
14133.0,4,398,911.14,99.5,0.1990049751243781,129,Churned
14134.0,15,5814,11123.35,387.6,1.2968299711815563,382,Churned
14135.0,24,8534,8839.67,355.5833333333333,0.9782608695652173,1,Active
14136.0,5,1148,1570.81,229.6,0.45317220543806647,400,Churned
14137.0,1,462,332.7,462.0,1.0,695,Churned
14138.0,2,600,965.88,300.0,0.9677419354838709,1,Active
14139.0,4,1049,1086.8,262.25,0.24193548387096772,45,Active
14140.0,2,811,935.05,405.5,2.0,3,Active
14141.0,4,355,915.13,88.75,1.1764705882352942,2,Active
14142.0,2,518,671.34,259.0,0.21978021978021978,372,Churned
14143.0,1,30,115.8,30.0,1.0,133,Churned
14144.0,1,12,30.6,12.0,1.0,485,Churned
14145.0,7,1655,7600.05,236.42857142857142,0.3723404255319149,46,Active
14146.0,12,5780,9450.3,481.6666666666667,0.5247813411078717,8,Active
14147.0,9,995,2590.2,110.55555555555556,0.48042704626334515,77,Active
14148.0,2,223,466.29,111.5,0.3333333333333333,233,Churned
14149.0,1,218,446.62,218.0,1.0,220,Churned
14150.0,2,496,658.64,248.0,0.18518518518518517,35,Active
14151.0,2,405,679.45,202.5,1.3953488372093024,672,Churned
14152.0,7,1844,1997.34,263.42857142857144,0.3602058319039451,74,Active
14153.0,1,312,233.39999999999998,312.0,1.0,482,Churned
14154.0,8,3222,6460.7,402.75,0.5263157894736842,238,Churned
14155.0,1,25,118.75,25.0,1.0,265,Churned
14156.0,156,164325,313437.62,1053.3653846153845,6.428571428571429,9,Active
14157.0,5,521,978.69,104.2,0.23961661341853036,19,Active
14158.0,1,781,507.65999999999997,781.0,1.0,39,Active
14159.0,20,6520,7860.8,326.0,0.8368200836820084,19,Active
14160.0,7,4661,8421.47,665.8571428571429,2.3863636363636367,609,Churned
14161.0,7,1480,2996.93,211.42857142857142,0.4117647058823529,215,Churned
14162.0,2,142,289.36,71.0,0.5084745762711864,173,Churned
14163.0,5,950,2594.62,190.0,0.40106951871657753,86,Active
14164.0,2,1033,1631.77,516.5,2.0,70,Active
14165.0,1,53,120.44,53.0,1.0,275,Churned
14166.0,2,82,251.15,41.0,0.49586776859504134,504,Churned
14167.0,8,340,1274.29,42.5,0.374414976599064,38,Active
14168.0,2,147,370.45,73.5,0.4195804195804196,420,Churned
14169.0,2,205,621.51,102.5,2.0,430,Churned
14170.0,3,270,570.18,90.0,3.0,374,Churned
14171.0,2,211,498.79,105.5,0.0949367088607595,97,Churned
14172.0,3,78,369.02,26.0,2.4324324324324325,604,Churned
14173.0,6,194,586.0,32.333333333333336,0.25034770514603616,10,Active
14174.0,1,94,134.46,94.0,1.0,32,Active
14175.0,8,3009,7678.88,376.125,0.4225352112676056,59,Active
14176.0,5,265,756.46,53.0,1.8072289156626506,296,Churned
14177.0,13,1043,2209.69,80.23076923076923,0.6902654867256638,85,Active
14178.0,7,1494,1600.26,213.42857142857142,1.2138728323699421,8,Active
14179.0,2,319,701.57,159.5,2.0,40,Active
14180.0,33,847,6117.5,25.666666666666668,1.8435754189944136,10,Active
14181.0,2,120,308.35,60.0,0.3973509933774835,410,Churned
14182.0,4,174,678.77,43.5,0.7894736842105263,443,Churned
14183.0,2,60,278.34000000000003,30.0,0.8695652173913044,410,Churned
14184.0,1,127,452.89,127.0,1.0,66,Active
14185.0,1,6,197.65,6.0,1.0,330,Churned
14186.0,5,1550,1550.6299999999999,310.0,0.6912442396313364,426,Churned
14187.0,1,50,123.5,50.0,1.0,473,Churned
14188.0,6,1162,2054.36,193.66666666666666,0.6451612903225806,30,Active
14189.0,16,4392,5503.15,274.5,1.2435233160621761,1,Active
14190.0,1,2,79.9,2.0,1.0,665,Churned
14191.0,15,3724,4817.66,248.26666666666668,0.6198347107438017,1,Active
14192.0,1,218,293.74,218.0,1.0,387,Churned
14193.0,3,653,1210.19,217.66666666666666,0.27439024390243905,67,Active
14194.0,36,10037,18670.59,278.80555555555554,1.5494978479196555,4,Active
14195.0,6,2144,2615.6,357.3333333333333,0.41666666666666663,201,Churned
14196.0,1,142,335.52,142.0,1.0,106,Churned
14197.0,1,143,390.05,143.0,1.0,410,Churned
14198.0,9,623,1569.73,69.22222222222223,0.39416058394160586,17,Active
14199.0,4,254,1091.7,63.5,0.3846153846153846,217,Churned
14200.0,1,140,379.2,140.0,1.0,616,Churned
14201.0,10,806,1193.54,80.6,0.5681818181818181,59,Active
14202.0,3,166,847.76,55.333333333333336,0.3703703703703704,380,Churned
14203.0,1,80,339.34,80.0,1.0,396,Churned
14204.0,4,469,1024.83,117.25,0.16326530612244897,1,Active
14205.0,9,1342,2414.2,149.11111111111111,0.43200000000000005,16,Active
14206.0,3,930,1185.01,310.0,0.5521472392638036,238,Churned
14207.0,1,36,157.8,36.0,1.0,687,Churned
14208.0,2,529,567.05,264.5,0.13157894736842105,94,Churned
14209.0,15,1739,4993.27,115.93333333333334,0.6666666666666666,10,Active
14210.0,16,2511,5556.570000000001,156.9375,0.8040201005025126,105,Churned
14211.0,18,2575,4402.29,143.05555555555554,0.7976366322008863,52,Active
14212.0,2,2046,2190.14,1023.0,0.16853932584269662,89,Active
14213.0,1,244,1192.2,244.0,1.0,404,Churned
14214.0,5,751,1004.38,150.2,0.6097560975609757,30,Active
14215.0,9,2181,3250.33,242.33333333333334,0.375,11,Active
14216.0,5,712,2150.04,142.4,0.36585365853658536,2,Active
14217.0,23,1230,3298.59,53.47826086956522,1.3142857142857143,1,Active
14218.0,1,160,169.48000000000002,160.0,1.0,42,Active
14219.0,3,363,633.83,121.0,0.18404907975460122,3,Active
14220.0,4,468,1515.0,117.0,0.3738317757009346,246,Churned
14221.0,17,3808,6517.49,224.0,0.8963093145869948,41,Active
14222.0,1,607,683.17,607.0,1.0,176,Churned
14223.0,3,585,991.13,195.0,0.5263157894736842,91,Churned
14224.0,9,826,1841.71,91.77777777777777,0.6235565819861432,109,Churned
14225.0,4,1167,2031.07,291.75,0.4597701149425288,434,Churned
14226.0,6,1714,2985.13,285.6666666666667,0.4368932038834952,28,Active
14227.0,15,4048,6368.71,269.8666666666667,0.6998444790046656,25,Active
14228.0,3,260,745.5,86.66666666666667,0.8333333333333333,437,Churned
14229.0,7,934,2594.04,133.42857142857142,0.5011933174224343,51,Active
14230.0,3,246,979.8000000000001,82.0,0.8035714285714286,435,Churned
14231.0,4,610,1235.6200000000001,152.5,0.449438202247191,183,Churned
14232.0,5,1941,2048.07,388.2,0.6787330316742082,42,Active
14233.0,7,1261,2904.27,180.14285714285714,0.35353535353535354,48,Active
14234.0,4,951,754.12,237.75,3.4285714285714284,21,Active
14235.0,9,3014,4717.99,334.8888888888889,0.4963235294117647,74,Active
14236.0,5,774,1555.34,154.8,0.3537735849056604,80,Active
14237.0,2,238,471.14,119.0,0.2764976958525346,372,Churned
14238.0,3,189,434.23,63.0,0.22058823529411764,325,Churned
14239.0,21,1729,4263.17,82.33333333333333,0.9117221418234442,42,Active
14240.0,3,655,1247.49,218.33333333333334,0.22900763358778625,29,Active
14241.0,2,242,333.7,121.0,0.1171875,183,Churned
14242.0,2,123,280.55,61.5,0.6593406593406593,234,Churned
14243.0,17,3631,7217.75,213.58823529411765,1.0920770877944326,8,Active
14244.0,1,814,366.41999999999996,814.0,1.0,660,Churned
14245.0,2,976,1693.45,488.0,1.3953488372093024,219,Churned
14246.0,3,804,1474.06,268.0,0.6666666666666666,110,Churned
14247.0,5,378,753.56,75.6,0.5494505494505495,277,Churned
14248.0,3,692,1032.95,230.66666666666666,0.4568527918781726,317,Churned
14249.0,12,2383,5400.461,198.58333333333334,1.3432835820895521,410,Churned
14250.0,3,1200,1904.05,400.0,1.0975609756097562,6,Active
14251.0,5,1674,2879.7000000000003,334.8,2.7272727272727275,1,Active
14252.0,1,111,350.99,111.0,1.0,380,Churned
14253.0,2,88,363.40000000000003,44.0,0.46511627906976744,492,Churned
14254.0,1,263,601.03,263.0,1.0,432,Churned
14255.0,1,1,1000.63,1.0,1.0,545,Churned
14256.0,5,1147,2460.79,229.4,0.3456221198156682,259,Churned
14257.0,9,3332,5954.45,370.22222222222223,0.4623287671232877,63,Active
14258.0,25,17488,32051.34,699.52,1.0330578512396695,8,Active
14259.0,1,68,120.0,68.0,1.0,141,Churned
14260.0,3,544,824.28,181.33333333333334,1.1688311688311688,470,Churned
14261.0,2,406,1163.45,203.0,2.0,50,Active
14262.0,8,1645,2618.23,205.625,1.0344827586206897,7,Active
14263.0,1,171,322.93,171.0,1.0,422,Churned
14264.0,6,553,1517.3600000000001,92.16666666666667,0.39473684210526316,154,Churned
14265.0,4,715,1373.35,178.75,0.2390438247011952,108,Churned
14266.0,1,24,40.56,24.0,1.0,427,Churned
14267.0,3,530,1516.24,176.66666666666666,0.9278350515463918,162,Churned
14268.0,1,147,354.85,147.0,1.0,470,Churned
14269.0,1,123,295.73,123.0,1.0,438,Churned
14270.0,1,197,492.65000000000003,197.0,1.0,331,Churned
14271.0,2,148,214.18,74.0,0.3278688524590164,225,Churned
14272.0,4,1097,920.81,274.25,0.23622047244094488,73,Active
14273.0,4,264,559.97,66.0,0.6315789473684211,50,Active
14274.0,1,178,256.6,178.0,1.0,685,Churned
14275.0,6,538,1189.3799999999999,89.66666666666667,0.8530805687203792,395,Churned
14276.0,7,1406,2102.68,200.85714285714286,0.37433155080213903,98,Churned
14277.0,9,89806,17197.61,9978.444444444445,0.38028169014084506,14,Active
14278.0,1,131,205.83,131.0,1.0,409,Churned
14279.0,2,46,191.86,23.0,0.375,520,Churned
14280.0,1,52,134.04,52.0,1.0,196,Churned
14281.0,1,45,245.15,45.0,1.0,407,Churned
14282.0,25,5166,7250.76,206.64,1.1380880121396055,2,Active
14283.0,4,550,628.4399999999999,137.5,1.1320754716981132,462,Churned
14284.0,3,510,1299.65,170.0,0.14469453376205788,30,Active
14285.0,8,954,3284.42,119.25,0.3380281690140845,20,Active
14286.0,7,8795,8479.76,1256.4285714285713,0.2949438202247191,23,Active
14287.0,3,261,176.63,87.0,0.4736842105263158,7,Active
14288.0,1,188,426.6,188.0,1.0,212,Churned
14289.0,6,292,911.26,48.666666666666664,0.6428571428571428,8,Active
14290.0,8,1600,4516.56,200.0,0.3333333333333333,10,Active
14291.0,23,6146,7904.099999999999,267.2173913043478,0.9478021978021979,1,Active
14292.0,16,3429,9226.25,214.3125,0.7704654895666132,7,Active
14293.0,9,1558,2903.01,173.11111111111111,0.37190082644628103,2,Active
14294.0,1,190,375.34000000000003,190.0,1.0,406,Churned
14295.0,5,1029,2362.91,205.8,0.2170767004341534,39,Active
14296.0,2,314,456.4,157.0,0.39473684210526316,420,Churned
14297.0,4,865,1305.33,216.25,0.4669260700389105,17,Active
14298.0,82,100272,91194.49,1222.8292682926829,3.4214186369958277,7,Active
14299.0,27,8136,14070.25,301.3333333333333,1.1111111111111112,7,Active
14300.0,1,32,43.2,32.0,1.0,18,Active
14301.0,4,1686,1992.18,421.5,0.2185792349726776,116,Churned
14302.0,3,298,742.9000000000001,99.33333333333333,0.29411764705882354,430,Churned
14303.0,2,218,277.94,109.0,2.0,406,Churned
14304.0,3,775,1725.01,258.3333333333333,0.25862068965517243,222,Churned
14305.0,3,1089,1858.96,363.0,1.40625,70,Active
14306.0,6,2065,3151.4,344.1666666666667,0.28800000000000003,50,Active
14307.0,10,2816,4287.92,281.6,0.4665629860031104,88,Active
14308.0,2,2,1147.02,1.0,2.0,548,Churned
14309.0,11,2583,3780.81,234.8181818181818,0.6088560885608856,7,Active
14310.0,1,230,492.1,230.0,1.0,432,Churned
14311.0,2,235,516.45,117.5,0.18518518518518517,242,Churned
14312.0,11,1904,3090.29,173.0909090909091,0.7221006564551423,46,Active
14314.0,2,332,229.79999999999998,166.0,0.18518518518518517,106,Churned
14315.0,8,1344,3197.82,168.0,0.4074702886247878,44,Active
14316.0,5,4494,1370.34,898.8,0.7211538461538461,421,Churned
14317.0,1,255,508.58,255.0,1.0,64,Active
14318.0,1,152,158.02,152.0,1.0,459,Churned
14319.0,1,329,494.85,329.0,1.0,423,Churned
14320.0,5,713,1346.75,142.6,0.3125,206,Churned
14321.0,7,3275,2218.06,467.85714285714283,0.45454545454545453,10,Active
14322.0,4,158,474.1,39.5,0.5217391304347826,428,Churned
14323.0,2,350,605.0600000000001,175.0,0.48780487804878053,114,Churned
14324.0,2,402,701.61,201.0,0.21201413427561838,409,Churned
14325.0,1,320,245.48000000000002,320.0,1.0,569,Churned
14326.0,3,572,940.98,190.66666666666666,0.3103448275862069,241,Churned
14327.0,6,1296,1894.93,216.0,0.33582089552238803,162,Churned
14328.0,1,1,445.05,1.0,1.0,437,Churned
14329.0,15,5913,9887.62,394.2,0.6373937677053824,16,Active
14330.0,1,103,200.63,103.0,1.0,623,Churned
14331.0,2,252,462.65999999999997,126.0,2.0,123,Churned
14332.0,5,875,1917.41,175.0,0.3816793893129771,22,Active
14333.0,1,58,415.2,58.0,1.0,67,Active
14334.0,12,2986,4318.48,248.83333333333334,0.6533575317604355,16,Active
14335.0,2,375,454.86,187.5,0.75,15,Active
14336.0,4,1759,1614.91,439.75,0.46332046332046334,16,Active
14338.0,3,622,928.1,207.33333333333334,0.24,160,Churned
14339.0,2,456,620.27,228.0,0.3225806451612903,242,Churned
14340.0,1,58,134.7,58.0,1.0,218,Churned
14341.0,18,2813,4452.02,156.27777777777777,0.7792207792207791,44,Active
14342.0,6,521,918.44,86.83333333333333,0.3991130820399113,20,Active
14343.0,4,626,1079.66,156.5,0.44776119402985076,420,Churned
14344.0,20,1546,2993.05,77.3,1.2048192771084336,126,Churned
14345.0,1,50,108.97999999999999,50.0,1.0,38,Active
14346.0,5,1878,2315.75,375.6,0.39893617021276595,120,Churned
14347.0,1,48,82.60000000000001,48.0,1.0,736,Churned
14348.0,1,183,409.57,183.0,1.0,259,Churned
14349.0,1,86,133.5,86.0,1.0,9,Active
14350.0,3,543,972.03,181.0,0.5806451612903225,273,Churned
14351.0,1,12,51.0,12.0,1.0,164,Churned
14352.0,4,538,1078.96,134.5,1.0344827586206897,156,Churned
14353.0,3,344,376.5,114.66666666666667,0.41666666666666663,214,Churned
14354.0,2,210,163.62,105.0,2.0,5,Active
14355.0,3,617,840.05,205.66666666666666,0.3448275862068966,365,Churned
14356.0,2,277,701.23,138.5,2.0,79,Active
14357.0,1,147,225.12,147.0,1.0,42,Active
14358.0,2,338,400.06,169.0,1.5789473684210527,388,Churned
14359.0,3,371,912.18,123.66666666666667,1.3235294117647058,18,Active
14360.0,4,1139,2118.03,284.75,1.9354838709677418,31,Active
14361.0,1,251,214.70999999999998,251.0,1.0,578,Churned
14362.0,1,96,151.5,96.0,1.0,21,Active
14363.0,2,105,227.47000000000003,52.5,1.2244897959183674,401,Churned
14364.0,8,1967,3717.35,245.875,2.3529411764705883,108,Churned
14365.0,2,557,634.68,278.5,0.20905923344947736,394,Churned
14366.0,1,16,136.0,16.0,1.0,524,Churned
14367.0,16,4426,9227.82,276.625,1.797752808988764,7,Active
14368.0,1,36,155.0,36.0,1.0,319,Churned
14369.0,2,255,469.13,127.5,2.0,641,Churned
14370.0,6,266,1175.78,44.333333333333336,0.7964601769911505,450,Churned
14371.0,1,34,100.5,34.0,1.0,294,Churned
14372.0,2,378,860.08,189.0,0.3846153846153846,442,Churned
14373.0,1,17,76.55,17.0,1.0,357,Churned
14374.0,1,20,108.0,20.0,1.0,540,Churned
14375.0,3,647,1106.82,215.66666666666666,0.2535211267605634,184,Churned
14376.0,1,50,215.46,50.0,1.0,682,Churned
14377.0,2,219,617.05,109.5,0.8571428571428571,190,Churned
14378.0,1,57,131.25,57.0,1.0,621,Churned
14379.0,4,712,1265.16,178.0,0.27522935779816515,43,Active
14380.0,1,1,48.96,1.0,1.0,681,Churned
14381.0,2,449,625.94,224.5,0.15037593984962405,51,Active
14382.0,2,1667,1193.63,833.5,0.1652892561983471,25,Active
14383.0,3,817,1247.69,272.3333333333333,0.72,37,Active
14384.0,1,30,58.5,30.0,1.0,500,Churned
14385.0,3,159,202.10999999999999,53.0,3.0,8,Active
14386.0,1,54,142.4,54.0,1.0,296,Churned
14387.0,3,795,1727.6,265.0,1.1842105263157896,32,Active
14388.0,16,4190,6388.2,261.875,0.7079646017699115,9,Active
14389.0,5,1388,1898.01,277.6,0.2857142857142857,64,Active
14390.0,13,2830,6150.03,217.69230769230768,0.9420289855072463,9,Active
14391.0,1,168,135.6,168.0,1.0,576,Churned
14392.0,1,114,266.4,114.0,1.0,431,Churned
14393.0,1,13,67.95,13.0,1.0,217,Churned
14394.0,1,58,93.8,58.0,1.0,564,Churned
14395.0,20,3872,7801.93,193.6,1.0033444816053512,1,Active
14396.0,7,959,1969.38,137.0,0.3125,64,Active
14397.0,19,1890,2612.96,99.47368421052632,2.7142857142857144,2,Active
14398.0,2,267,707.79,133.5,0.47619047619047616,400,Churned
14399.0,8,965,2108.21,120.625,0.8571428571428571,393,Churned
14400.0,3,1706,1732.47,568.6666666666666,0.18672199170124482,148,Churned
14401.0,22,6401,6795.9,290.95454545454544,0.9153952843273231,3,Active
14402.0,1,240,285.6,240.0,1.0,651,Churned
14403.0,6,737,1880.51,122.83333333333333,0.3543307086614173,129,Churned
14404.0,13,1577,2724.13,121.3076923076923,0.5693430656934307,33,Active
14405.0,1,100,195.0,100.0,1.0,386,Churned
14406.0,1,77,156.75,77.0,1.0,118,Churned
14407.0,6,1415,2157.73,235.83333333333334,1.0650887573964496,106,Churned
14408.0,11,2438,4102.27,221.63636363636363,0.45769764216366154,10,Active
14409.0,9,2233,3427.29,248.11111111111111,0.5443548387096774,70,Active
14410.0,11,1369,2631.9,124.45454545454545,0.9593023255813954,91,Churned
14411.0,1,196,1063.0,196.0,1.0,310,Churned
14412.0,3,1428,1426.19,476.0,0.2362204724409449,42,Active
14413.0,4,277,764.52,69.25,0.36809815950920244,361,Churned
14414.0,8,2877,2399.33,359.625,0.8480565371024735,91,Churned
14415.0,23,6263,11980.09,272.30434782608694,0.9556786703601108,0,Active
14416.0,2,326,490.22,163.0,2.0,21,Active
14417.0,1,543,524.65,543.0,1.0,387,Churned
14418.0,3,1711,1937.25,570.3333333333334,0.8653846153846153,3,Active
14419.0,7,552,1254.64,78.85714285714286,0.564516129032258,10,Active
14420.0,4,1120,1639.17,280.0,0.2027027027027027,98,Churned
14421.0,6,1342,2469.37,223.66666666666666,0.28391167192429023,56,Active
14422.0,19,6067,10271.52,319.3157894736842,0.7905686546463245,0,Active
14423.0,3,419,916.61,139.66666666666666,0.18907563025210083,217,Churned
14424.0,1,48,322.08,48.0,1.0,17,Active
14425.0,3,325,661.39,108.33333333333333,0.2980132450331126,434,Churned
14426.0,17,7023,11727.94,413.11764705882354,0.821256038647343,23,Active
14427.0,4,538,1263.52,134.5,0.20654044750430292,49,Active
14428.0,5,428,1224.06,85.6,0.47318611987381703,6,Active
14429.0,1,286,516.28,286.0,1.0,403,Churned
14430.0,3,446,1220.9,148.66666666666666,0.9473684210526316,511,Churned
14431.0,4,1202,2614.2,300.5,0.3125,302,Churned
14432.0,6,2013,2248.5,335.5,2.278481012658228,9,Active
14433.0,1,131,280.7,131.0,1.0,465,Churned
14434.0,6,368,1372.8,61.333333333333336,3.5999999999999996,21,Active
14435.0,1,282,90.42,282.0,1.0,501,Churned
14436.0,2,297,271.7,148.5,0.13215859030837004,98,Churned
14437.0,5,420,873.34,84.0,0.6912442396313364,365,Churned
14438.0,1,82,131.9,82.0,1.0,305,Churned
14439.0,5,2244,9443.04,448.8,0.40871934604904636,319,Churned
14440.0,13,1605,5982.03,123.46153846153847,0.5349794238683128,7,Active
14441.0,11,1260,4611.6900000000005,114.54545454545455,0.4789550072568941,0,Active
14442.0,7,1431,5367.02,204.42857142857142,0.43298969072164945,204,Churned
14443.0,5,1357,2082.97,271.4,0.4615384615384615,53,Active
14444.0,1,172,120.44,172.0,1.0,455,Churned
14445.0,1,83,221.65,83.0,1.0,455,Churned
14446.0,5,1091,1200.28,218.2,0.3896103896103896,0,Active
14447.0,6,913,1711.73,152.16666666666666,0.4724409448818898,18,Active
14448.0,2,104,375.35,52.0,0.1694915254237288,8,Active
14449.0,8,1604,2230.96,200.5,0.5755395683453237,18,Active
14450.0,7,522,1128.44,74.57142857142857,0.4895104895104895,180,Churned
14451.0,12,1737,3258.68,144.75,0.5705229793977813,59,Active
14452.0,4,285,658.95,71.25,0.23529411764705882,10,Active
14453.0,1,49,119.93,49.0,1.0,189,Churned
14454.0,5,400,977.3000000000001,80.0,0.42016806722689076,375,Churned
14455.0,4,706,617.72,176.5,1.9047619047619047,431,Churned
14456.0,9,2885,3017.28,320.55555555555554,1.9708029197080292,4,Active
14457.0,1,88,113.64,88.0,1.0,310,Churned
14458.0,1,317,228.07,317.0,1.0,380,Churned
14459.0,2,2303,5375.741,1151.5,0.12096774193548386,154,Churned
14460.0,9,1879,1093.5,208.77777777777777,0.44045676998368677,109,Churned
14461.0,13,3005,6676.91,231.15384615384616,0.7195571955719557,147,Churned
14462.0,12,1063,2242.81,88.58333333333333,0.9836065573770493,65,Active
14463.0,4,210,786.5699999999999,52.5,0.29925187032418954,97,Churned
14464.0,2,62,111.0,31.0,1.0169491525423728,567,Churned
14465.0,11,2539,3925.85,230.8181818181818,0.7268722466960352,246,Churned
14466.0,13,2507,4267.15,192.84615384615384,0.560344827586207,28,Active
14467.0,12,1187,2203.2400000000002,98.91666666666667,0.5,17,Active
14468.0,1,164,204.24,164.0,1.0,733,Churned
14469.0,4,973,2093.46,243.25,0.4562737642585551,415,Churned
14470.0,3,282,712.04,94.0,0.21531100478468898,11,Active
14471.0,2,187,400.95,93.5,0.425531914893617,590,Churned
14472.0,9,1271,2118.72,141.22222222222223,0.46153846153846156,103,Churned
14473.0,2,88,234.34,44.0,0.28846153846153844,73,Active
14474.0,2,448,1258.89,224.0,0.11257035647279551,45,Active
14475.0,4,541,1151.15,135.25,0.3560830860534125,71,Active
14476.0,1,110,193.0,110.0,1.0,256,Churned
14477.0,7,1120,1969.6,160.0,0.30701754385964913,19,Active
14478.0,4,1226,1276.66,306.5,0.33707865168539325,381,Churned
14479.0,4,562,1124.71,140.5,0.25052192066805845,253,Churned
14480.0,4,670,1299.52,167.5,0.16973125884016974,10,Active
14481.0,5,1568,2284.69,313.6,0.29296875,164,Churned
14482.0,12,2869,4306.72,239.08333333333334,0.7982261640798226,17,Active
14483.0,2,193,257.1,96.5,0.13186813186813187,281,Churned
14484.0,4,744,1070.98,186.0,0.17857142857142858,49,Active
14485.0,1,70,162.8,70.0,1.0,38,Active
14486.0,2,90,175.5,45.0,1.4634146341463414,511,Churned
14487.0,7,761,1266.27,108.71428571428571,0.5965909090909092,26,Active
14488.0,1,799,1064.28,799.0,1.0,67,Active
14489.0,4,1011,1574.93,252.75,0.2962962962962963,206,Churned
14490.0,2,933,1273.47,466.5,2.0,405,Churned
14491.0,2,139,340.93,69.5,0.30456852791878175,174,Churned
14492.0,7,751,1921.91,107.28571428571429,1.1170212765957448,429,Churned
14493.0,10,3148,5087.86,314.8,0.47318611987381703,6,Active
14494.0,3,210,401.46,70.0,0.1276595744680851,25,Active
14495.0,3,68,174.8,22.666666666666668,0.14778325123152708,50,Active
14496.0,7,905,2363.89,129.28571428571428,0.6542056074766356,311,Churned
14497.0,2,332,697.0600000000001,166.0,0.16483516483516483,308,Churned
14498.0,10,2120,3900.83,212.0,0.591715976331361,42,Active
14499.0,7,1231,2101.79,175.85714285714286,0.47404063205417607,25,Active
14500.0,3,117,356.85,39.0,0.8910891089108911,87,Active
14501.0,2,161,251.21,80.5,0.4411764705882353,183,Churned
14502.0,11,1480,2429.83,134.54545454545453,1.1262798634812285,19,Active
14503.0,6,2004,3543.26,334.0,1.0285714285714287,2,Active
14504.0,4,308,673.26,77.0,0.5194805194805194,46,Active
14505.0,19,5325,11879.08,280.2631578947368,0.7994389901823282,16,Active
14506.0,7,936,2960.25,133.71428571428572,0.3608247422680413,16,Active
14507.0,11,1491,3216.7400000000002,135.54545454545453,0.46808510638297873,23,Active
14508.0,5,347,822.92,69.4,0.2895752895752896,21,Active
14509.0,1,38,110.95,38.0,1.0,533,Churned
14510.0,3,793,979.85,264.3333333333333,1.5,375,Churned
14511.0,5,784,1314.81,156.8,1.2295081967213115,10,Active
14512.0,7,736,1215.97,105.14285714285714,0.3860294117647059,187,Churned
14513.0,6,593,788.01,98.83333333333333,0.3854389721627409,100,Churned
14514.0,9,2362,4380.04,262.44444444444446,0.40601503759398494,60,Active
14515.0,12,1893,3724.06,157.75,0.6766917293233082,17,Active
14516.0,1,63,151.17,63.0,1.0,515,Churned
14517.0,2,91,330.45,45.5,0.5555555555555556,32,Active
14518.0,1,278,174.37,278.0,1.0,63,Active
14519.0,2,81,203.14,40.5,1.3333333333333333,683,Churned
14520.0,2,146,270.6,73.0,0.20761245674740486,1,Active
14521.0,1,211,199.45000000000002,211.0,1.0,490,Churned
14522.0,8,956,1748.42,119.5,0.3641881638846738,23,Active
14523.0,1,251,241.09,251.0,1.0,107,Churned
14524.0,13,1169,2909.86,89.92307692307692,1.0129870129870129,31,Active
14525.0,17,5106,8026.54,300.3529411764706,0.7223796033994334,19,Active
14526.0,1,178,258.65,178.0,1.0,388,Churned
14527.0,122,6647,27246.88,54.48360655737705,4.979591836734694,2,Active
14528.0,1,278,364.21999999999997,278.0,1.0,36,Active
14529.0,3,325,578.61,108.33333333333333,1.7999999999999998,59,Active
14530.0,16,2989,6088.87,186.8125,0.7261724659606656,25,Active
14531.0,1,260,376.34,260.0,1.0,479,Churned
14532.0,11,1111,3845.78,101.0,0.7142857142857143,235,Churned
14533.0,11,6038,3466.37,548.9090909090909,0.5641025641025641,24,Active
14534.0,26,2822,6187.66,108.53846153846153,1.236133122028526,2,Active
14535.0,9,3214,5973.2300000000005,357.1111111111111,0.45531197301854975,59,Active
14536.0,1,39,170.95,39.0,1.0,259,Churned
14537.0,2,228,641.4,114.0,0.10619469026548674,57,Active
14538.0,5,284,1370.8400000000001,56.8,0.24271844660194172,64,Active
14539.0,2,428,537.48,214.0,2.0,15,Active
14540.0,11,1595,3709.64,145.0,0.45706371191135736,9,Active
14541.0,14,1123,2491.38,80.21428571428571,0.6542056074766356,58,Active
14542.0,1,19,103.25,19.0,1.0,185,Churned
14543.0,39,2639,14587.87,67.66666666666667,1.6502115655853316,28,Active
14544.0,3,2412,2938.53,804.0,0.20224719101123595,23,Active
14545.0,1,236,349.25,236.0,1.0,673,Churned
14546.0,11,2688,5184.84,244.36363636363637,0.4539202200825309,4,Active
14547.0,8,2639,3974.75,329.875,4.8,3,Active
14548.0,9,986,2541.29,109.55555555555556,0.4639175257731959,150,Churned
14549.0,4,394,913.6,98.5,0.2823529411764706,310,Churned
14550.0,4,771,1345.06,192.75,0.2536997885835095,10,Active
14551.0,7,486,878.09,69.42857142857143,0.3167420814479638,17,Active
14552.0,3,258,507.93,86.0,0.20454545454545456,151,Churned
14553.0,9,1118,1818.6,124.22222222222223,0.5510204081632654,18,Active
14554.0,4,1443,2279.4900000000002,360.75,2.857142857142857,9,Active
14555.0,6,842,2304.03,140.33333333333334,0.2710843373493976,56,Active
14556.0,3,323,815.69,107.66666666666667,0.9782608695652173,595,Churned
14557.0,1,510,788.38,510.0,1.0,84,Active
14558.0,3,162,655.5,54.0,1.1688311688311688,653,Churned
14559.0,1,72,75.6,72.0,1.0,389,Churned
14560.0,44,4580,6114.03,104.0909090909091,1.808219178082192,6,Active
14561.0,3,1014,1080.76,338.0,0.8333333333333333,75,Active
14562.0,26,2574,6638.150000000001,99.0,1.1711711711711712,3,Active
14563.0,2,279,640.54,139.5,0.7317073170731707,509,Churned
14564.0,2,1295,2605.62,647.5,0.2,434,Churned
14565.0,5,1940,3859.2200000000003,388.0,0.3978779840848806,95,Churned
14566.0,4,2400,4092.0,600.0,0.28368794326241137,110,Churned
14567.0,2,412,1530.3600000000001,206.0,0.8219178082191781,56,Active
14568.0,1,645,919.7,645.0,1.0,434,Churned
14569.0,4,257,597.33,64.25,0.19933554817275748,0,Active
14570.0,3,431,613.75,143.66666666666666,0.5555555555555555,280,Churned
14571.0,1,56,160.0,56.0,1.0,424,Churned
14572.0,11,2878,5526.88,261.6363636363636,0.5339805825242718,2,Active
14573.0,13,683,2163.12,52.53846153846154,0.75,179,Churned
14574.0,1,63,143.70000000000002,63.0,1.0,732,Churned
14575.0,1,163,420.22,163.0,1.0,487,Churned
14576.0,1,12,35.400000000000006,12.0,1.0,371,Churned
14577.0,7,569,1364.15,81.28571428571429,0.29329608938547486,12,Active
14578.0,1,240,168.63,240.0,1.0,2,Active
14579.0,1,56,105.56,56.0,1.0,431,Churned
14580.0,1,3,14.85,3.0,1.0,517,Churned
14581.0,2,304,409.65,152.0,0.11385199240986718,16,Active
14582.0,1,73,114.11,73.0,1.0,40,Active
14583.0,8,1071,1660.29,133.875,0.3902439024390244,5,Active
14584.0,8,960,1738.16,120.0,0.48879837067209775,168,Churned
14585.0,5,630,1143.27,126.0,0.4098360655737705,49,Active
14586.0,1,444,237.35999999999999,444.0,1.0,276,Churned
14587.0,9,749,1580.29,83.22222222222223,0.8653846153846153,18,Active
14588.0,1,62,135.39,62.0,1.0,577,Churned
14589.0,1,5,39.75,5.0,1.0,371,Churned
14590.0,20,901,2993.37,45.05,1.954397394136808,424,Churned
14591.0,4,1228,1320.21,307.0,0.6091370558375635,14,Active
14592.0,3,407,557.94,135.66666666666666,3.0,34,Active
14593.0,12,1848,3665.53,154.0,0.5084745762711864,21,Active
14594.0,2,183,363.33,91.5,0.16438356164383564,6,Active
14595.0,8,1228,2164.45,153.5,0.3592814371257485,19,Active
14596.0,1,75,222.22,75.0,1.0,626,Churned
14597.0,6,1436,2184.63,239.33333333333334,0.4235294117647059,10,Active
14598.0,2,354,384.04,177.0,0.11428571428571428,43,Active
14599.0,2,292,457.89,146.0,0.5084745762711864,389,Churned
14600.0,2,487,865.17,243.5,0.6896551724137931,305,Churned
14601.0,1,168,213.96,168.0,1.0,10,Active
14602.0,1,80,205.36,80.0,1.0,655,Churned
14603.0,1,400,660.0,400.0,1.0,274,Churned
14604.0,1,88,143.85999999999999,88.0,1.0,632,Churned
14605.0,4,416,921.5600000000001,104.0,0.3361344537815126,373,Churned
14606.0,192,15217,29951.37,79.25520833333333,7.836734693877551,0,Active
14607.0,22,15335,23763.13,697.0454545454545,0.9322033898305084,15,Active
14608.0,11,927,3352.94,84.27272727272727,0.45267489711934156,3,Active
14609.0,10,12720,1486.2,1272.0,0.5033557046979865,71,Active
14610.0,2,15,24.35,7.5,0.5084745762711864,395,Churned
14611.0,2,582,604.3299999999999,291.0,0.3896103896103896,443,Churned
14612.0,1,134,877.7,134.0,1.0,414,Churned
14613.0,1,72,76.32000000000001,72.0,1.0,679,Churned
14614.0,1,189,295.13,189.0,1.0,385,Churned
14615.0,5,495,951.76,99.0,0.9803921568627452,393,Churned
14616.0,5,170,527.78,34.0,0.4901960784313726,242,Churned
14617.0,2,81,190.47,40.5,2.0,402,Churned
14618.0,7,704,1342.32,100.57142857142857,0.3910614525139665,8,Active
14619.0,2,594,1291.24,297.0,0.20338983050847456,245,Churned
14620.0,2,214,412.78000000000003,107.0,0.7692307692307692,205,Churned
14621.0,9,1706,3000.57,189.55555555555554,0.39589442815249265,0,Active
14622.0,1,146,320.58000000000004,146.0,1.0,184,Churned
14623.0,10,1025,2016.98,102.5,0.5272407732864676,31,Active
14624.0,6,645,814.0699999999999,107.5,0.3290676416819013,56,Active
14625.0,11,2155,4497.88,195.9090909090909,0.6261859582542695,195,Churned
14626.0,11,3135,5410.92,285.0,0.46808510638297873,23,Active
14627.0,1,284,462.75,284.0,1.0,378,Churned
14628.0,5,1147,1998.0,229.4,0.25337837837837834,90,Active
14629.0,2,378,955.26,189.0,1.3953488372093024,3,Active
14630.0,1,111,338.65,111.0,1.0,483,Churned
14631.0,6,1407,2025.69,234.5,0.41284403669724773,50,Active
14632.0,1,96,114.56,96.0,1.0,262,Churned
14633.0,1,96,344.90000000000003,96.0,1.0,265,Churned
14634.0,4,1906,2124.46,476.5,1.1538461538461537,437,Churned
14635.0,1,118,215.22,118.0,1.0,453,Churned
14636.0,2,241,609.85,120.5,0.25862068965517243,35,Active
14637.0,1,100,106.67999999999999,100.0,1.0,676,Churned
14638.0,1,166,443.6,166.0,1.0,50,Active
14639.0,9,2410,4978.96,267.77777777777777,0.44334975369458124,51,Active
14640.0,10,1645,3649.36,164.5,0.45385779122541603,23,Active
14641.0,1,90,110.46,90.0,1.0,21,Active
14642.0,1,76,96.12,76.0,1.0,58,Active
14643.0,5,1377,1679.89,275.4,0.26881720430107525,169,Churned
14644.0,7,770,2247.72,110.0,0.31437125748503,67,Active
14645.0,3,587,876.89,195.66666666666666,0.18867924528301885,156,Churned
14646.0,151,367193,528602.52,2431.7417218543046,6.163265306122449,1,Active
14647.0,2,175,506.04,87.5,0.1863354037267081,200,Churned
14648.0,15,3265,4466.65,217.66666666666666,1.4423076923076923,415,Churned
14649.0,9,2415,3651.19,268.3333333333333,0.3953147877013177,4,Active
14650.0,1,22,62.5,22.0,1.0,588,Churned
14651.0,9,880,2025.52,97.77777777777777,0.4787234042553191,66,Active
14652.0,1,53,114.18,53.0,1.0,76,Active
14653.0,12,1969,3593.06,164.08333333333334,0.48913043478260865,0,Active
14654.0,1,273,246.86,273.0,1.0,737,Churned
14655.0,7,2341,3878.51,334.42857142857144,0.3571428571428571,7,Active
14656.0,5,309,790.0,61.8,0.3456221198156682,168,Churned
14657.0,6,879,1450.19,146.5,0.4316546762589928,17,Active
14658.0,2,47,247.15,23.5,0.5405405405405405,4,Active
14659.0,9,1195,2529.93,132.77777777777777,0.8823529411764707,8,Active
14660.0,2,228,285.74,114.0,2.0,86,Active
14661.0,1,35,107.95,35.0,1.0,26,Active
14662.0,7,907,1376.43,129.57142857142858,0.297029702970297,28,Active
14663.0,2,397,490.6,198.5,2.0,429,Churned
14664.0,2,465,636.24,232.5,2.0,19,Active
14665.0,7,1144,2749.65,163.42857142857142,0.3954802259887006,60,Active
14666.0,1,161,195.25,161.0,1.0,23,Active
14667.0,54,11939,20395.34,221.09259259259258,2.231404958677686,10,Active
14668.0,1,49,111.63,49.0,1.0,444,Churned
14669.0,7,2043,3216.78,291.85714285714283,0.42424242424242425,241,Churned
14670.0,3,423,583.33,141.0,0.19911504424778761,279,Churned
14671.0,2,571,1127.45,285.5,2.0,548,Churned
14672.0,4,646,1113.14,161.5,0.2696629213483146,234,Churned
14673.0,7,1822,3037.32,260.2857142857143,0.5172413793103449,2,Active
14674.0,1,103,173.66,103.0,1.0,508,Churned
14675.0,2,660,1015.58,330.0,0.16129032258064516,15,Active
14676.0,12,8792,8356.79,732.6666666666666,0.5921052631578948,30,Active
14677.0,1,139,184.91,139.0,1.0,592,Churned
14678.0,1,179,403.39,179.0,1.0,578,Churned
14679.0,3,794,1289.44,264.6666666666667,0.25787965616045844,381,Churned
14680.0,58,26894,55688.5,463.6896551724138,2.4507042253521125,24,Active
14681.0,6,172,875.1500000000001,28.666666666666668,0.30927835051546393,70,Active
14682.0,6,949,1514.81,158.16666666666666,0.37190082644628103,187,Churned
14683.0,1,386,146.56,386.0,1.0,587,Churned
14684.0,6,1005,1430.03,167.5,0.4945054945054945,25,Active
14685.0,8,1969,4536.64,246.125,1.6,575,Churned
14686.0,5,457,852.53,91.4,0.6122448979591837,413,Churned
14687.0,3,850,1402.06,283.3333333333333,0.20224719101123595,106,Churned
14688.0,28,5041,7190.42,180.03571428571428,1.875,7,Active
14689.0,1,76,112.80000000000001,76.0,1.0,208,Churned
14690.0,4,341,777.6800000000001,85.25,0.3278688524590164,43,Active
14691.0,5,707,2114.33,141.4,0.8241758241758242,30,Active
14692.0,12,890,1715.1399999999999,74.16666666666667,0.75,136,Churned
14693.0,7,388,1165.3600000000001,55.42857142857143,0.8045977011494253,264,Churned
14694.0,1,193,244.31,193.0,1.0,616,Churned
14695.0,3,661,1534.22,220.33333333333334,0.4225352112676057,518,Churned
14696.0,8,1867,2473.28,233.375,0.5755395683453237,3,Active
14697.0,2,181,188.61,90.5,2.0,217,Churned
14698.0,5,602,1217.27,120.4,3.061224489795918,1,Active
14699.0,4,484,702.6,121.0,0.3858520900321543,213,Churned
14700.0,5,1606,3076.06,321.2,0.33112582781456956,31,Active
14701.0,15,1744,4487.11,116.26666666666667,0.6676557863501484,10,Active
14702.0,29,2878,6368.78,99.24137931034483,1.1966987620357634,0,Active
14703.0,1,183,318.17,183.0,1.0,14,Active
14704.0,11,1164,1752.92,105.81818181818181,0.5392156862745099,10,Active
14705.0,1,100,179.0,100.0,1.0,198,Churned
14706.0,1,246,367.54,246.0,1.0,618,Churned
14707.0,2,96,139.2,48.0,0.425531914893617,435,Churned
14708.0,5,1159,1793.22,231.8,0.33185840707964603,2,Active
14709.0,25,4141,8886.33,165.64,1.0431154381084842,14,Active
14710.0,13,1135,1899.79,87.3076923076923,0.5409153952843273,13,Active
14711.0,11,966,2839.62,87.81818181818181,1.3095238095238095,9,Active
14712.0,4,411,1328.0700000000002,102.75,0.30927835051546393,28,Active
14713.0,21,3329,5115.76,158.52380952380952,0.8677685950413223,8,Active
14714.0,4,642,906.24,160.5,0.18099547511312217,23,Active
14715.0,8,1030,1825.45,128.75,0.3614457831325301,24,Active
14716.0,3,643,543.28,214.33333333333334,0.22443890274314213,42,Active
14717.0,1,32,81.3,32.0,1.0,732,Churned
14718.0,1,202,226.42,202.0,1.0,409,Churned
14719.0,5,1025,1581.84,205.0,0.6072874493927126,1,Active
14720.0,3,219,663.81,73.0,0.75,5,Active
14721.0,1,57,109.07,57.0,1.0,378,Churned
14722.0,3,214,489.52,71.33333333333333,0.2654867256637168,146,Churned
14723.0,11,1168,1803.06,106.18181818181819,0.4551724137931034,9,Active
14724.0,1,184,341.9,184.0,1.0,589,Churned
14725.0,4,1335,1252.74,333.75,0.23529411764705882,24,Active
14726.0,1,82,116.5,82.0,1.0,654,Churned
14727.0,3,458,463.72999999999996,152.66666666666666,0.33088235294117646,273,Churned
14728.0,1,68,190.58,68.0,1.0,412,Churned
14729.0,3,372,586.24,124.0,0.3585657370517928,373,Churned
14730.0,8,1078,1897.57,134.75,0.8727272727272728,0,Active
14731.0,3,256,380.02,85.33333333333333,0.5454545454545454,46,Active
14732.0,19,2273,5517.07,119.63157894736842,0.7894736842105263,7,Active
14733.0,15,5799,14335.15,386.6,1.1688311688311688,15,Active
14734.0,4,378,1056.42,94.5,0.96,425,Churned
14735.0,56,4513,12240.16,80.58928571428571,2.295081967213115,3,Active
14736.0,2,148,374.05,74.0,2.0,484,Churned
14737.0,4,1071,3554.17,267.75,0.30303030303030304,3,Active
14738.0,9,757,1821.9,84.11111111111111,0.3918722786647315,42,Active
14739.0,25,9696,11573.62,387.84,1.0231923601637107,3,Active
14740.0,11,2081,4161.06,189.1818181818182,0.7252747252747253,196,Churned
14741.0,7,1006,1713.09,143.71428571428572,0.5185185185185185,11,Active
14742.0,1,374,579.85,374.0,1.0,434,Churned
14743.0,1,40,50.48,40.0,1.0,592,Churned
14744.0,14,2399,3660.08,171.35714285714286,0.7594936708860759,15,Active
14745.0,12,1969,2551.41,164.08333333333334,0.6870229007633588,112,Churned
14746.0,4,398,593.5,99.5,4.0,405,Churned
14747.0,1,84,328.2,84.0,1.0,248,Churned
14748.0,10,2422,2681.9,242.2,0.48701298701298695,28,Active
14749.0,1,403,310.15,403.0,1.0,479,Churned
14750.0,1,65,112.03,65.0,1.0,735,Churned
14751.0,2,65,126.45,32.5,1.4634146341463414,683,Churned
14752.0,1,260,389.64,260.0,1.0,43,Active
14753.0,2,412,869.51,206.0,0.16085790884718498,86,Active
14754.0,6,1010,1547.93,168.33333333333334,0.2786377708978328,44,Active
14755.0,25,4401,9972.550000000001,176.04,1.0330578512396695,9,Active
14756.0,3,1423,2653.76,474.3333333333333,0.22004889975550124,14,Active
14757.0,1,160,420.5,160.0,1.0,74,Active
14758.0,7,840,2864.97,120.0,0.45161290322580644,144,Churned
14759.0,3,569,1625.97,189.66666666666666,0.39473684210526316,4,Active
14760.0,1,40,89.2,40.0,1.0,296,Churned
14761.0,3,206,447.92,68.66666666666667,0.23376623376623376,58,Active
14762.0,2,428,417.57,214.0,0.16574585635359115,263,Churned
14764.0,1,190,278.3,190.0,1.0,46,Active
14765.0,3,135,254.11,45.0,0.6122448979591836,28,Active
14766.0,11,3999,6375.73,363.54545454545456,0.6077348066298343,7,Active
14767.0,1,117,382.81,117.0,1.0,473,Churned
14768.0,2,52,192.60000000000002,26.0,0.5504587155963303,16,Active
14769.0,17,11058,15514.11,650.4705882352941,0.7073509015256587,2,Active
14770.0,8,1598,3637.64,199.75,0.5727923627684964,231,Churned
14771.0,2,622,594.62,311.0,0.5217391304347826,620,Churned
14772.0,1,82,139.26,82.0,1.0,111,Churned
14773.0,1,53,140.55,53.0,1.0,592,Churned
14774.0,1,99,241.45,99.0,1.0,528,Churned
14775.0,3,1174,1011.9,391.3333333333333,0.28753993610223644,57,Active
14776.0,15,4658,3708.2999999999997,310.53333333333336,1.139240506329114,50,Active
14777.0,1,212,307.56,212.0,1.0,403,Churned
14778.0,2,306,730.86,153.0,0.3314917127071823,126,Churned
14779.0,3,84,386.15,28.0,2.0930232558139537,280,Churned
14780.0,2,310,447.68,155.0,2.0,54,Active
14782.0,1,114,200.10000000000002,114.0,1.0,319,Churned
14783.0,1,262,307.3,262.0,1.0,658,Churned
14784.0,3,363,449.93,121.0,0.24793388429752067,25,Active
14785.0,2,84,77.4,42.0,2.0,9,Active
14786.0,1,112,90.96,112.0,1.0,549,Churned
14787.0,1,59,110.65,59.0,1.0,470,Churned
14788.0,3,719,1156.32,239.66666666666666,0.1530612244897959,6,Active
14789.0,1,116,197.64,116.0,1.0,28,Active
14790.0,10,2642,2526.62,264.2,0.4219409282700422,16,Active
14791.0,1,127,303.63,127.0,1.0,606,Churned
14792.0,1,2,6.2,2.0,1.0,63,Active
14793.0,2,361,625.9,180.5,0.11695906432748537,20,Active
14794.0,10,783,1953.9,78.3,0.6198347107438017,2,Active
14795.0,1,17,131.45000000000002,17.0,1.0,165,Churned
14796.0,27,7188,10169.33,266.22222222222223,1.1187845303867403,0,Active
14797.0,1,99,300.31,99.0,1.0,506,Churned
14798.0,8,601,724.31,75.125,0.40268456375838924,52,Active
14799.0,2,495,338.15,247.5,0.08746355685131195,50,Active
14800.0,17,6501,7191.33,382.4117647058824,1.317829457364341,47,Active
14801.0,1,173,189.34,173.0,1.0,60,Active
14802.0,2,2,1502.98,1.0,2.0,437,Churned
14803.0,3,370,845.5500000000001,123.33333333333333,0.6923076923076924,161,Churned
14804.0,1,121,353.27,121.0,1.0,8,Active
14805.0,7,416,1082.55,59.42857142857143,0.34653465346534656,14,Active
14806.0,2,423,303.43,211.5,0.1652892561983471,74,Active
14807.0,2,234,504.14,117.0,0.23166023166023167,390,Churned
14808.0,8,2120,2718.6,265.0,1.8181818181818181,39,Active
14809.0,2,232,686.76,116.0,2.0,620,Churned
14810.0,13,1162,2354.03,89.38461538461539,1.0051546391752577,40,Active
14811.0,1,74,170.5,74.0,1.0,386,Churned
14812.0,1,135,178.85,135.0,1.0,598,Churned
14813.0,4,392,888.91,98.0,0.4979253112033195,369,Churned
14814.0,1,93,154.21,93.0,1.0,580,Churned
14815.0,2,744,778.5,372.0,1.9354838709677418,36,Active
14816.0,1,5,271.85,5.0,1.0,196,Churned
14817.0,7,2462,3959.86,351.7142857142857,0.49180327868852464,199,Churned
14818.0,6,543,1153.56,90.5,0.31413612565445026,73,Active
14819.0,4,170,456.41,42.5,0.18376722817764166,63,Active
14820.0,9,724,1274.76,80.44444444444444,0.4115853658536585,20,Active
14821.0,7,459,1230.15,65.57142857142857,0.6796116504854368,366,Churned
14822.0,1,94,157.7,94.0,1.0,484,Churned
14823.0,3,88,321.43,29.333333333333332,3.0,179,Churned
14824.0,10,1954,4022.91,195.4,0.47846889952153115,9,Active
14825.0,24,2774,4735.08,115.58333333333333,1.1842105263157896,3,Active
14826.0,2,152,385.2,76.0,0.5309734513274337,581,Churned
14828.0,13,9718,9839.460000000001,747.5384615384615,0.7289719626168225,196,Churned
14829.0,7,957,1455.8700000000001,136.71428571428572,0.515970515970516,28,Active
14830.0,1,164,188.88,164.0,1.0,52,Active
14831.0,3,885,1676.57,295.0,1.5789473684210527,679,Churned
14832.0,1,1,322.69,1.0,1.0,629,Churned
14833.0,1,58,94.8,58.0,1.0,498,Churned
14834.0,7,872,2206.16,124.57142857142857,0.5398457583547558,17,Active
14835.0,2,180,297.0,90.0,0.6818181818181819,528,Churned
14836.0,3,45,102.44999999999999,15.0,3.0,9,Active
14837.0,9,3030,3460.32,336.6666666666667,0.45378151260504207,89,Active
14838.0,2,361,769.9200000000001,180.5,0.19169329073482427,422,Churned
14839.0,3,927,915.28,309.0,0.3157894736842105,417,Churned
14840.0,2,179,362.71,89.5,0.22140221402214022,267,Churned
14841.0,14,4164,7163.0,297.42857142857144,0.6149341142020498,52,Active
14842.0,4,1166,2824.69,291.5,0.45454545454545453,43,Active
14843.0,1,132,211.79999999999998,132.0,1.0,436,Churned
14844.0,10,4369,6702.43,436.9,0.5535055350553506,63,Active
14845.0,1,600,150.0,600.0,1.0,599,Churned
14846.0,1,193,437.4,193.0,1.0,426,Churned
14847.0,3,533,1348.95,177.66666666666666,0.21686746987951808,148,Churned
14848.0,1,260,310.56,260.0,1.0,404,Churned
14849.0,43,11838,15407.61,275.30232558139534,1.908284023668639,21,Active
14850.0,7,1393,1770.96,199.0,0.8203125,311,Churned
14851.0,3,631,829.41,210.33333333333334,0.14827018121911037,22,Active
14852.0,18,4366,6132.43,242.55555555555554,0.9230769230769231,57,Active
14853.0,5,345,1376.87,69.0,0.25817555938037867,23,Active
14854.0,11,2987,4303.06,271.54545454545456,0.5427631578947368,77,Active
14855.0,7,3510,6520.3,501.42857142857144,0.4276985743380855,118,Churned
14856.0,3,711,1290.53,237.0,3.0,35,Active
14857.0,7,2081,3651.851,297.2857142857143,0.36585365853658536,59,Active
14858.0,1,105,180.75,105.0,1.0,505,Churned
14859.0,5,888,1705.64,177.6,0.2767527675276753,12,Active
14860.0,1,232,170.32,232.0,1.0,18,Active
14861.0,10,1076,1380.73,107.6,0.4418262150220913,51,Active
14862.0,2,772,841.2,386.0,0.49180327868852464,25,Active
14863.0,1,132,266.76,132.0,1.0,28,Active
14865.0,4,204,92.52,51.0,0.16415868673050615,6,Active
14866.0,19,9089,20746.54,478.36842105263156,1.2418300653594772,10,Active
14867.0,16,996,2952.06,62.25,0.8759124087591241,185,Churned
14868.0,12,2230,4184.01,185.83333333333334,0.8653846153846153,2,Active
14869.0,6,2130,2778.14,355.0,0.2517482517482518,8,Active
14870.0,6,483,1838.95,80.5,0.4265402843601896,261,Churned
14871.0,9,446,1228.17,49.55555555555556,0.3673469387755102,2,Active
14872.0,3,662,816.6,220.66666666666666,0.6040268456375839,483,Churned
14873.0,2,311,854.13,155.5,0.14184397163120568,209,Churned
14874.0,1,148,116.18,148.0,1.0,534,Churned
14875.0,3,1332,2862.4,444.0,0.2694610778443114,107,Churned
14876.0,2,162,256.7,81.0,1.5,520,Churned
14877.0,2,168,425.85,84.0,0.26785714285714285,417,Churned
14878.0,25,2416,4076.5,96.64,1.1645962732919255,12,Active
14879.0,1,104,185.06,104.0,1.0,684,Churned
14880.0,3,365,690.59,121.66666666666667,0.4265402843601896,76,Active
14881.0,1,316,255.4,316.0,1.0,19,Active
14882.0,14,1614,3546.65,115.28571428571429,0.7094594594594594,26,Active
14883.0,6,790,761.59,131.66666666666666,0.9326424870466321,18,Active
14884.0,1,72,120.6,72.0,1.0,668,Churned
14885.0,3,1308,1598.12,436.0,0.2694610778443114,131,Churned
14886.0,1,160,364.8,160.0,1.0,252,Churned
14887.0,1,1100,1862.0,1100.0,1.0,78,Active
14888.0,1,184,369.2,184.0,1.0,206,Churned
14889.0,1,90,135.9,90.0,1.0,335,Churned
14890.0,3,636,817.25,212.0,0.22167487684729065,253,Churned
14891.0,4,788,1106.73,197.0,0.4166666666666667,147,Churned
14892.0,1,79,202.35000000000002,79.0,1.0,690,Churned
14893.0,3,1047,1809.6100000000001,349.0,0.1480263157894737,9,Active
14894.0,3,603,1492.81,201.0,0.1380368098159509,84,Active
14895.0,38,10714,25119.54,281.94736842105266,1.581137309292649,7,Active
14896.0,8,931,1826.0,116.375,0.45454545454545453,204,Churned
14897.0,8,1162,3140.54,145.25,0.33519553072625696,7,Active
14898.0,14,2207,3365.95,157.64285714285714,0.5898876404494382,22,Active
14899.0,1,570,1331.38,570.0,1.0,394,Churned
14900.0,1,48,13.919999999999998,48.0,1.0,521,Churned
14901.0,12,880,1919.0,73.33333333333333,0.7392197125256673,10,Active
14902.0,3,716,1035.6200000000001,238.66666666666666,0.17077798861480076,25,Active
14903.0,5,1531,2795.33,306.2,0.5836575875486382,20,Active
14904.0,4,2522,1630.49,630.5,0.2823529411764706,1,Active
14905.0,8,1009,1971.39,126.125,0.4152249134948097,157,Churned
14906.0,1,1,68.44,1.0,1.0,444,Churned
14907.0,16,2583,5547.72,161.4375,0.8013355592654424,2,Active
14908.0,2,182,381.9,91.0,0.15463917525773196,73,Active
14909.0,3,888,1404.68,296.0,0.39823008849557523,436,Churned
14910.0,4,238,434.35,59.5,2.3529411764705883,2,Active
14911.0,398,147972,291420.81,371.7889447236181,16.200814111261874,0,Active
14912.0,6,1819,1889.25,303.1666666666667,0.2706766917293233,16,Active
14913.0,8,3955,4073.13,494.375,0.5345211581291759,35,Active
14915.0,11,707,1811.25,64.27272727272727,0.5116279069767442,90,Active
14916.0,8,2415,3042.95,301.875,0.43956043956043955,70,Active
14917.0,2,891,1123.75,445.5,2.0,596,Churned
14918.0,9,2551,5955.81,283.44444444444446,0.5454545454545454,115,Churned
14919.0,1,129,359.35,129.0,1.0,538,Churned
14920.0,3,886,1607.17,295.3333333333333,0.2556818181818182,212,Churned
14921.0,2,953,1316.07,476.5,0.3508771929824561,29,Active
14922.0,2,376,843.74,188.0,0.5263157894736842,393,Churned
14923.0,1,418,749.1,418.0,1.0,50,Active
14924.0,3,312,931.01,104.0,0.22900763358778625,245,Churned
14926.0,2,204,359.4,102.0,0.2777777777777778,381,Churned
14927.0,1,196,308.2,196.0,1.0,396,Churned
14928.0,1,268,223.91000000000003,268.0,1.0,627,Churned
14929.0,2,487,836.69,243.5,0.15424164524421594,31,Active
14930.0,6,2193,5236.73,365.5,0.36217303822937624,108,Churned
14931.0,5,417,1257.68,83.4,0.6355932203389831,4,Active
14932.0,2,257,666.13,128.5,2.0,365,Churned
14933.0,4,600,1770.0,150.0,4.0,443,Churned
14934.0,5,2100,3503.5,420.0,0.4178272980501393,81,Active
14935.0,2,1931,2849.83,965.5,0.1863354037267081,296,Churned
14936.0,12,6274,12410.81,522.8333333333334,0.6557377049180327,33,Active
14937.0,3,484,1621.88,161.33333333333334,1.2328767123287672,56,Active
14938.0,2,1369,2322.43,684.5,2.0,561,Churned
14940.0,2,384,531.49,192.0,0.19047619047619047,417,Churned
14941.0,1,80,182.1,80.0,1.0,578,Churned
14942.0,4,354,746.56,88.5,0.36585365853658536,401,Churned
14943.0,1,46,107.62,46.0,1.0,662,Churned
14944.0,19,4864,9784.67,256.0,0.9033280507131537,29,Active
14945.0,1,156,179.4,156.0,1.0,413,Churned
14946.0,1,22,100.9,22.0,1.0,13,Active
14947.0,6,416,1049.79,69.33333333333333,0.32608695652173914,71,Active
14948.0,6,673,1101.97,112.16666666666667,0.9183673469387755,22,Active
14949.0,4,250,515.0,62.5,0.47619047619047616,468,Churned
14950.0,1,136,371.2,136.0,1.0,18,Active
14951.0,1,311,311.69,311.0,1.0,78,Active
14952.0,32,6977,17629.35,218.03125,1.4201183431952662,59,Active
14953.0,4,1014,971.32,253.5,0.29268292682926833,24,Active
14954.0,2,209,462.12,104.5,0.08695652173913043,11,Active
14955.0,1,74,163.77,74.0,1.0,732,Churned
14956.0,1,2500,1325.0,2500.0,1.0,420,Churned
14957.0,2,97,261.69,48.5,0.1534526854219949,252,Churned
14958.0,6,248,941.99,41.333333333333336,0.3061224489795918,146,Churned
14959.0,4,494,695.42,123.5,0.5172413793103449,63,Active
14960.0,2,221,221.27,110.5,0.37037037037037035,7,Active
14961.0,22,8372,16410.15,380.54545454545456,0.9116022099447514,10,Active
14962.0,4,123,366.91,30.75,0.38338658146964855,270,Churned
14963.0,12,2287,3123.57,190.58333333333334,0.6990291262135921,9,Active
14964.0,1,143,206.21,143.0,1.0,246,Churned
14965.0,2,363,596.09,181.5,2.0,95,Churned
14966.0,6,1060,1064.26,176.66666666666666,0.2538787023977433,14,Active
14967.0,6,652,1982.6100000000001,108.66666666666667,0.26239067055393583,49,Active
14968.0,2,257,501.24,128.5,0.14018691588785046,29,Active
14969.0,1,665,906.2299999999999,665.0,1.0,703,Churned
14970.0,12,982,4919.35,81.83333333333333,0.6050420168067228,67,Active
14971.0,3,639,1097.98,213.0,3.0,34,Active
14972.0,2,40,145.07,20.0,0.23809523809523808,127,Churned
14973.0,3,369,1314.45,123.0,0.7627118644067797,106,Churned
14974.0,1,37,89.94,37.0,1.0,36,Active
14975.0,2,507,472.39,253.5,0.1652892561983471,56,Active
14976.0,7,234,790.86,33.42857142857143,0.7806691449814126,56,Active
14977.0,1,17,31.929999999999996,17.0,1.0,725,Churned
14978.0,10,736,3112.19,73.6,0.5791505791505792,71,Active
14979.0,1,209,429.66,209.0,1.0,734,Churned
14980.0,1,79,150.68,79.0,1.0,736,Churned
14981.0,2,241,372.92,120.5,0.3389830508474576,245,Churned
14982.0,1,125,237.78,125.0,1.0,571,Churned
14983.0,1,90,183.20000000000002,90.0,1.0,688,Churned
14984.0,6,348,1260.51,58.0,0.2654867256637168,18,Active
14985.0,2,256,292.01,128.0,0.37735849056603776,197,Churned
14986.0,2,338,563.1,169.0,0.19543973941368079,375,Churned
14987.0,8,607,1550.6499999999999,75.875,0.33287101248266293,15,Active
14988.0,7,1260,2038.65,180.0,0.5384615384615384,211,Churned
14989.0,1,200,342.4,200.0,1.0,661,Churned
14990.0,2,129,304.17,64.5,0.5084745762711864,611,Churned
14991.0,1,191,314.67,191.0,1.0,429,Churned
14992.0,1,145,210.5,145.0,1.0,441,Churned
14993.0,1,21,36.13,21.0,1.0,563,Churned
14994.0,5,568,946.72,113.6,0.625,381,Churned
14995.0,2,102,231.98000000000002,51.0,0.24896265560165975,38,Active
14996.0,2,404,442.28999999999996,202.0,2.0,480,Churned
14997.0,4,1408,776.5999999999999,352.0,0.19704433497536944,45,Active
14998.0,4,352,753.18,88.0,0.27586206896551724,169,Churned
14999.0,1,88,129.48000000000002,88.0,1.0,592,Churned
15000.0,1,218,490.52,218.0,1.0,47,Active
15001.0,2,70,199.10999999999999,35.0,2.0,393,Churned
15002.0,9,2214,4138.08,246.0,0.4655172413793104,115,Churned
15003.0,6,525,1027.03,87.5,0.8612440191387559,472,Churned
15004.0,1,623,1220.77,623.0,1.0,146,Churned
15005.0,56,8666,13754.58,154.75,2.326869806094183,15,Active
15006.0,2,387,757.78,193.5,0.14925373134328357,50,Active
15007.0,1,69,156.91,69.0,1.0,158,Churned
15008.0,2,1500,360.0,750.0,0.38216560509554137,479,Churned
15009.0,3,639,1259.43,213.0,3.0,11,Active
15010.0,1,184,308.94,184.0,1.0,35,Active
15011.0,2,289,416.6,144.5,2.0,395,Churned
15012.0,3,383,646.26,127.66666666666667,0.17208413001912046,53,Active
15013.0,10,1715,1610.82,171.5,1.5873015873015874,487,Churned
15014.0,2,149,257.67,74.5,0.45112781954887216,42,Active
15015.0,13,1584,2354.97,121.84615384615384,1.748878923766816,500,Churned
15016.0,5,243,620.89,48.6,0.4054054054054054,172,Churned
15017.0,1,63,125.58,63.0,1.0,33,Active
15018.0,3,189,496.21,63.0,0.2735562310030395,38,Active
15019.0,1,150,252.81,150.0,1.0,266,Churned
15020.0,1,111,198.47,111.0,1.0,378,Churned
15021.0,12,1079,2500.59,89.91666666666667,0.7361963190184049,8,Active
15022.0,5,640,1133.44,128.0,0.22556390977443608,11,Active
15023.0,20,4758,11578.65,237.9,0.8941877794336811,2,Active
15024.0,16,1924,3559.39,120.25,1.1594202898550725,9,Active
15025.0,2,503,979.79,251.5,0.11214953271028039,32,Active
15026.0,5,655,1048.89,131.0,0.4076086956521739,79,Active
15027.0,10,2782,3195.6,278.2,0.5059021922428331,30,Active
15028.0,6,673,962.94,112.16666666666667,0.4675324675324675,7,Active
15029.0,1,234,365.1,234.0,1.0,619,Churned
15030.0,8,1225,1979.91,153.125,0.41884816753926696,71,Active
15031.0,14,1576,3102.94,112.57142857142857,0.577716643741403,3,Active
15032.0,8,6601,11010.05,825.125,0.5084745762711864,255,Churned
15033.0,10,1672,2557.18,167.2,0.9259259259259258,4,Active
15034.0,14,4748,8231.2,339.14285714285717,0.7486631016042781,15,Active
15035.0,1,245,252.73000000000002,245.0,1.0,89,Active
15036.0,3,316,429.56,105.33333333333333,0.8411214953271028,71,Active
15037.0,2,298,397.76,149.0,2.0,375,Churned
15038.0,9,381,1146.53,42.333333333333336,0.7377049180327869,58,Active
15039.0,93,17780,39141.48,191.18279569892474,3.880389429763561,9,Active
15040.0,1,1,7.49,1.0,1.0,541,Churned
15041.0,2,194,289.4,97.0,0.21897810218978103,169,Churned
15042.0,2,238,315.45,119.0,0.15151515151515152,198,Churned
15043.0,6,1019,2870.3199999999997,169.83333333333334,0.3592814371257485,30,Active
15044.0,35,5241,16024.15,149.74285714285713,1.4935988620199145,18,Active
15045.0,2,114,735.66,57.0,0.5714285714285714,151,Churned
15046.0,25,4585,7623.79,183.4,1.094890510948905,8,Active
15047.0,1,222,343.62,222.0,1.0,269,Churned
15048.0,4,192,381.0,48.0,0.39603960396039606,64,Active
15049.0,1,63,121.17000000000002,63.0,1.0,273,Churned
15050.0,5,2600,4087.19,520.0,0.32967032967032966,24,Active
15051.0,9,3052,3926.91,339.1111111111111,0.37762237762237766,22,Active
15052.0,1,79,207.73000000000002,79.0,1.0,318,Churned
15053.0,3,984,693.95,328.0,0.3249097472924188,4,Active
15054.0,2,198,302.1,99.0,2.0,11,Active
15055.0,3,225,549.12,75.0,0.36290322580645157,474,Churned
15056.0,1,69,113.65,69.0,1.0,519,Churned
15057.0,5,1394,3255.96,278.8,0.32751091703056767,274,Churned
15058.0,16,1645,3387.58,102.8125,0.7643312101910827,24,Active
15059.0,19,1599,3491.2,84.15789473684211,0.823699421965318,40,Active
15060.0,4,257,294.25,64.25,4.0,7,Active
15061.0,127,74280,126389.02,584.8818897637796,5.190735694822888,3,Active
15062.0,8,1872,2585.62,234.0,0.44526901669758817,70,Active
15063.0,1,56,370.79999999999995,56.0,1.0,212,Churned
15064.0,4,810,1254.41,202.5,0.3921568627450981,409,Churned
15065.0,5,1446,3326.86,289.2,0.40214477211796246,37,Active
15066.0,1,317,893.59,317.0,1.0,52,Active
15067.0,5,2151,3862.88,430.2,0.28409090909090906,77,Active
15068.0,4,832,1174.9,208.0,0.20869565217391303,45,Active
15069.0,1,520,1109.53,520.0,1.0,178,Churned
15070.0,3,339,737.05,113.0,0.25641025641025644,372,Churned
15071.0,4,416,1455.56,104.0,0.25210084033613445,93,Churned
15072.0,1,164,187.51999999999998,164.0,1.0,478,Churned
15073.0,8,1410,2788.02,176.25,0.35714285714285715,9,Active
15074.0,3,1039,1553.13,346.3333333333333,0.24861878453038674,104,Churned
15075.0,1,447,773.03,447.0,1.0,77,Active
15076.0,3,866,1447.74,288.6666666666667,0.25787965616045844,172,Churned
15077.0,2,528,2428.08,264.0,0.25531914893617025,494,Churned
15078.0,53,8777,17286.73,165.60377358490567,2.1840659340659343,6,Active
15079.0,11,1459,3625.4,132.63636363636363,0.6358381502890174,212,Churned
15080.0,2,287,546.25,143.5,0.8108108108108107,427,Churned
15081.0,12,749,1854.57,62.416666666666664,0.7017543859649122,21,Active
15082.0,1,43,93.35000000000001,43.0,1.0,668,Churned
15083.0,1,38,88.2,38.0,1.0,256,Churned
15084.0,2,600,965.1999999999999,300.0,0.22556390977443608,379,Churned
15085.0,1,169,347.54,169.0,1.0,729,Churned
15086.0,2,95,218.53,47.5,1.0,564,Churned
15087.0,1,470,306.94,470.0,1.0,281,Churned
15088.0,2,460,1160.07,230.0,1.3333333333333333,20,Active
15089.0,6,1359,2420.84,226.5,1.5254237288135595,9,Active
15090.0,1,208,381.32,208.0,1.0,307,Churned
15091.0,3,582,1046.6100000000001,194.0,0.14827018121911037,67,Active
15092.0,3,230,776.46,76.66666666666667,0.3643724696356276,214,Churned
15093.0,23,10778,13702.380000000001,468.60869565217394,0.967741935483871,17,Active
15094.0,2,28,83.0,14.0,0.3314917127071823,462,Churned
15095.0,10,2233,3141.64,223.3,0.5136986301369864,103,Churned
15096.0,1,120,219.39000000000001,120.0,1.0,42,Active
15097.0,3,424,908.35,141.33333333333334,0.15570934256055363,3,Active
15098.0,3,121,39916.5,40.333333333333336,3.0,181,Churned
15099.0,1,343,410.48,343.0,1.0,83,Active
15100.0,7,270,2193.8999999999996,38.57142857142857,0.5722070844686649,333,Churned
15101.0,6,676,1477.94,112.66666666666667,0.3098106712564544,8,Active
15102.0,2,339,554.67,169.5,2.0,530,Churned
15103.0,2,329,703.36,164.5,1.090909090909091,30,Active
15104.0,2,635,993.54,317.5,0.7058823529411764,196,Churned
15105.0,9,1747,3094.91,194.11111111111111,0.4440789473684211,17,Active
15106.0,5,1181,1422.52,236.2,0.597609561752988,17,Active
15107.0,9,330,824.35,36.666666666666664,1.9285714285714284,310,Churned
15108.0,4,499,1300.25,124.75,1.4117647058823528,141,Churned
15109.0,3,258,983.1,86.0,0.18404907975460122,245,Churned
15110.0,6,337,1505.85,56.166666666666664,0.39045553145336226,23,Active
15111.0,5,1058,2442.37,211.6,0.2664298401420959,28,Active
15112.0,1,72,209.4,72.0,1.0,610,Churned
15113.0,3,2344,3509.43,781.3333333333334,2.0454545454545454,9,Active
15114.0,12,3532,3400.12,294.3333333333333,0.9230769230769231,29,Active
15115.0,2,245,531.85,122.5,0.08403361344537814,17,Active
15116.0,4,648,1352.75,162.0,0.6417112299465241,17,Active
15117.0,8,3093,2485.97,386.625,0.3877221324717286,14,Active
15118.0,1,1440,244.8,1440.0,1.0,133,Churned
15119.0,1,88,266.4,88.0,1.0,245,Churned
15120.0,1,296,358.82,296.0,1.0,133,Churned
15121.0,2,199,457.71999999999997,99.5,0.25210084033613445,49,Active
15122.0,11,2033,4487.27,184.8181818181818,0.6534653465346535,113,Churned
15123.0,5,2524,4656.17,504.8,0.23961661341853036,6,Active
15124.0,4,462,450.82,115.5,0.19108280254777069,22,Active
15125.0,24,8433,17024.87,351.375,1.2141652613827993,24,Active
15126.0,2,273,449.49,136.5,0.4,536,Churned
15127.0,2,464,711.5,232.0,0.13215859030837004,65,Active
15128.0,5,1583,1783.68,316.6,0.4065040650406504,59,Active
15129.0,23,4002,6860.18,174.0,1.2343470483005368,49,Active
15130.0,1,197,330.11,197.0,1.0,169,Churned
15131.0,1,88,80.28,88.0,1.0,394,Churned
15132.0,5,679,977.9300000000001,135.8,0.6147540983606558,17,Active
15133.0,5,960,1806.9,192.0,0.3826530612244898,127,Churned
15134.0,10,1057,1596.29,105.7,0.7371007371007371,14,Active
15135.0,2,84,305.68,42.0,0.18927444794952683,238,Churned
15136.0,4,776,1286.7,194.0,1.2903225806451613,2,Active
15137.0,2,596,823.4,298.0,0.37735849056603776,520,Churned
15138.0,1,300,502.52,300.0,1.0,393,Churned
15139.0,2,208,178.96,104.0,0.625,239,Churned
15140.0,8,2010,3243.69,251.25,0.6153846153846154,51,Active
15141.0,7,1197,1388.47,171.0,1.2883435582822085,457,Churned
15142.0,6,2155,2619.92,359.1666666666667,0.39647577092511016,45,Active
15143.0,2,320,563.63,160.0,0.29126213592233013,225,Churned
15144.0,29,5251,12160.31,181.06896551724137,1.2116991643454038,7,Active
15145.0,4,756,1194.73,189.0,0.49180327868852464,3,Active
15146.0,2,1473,1327.16,736.5,0.47619047619047616,164,Churned
15147.0,1,366,623.5,366.0,1.0,239,Churned
15148.0,1,187,301.29,187.0,1.0,10,Active
15149.0,5,380,1554.6100000000001,76.0,0.2912621359223301,133,Churned
15150.0,13,6167,8977.94,474.38461538461536,0.741444866920152,16,Active
15151.0,2,795,2085.61,397.5,0.6976744186046512,422,Churned
15152.0,14,2994,5263.83,213.85714285714286,0.6078147612156295,9,Active
15153.0,1,198,329.25,198.0,1.0,30,Active
15154.0,3,333,1343.72,111.0,0.22388059701492538,74,Active
15155.0,1,192,383.96999999999997,192.0,1.0,382,Churned
15156.0,3,597,961.49,199.0,2.8125,0,Active
15157.0,5,3466,2654.11,693.2,0.20689655172413793,3,Active
15158.0,2,219,606.02,109.5,0.16853932584269662,44,Active
15159.0,34,13512,22116.73,397.4117647058824,2.3720930232558137,1,Active
15160.0,4,307,589.27,76.75,1.9047619047619047,356,Churned
15161.0,1,144,119.92,144.0,1.0,387,Churned
15162.0,1,74,312.9,74.0,1.0,730,Churned
15163.0,2,186,304.47,93.0,0.3468208092485549,17,Active
15164.0,9,912,2028.1100000000001,101.33333333333333,0.43478260869565216,68,Active
15165.0,1,160,487.75,160.0,1.0,372,Churned
15166.0,1,140,167.16,140.0,1.0,467,Churned
15167.0,5,863,1627.62,172.6,0.42613636363636365,320,Churned
15168.0,1,52,106.56,52.0,1.0,25,Active
15169.0,2,356,569.22,178.0,0.1744186046511628,381,Churned
15170.0,1,33,81.15,33.0,1.0,406,Churned
15171.0,1,290,1289.5,290.0,1.0,330,Churned
15172.0,5,1611,1624.05,322.2,0.6607929515418502,8,Active
15173.0,7,840,1494.6,120.0,0.8898305084745763,380,Churned
15174.0,2,382,481.46,191.0,0.6896551724137931,322,Churned
15175.0,1,454,224.14,454.0,1.0,71,Active
15176.0,1,448,988.04,448.0,1.0,667,Churned
15177.0,1,485,948.93,485.0,1.0,425,Churned
15178.0,1,30,40.5,30.0,1.0,259,Churned
15179.0,13,5416,7491.92,416.61538461538464,0.5431754874651811,17,Active
15180.0,3,654,816.9300000000001,218.0,0.4072398190045249,366,Churned
15181.0,5,688,1200.2,137.6,0.22590361445783133,65,Active
15182.0,11,1186,2998.952,107.81818181818181,0.6573705179282868,153,Churned
15183.0,3,297,639.93,99.0,2.5,547,Churned
15184.0,4,462,685.39,115.5,0.1729106628242075,28,Active
15185.0,1,666,310.62,666.0,1.0,69,Active
15186.0,5,716,1403.2,143.2,0.21994134897360704,13,Active
15187.0,16,1887,4777.18,117.9375,2.2857142857142856,1,Active
15188.0,1,233,310.43,233.0,1.0,724,Churned
15189.0,46,6902,17524.38,150.04347826086956,2.7218934911242605,0,Active
15190.0,1,790,834.4399999999999,790.0,1.0,433,Churned
15191.0,3,287,588.05,95.66666666666667,0.4,462,Churned
15192.0,5,1448,1666.3899999999999,289.6,0.26785714285714285,119,Churned
15193.0,1,144,499.32,144.0,1.0,60,Active
15194.0,28,8922,12021.53,318.64285714285717,1.145975443383356,2,Active
15195.0,1,1404,3861.0,1404.0,1.0,2,Active
15196.0,2,130,313.7,65.0,0.20477815699658702,432,Churned
15197.0,6,1058,1877.51,176.33333333333334,0.2510460251046025,10,Active
15198.0,5,327,571.35,65.4,0.2512562814070352,91,Churned
15199.0,10,894,3122.4,89.4,0.5813953488372093,58,Active
15200.0,1,195,549.05,195.0,1.0,494,Churned
15201.0,7,1660,1842.95,237.14285714285714,0.400763358778626,86,Active
15202.0,3,3,6001.49,1.0,3.0,419,Churned
15203.0,15,4182,4400.18,278.8,0.6382978723404256,25,Active
15204.0,1,258,316.58,258.0,1.0,356,Churned
15205.0,2,378,653.24,189.0,1.4285714285714286,84,Active
15206.0,4,162,420.3,40.5,0.45283018867924524,9,Active
15207.0,3,428,683.92,142.66666666666666,0.6923076923076924,415,Churned
15208.0,6,356,970.52,59.333333333333336,0.4265402843601896,0,Active
15209.0,1,94,178.98000000000002,94.0,1.0,729,Churned
15210.0,3,841,1176.19,280.3333333333333,0.2571428571428572,224,Churned
15211.0,2,240,894.4100000000001,120.0,0.19736842105263158,59,Active
15212.0,2,84,208.28,42.0,0.4444444444444444,240,Churned
15213.0,2,272,328.35,136.0,2.0,318,Churned
15214.0,8,1254,1661.44,156.75,0.995850622406639,1,Active
15215.0,7,776,2422.43,110.85714285714286,0.3710247349823321,46,Active
15216.0,2,217,486.09,108.5,0.11299435028248588,87,Active
15217.0,1,190,426.24,190.0,1.0,562,Churned
15218.0,22,6530,11468.83,296.8181818181818,0.9821428571428572,10,Active
15219.0,2,271,685.45,135.5,0.1271186440677966,175,Churned
15220.0,6,1393,1778.96,232.16666666666666,0.7860262008733624,51,Active
15221.0,4,244,2062.2,61.0,0.44280442804428044,365,Churned
15222.0,11,4458,3550.91,405.27272727272725,0.8168316831683168,318,Churned
15223.0,5,385,1417.95,77.0,0.29469548133595286,225,Churned
15224.0,5,443,871.36,88.6,0.44910179640718567,357,Churned
15225.0,1,226,409.40000000000003,226.0,1.0,233,Churned
15226.0,1,71,154.41,71.0,1.0,310,Churned
15227.0,9,1217,2488.4900000000002,135.22222222222223,0.45226130653266333,36,Active
15228.0,6,3375,5580.2699999999995,562.5,0.4157043879907621,65,Active
15229.0,1,114,160.5,114.0,1.0,585,Churned
15230.0,2,351,429.6,175.5,2.0,238,Churned
15231.0,1,190,250.26,190.0,1.0,620,Churned
15232.0,2,686,612.06,343.0,2.0,112,Churned
15233.0,1,12,59.400000000000006,12.0,1.0,400,Churned
15234.0,1,196,197.0,196.0,1.0,276,Churned
15235.0,16,1676,2772.76,104.75,2.8235294117647056,217,Churned
15236.0,1,269,321.05,269.0,1.0,298,Churned
15237.0,4,1071,1412.32,267.75,0.5333333333333333,1,Active
15238.0,3,692,1071.99,230.66666666666666,0.5844155844155844,28,Active
15239.0,2,594,780.59,297.0,0.8823529411764706,9,Active
15240.0,12,3214,4459.98,267.8333333333333,0.5224963715529753,44,Active
15241.0,11,3328,3050.16,302.54545454545456,0.5621805792163543,66,Active
15242.0,1,196,302.04,196.0,1.0,421,Churned
15243.0,2,543,927.28,271.5,0.16666666666666666,73,Active
15244.0,3,472,912.08,157.33333333333334,0.15,64,Active
15245.0,8,3021,4610.84,377.625,0.5206073752711496,133,Churned
15246.0,3,359,780.4,119.66666666666667,0.28391167192429023,237,Churned
15247.0,3,514,976.06,171.33333333333334,0.21739130434782608,121,Churned
15248.0,3,1065,1893.93,355.0,0.7377049180327869,410,Churned
15249.0,18,4980,9266.0,276.6666666666667,0.9137055837563453,31,Active
15250.0,1,48,60.0,48.0,1.0,640,Churned
15251.0,21,12108,20324.54,576.5714285714286,0.9402985074626866,8,Active
15252.0,5,1430,2103.41,286.0,0.2608695652173913,35,Active
15253.0,8,1588,2055.09,198.5,0.42105263157894735,15,Active
15254.0,3,711,1088.35,237.0,0.20785219399538105,126,Churned
15255.0,9,2214,3706.02,246.0,0.40298507462686567,66,Active
15256.0,2,92,170.4,46.0,0.14527845036319612,148,Churned
15257.0,2,71,685.9,35.5,0.46153846153846156,282,Churned
15258.0,2,142,623.16,71.0,1.25,168,Churned
15259.0,4,631,1182.3799999999999,157.75,0.7100591715976331,512,Churned
15260.0,25,4468,8767.73,178.72,1.1848341232227488,99,Churned
15261.0,4,806,1508.0,201.5,0.4013377926421405,134,Churned
15262.0,3,218,418.82,72.66666666666667,0.5487804878048781,323,Churned
15263.0,1,89,156.51,89.0,1.0,106,Churned
15264.0,2,443,848.4,221.5,0.12875536480686695,63,Active
15265.0,4,1570,3345.64,392.5,0.20477815699658702,150,Churned
15266.0,5,236,852.21,47.2,0.4132231404958678,337,Churned
15267.0,5,944,1717.36,188.8,0.9375,21,Active
15268.0,3,428,961.9000000000001,142.66666666666666,0.7142857142857143,478,Churned
15269.0,3,372,1225.3600000000001,124.0,0.24590163934426232,23,Active
15270.0,21,4010,8524.86,190.95238095238096,0.8923512747875354,15,Active
15271.0,24,2412,4528.54,100.5,1.4906832298136645,6,Active
15272.0,6,665,2030.95,110.83333333333333,0.2975206611570248,56,Active
15273.0,1,216,228.96,216.0,1.0,599,Churned
15274.0,2,619,716.57,309.5,2.0,3,Active
15275.0,1,498,615.14,498.0,1.0,37,Active
15276.0,4,317,619.8,79.25,0.32608695652173914,65,Active
15277.0,2,373,476.34,186.5,0.15873015873015872,46,Active
15278.0,4,458,496.15999999999997,114.5,1.1650485436893205,561,Churned
15279.0,5,802,1580.54,160.4,0.4672897196261683,354,Churned
15280.0,3,507,397.52,169.0,0.22556390977443608,171,Churned
15281.0,16,5233,8543.57,327.0625,1.3043478260869565,58,Active
15282.0,1,395,348.59,395.0,1.0,569,Churned
15283.0,3,27,148.32999999999998,9.0,0.7086614173228346,389,Churned
15284.0,1,5,24.75,5.0,1.0,499,Churned
15285.0,1,120,94.92,120.0,1.0,407,Churned
15286.0,1,55,240.55,55.0,1.0,49,Active
15287.0,5,1010,856.03,202.0,0.2097902097902098,21,Active
15288.0,10,1336,3715.38,133.6,0.4823151125401929,42,Active
15289.0,5,1627,1593.09,325.4,0.25337837837837834,28,Active
15290.0,26,6567,10496.28,252.57692307692307,1.201848998459168,4,Active
15291.0,40,4905,13517.76,122.625,1.6901408450704225,25,Active
15292.0,1,55,178.39,55.0,1.0,200,Churned
15293.0,1,178,247.5,178.0,1.0,665,Churned
15294.0,1,97,233.35,97.0,1.0,410,Churned
15295.0,1,139,207.04,139.0,1.0,653,Churned
15296.0,12,5452,10323.03,454.3333333333333,0.5660377358490566,50,Active
15297.0,3,292,641.94,97.33333333333333,1.6981132075471699,9,Active
15298.0,23,6000,9061.77,260.8695652173913,0.9465020576131687,1,Active
15299.0,10,3356,6156.53,335.6,0.47694753577106525,66,Active
15300.0,1,292,496.44,292.0,1.0,63,Active
15301.0,17,3763,6909.67,221.35294117647058,1.2781954887218046,50,Active
15302.0,1,102,308.0,102.0,1.0,729,Churned
15303.0,3,514,1224.18,171.33333333333334,0.22900763358778625,289,Churned
15304.0,9,112,796.4,12.444444444444445,0.75,60,Active
15305.0,1,40,93.6,40.0,1.0,554,Churned
15306.0,9,3074,3484.73,341.55555555555554,0.45454545454545453,63,Active
15307.0,1,37,205.3,37.0,1.0,95,Churned
15308.0,1,175,310.47,175.0,1.0,273,Churned
15309.0,4,440,797.96,110.0,0.9677419354838709,610,Churned
15310.0,1,1476,1634.64,1476.0,1.0,478,Churned
15311.0,208,70149,114966.42,337.2548076923077,8.455284552845528,0,Active
15312.0,12,1693,2930.19,141.08333333333334,0.5555555555555555,74,Active
15313.0,1,25,52.0,25.0,1.0,109,Churned
15314.0,3,750,820.4499999999999,250.0,0.39473684210526316,198,Churned
15315.0,2,862,570.5,431.0,1.1764705882352942,63,Active
15316.0,1,100,165.0,100.0,1.0,326,Churned
15317.0,1,45,129.75,45.0,1.0,676,Churned
15318.0,1,642,312.62,642.0,1.0,3,Active
15319.0,1,175,204.5,175.0,1.0,283,Churned
15320.0,1,326,267.13,326.0,1.0,43,Active
15321.0,12,3653,6709.7300000000005,304.4166666666667,0.5970149253731343,70,Active
15322.0,2,971,1390.86,485.5,0.15384615384615385,85,Active
15323.0,3,188,434.6,62.666666666666664,0.9090909090909092,562,Churned
15324.0,1,74,140.22000000000003,74.0,1.0,700,Churned
15325.0,8,1382,1601.46,172.75,0.43087971274685816,103,Churned
15326.0,5,1351,1700.52,270.2,0.3712871287128713,333,Churned
15327.0,1,116,208.75,116.0,1.0,52,Active
15328.0,1,88,107.24,88.0,1.0,407,Churned
15329.0,11,1217,2958.83,110.63636363636364,0.4810495626822157,38,Active
15330.0,2,1312,714.9599999999999,656.0,2.0,31,Active
15331.0,3,701,767.91,233.66666666666666,0.8256880733944955,499,Churned
15332.0,6,2306,4892.68,384.3333333333333,1.2244897959183672,365,Churned
15333.0,1,344,1028.56,344.0,1.0,207,Churned
15334.0,3,273,350.82,91.0,3.0,156,Churned
15335.0,1,79,170.22,79.0,1.0,53,Active
15336.0,1,84,240.5,84.0,1.0,401,Churned
15337.0,1,200,373.02,200.0,1.0,410,Churned
15338.0,1,148,277.93,148.0,1.0,676,Churned
15339.0,7,1138,1821.02,162.57142857142858,0.3488372093023256,65,Active
15340.0,1,76,105.5,76.0,1.0,561,Churned
15341.0,2,1008,2402.72,504.0,0.16304347826086957,80,Active
15342.0,1,283,406.09,283.0,1.0,129,Churned
15343.0,1,84,364.5,84.0,1.0,86,Active
15344.0,3,116,563.94,38.666666666666664,1.2328767123287672,0,Active
15345.0,1,81,393.54,81.0,1.0,45,Active
15346.0,3,260,596.12,86.66666666666667,0.9183673469387755,332,Churned
15347.0,4,542,1162.0,135.5,1.6901408450704225,365,Churned
15348.0,1,84,158.04,84.0,1.0,71,Active
15349.0,2,321,463.91,160.5,2.0,157,Churned
15350.0,2,272,547.6,136.0,2.0,372,Churned
15351.0,10,1350,3430.22,135.0,0.7142857142857143,11,Active
15352.0,1,40,111.15,40.0,1.0,548,Churned
15353.0,7,1391,2794.47,198.71428571428572,0.43478260869565216,254,Churned
15354.0,3,3,284.4,1.0,3.0,602,Churned
15355.0,2,45,277.05,22.5,2.0,28,Active
15356.0,13,1892,3239.57,145.53846153846155,1.0,30,Active
15358.0,42,14902,16425.86,354.8095238095238,1.733149931224209,4,Active
15359.0,8,145,181.35,18.125,8.0,662,Churned
15360.0,1,223,427.93,223.0,1.0,39,Active
15361.0,4,373,689.07,93.25,0.6629834254143646,361,Churned
15362.0,2,368,613.08,184.0,0.20689655172413796,448,Churned
15363.0,2,383,678.11,191.5,0.5,372,Churned
15364.0,2,493,913.19,246.5,0.379746835443038,95,Churned
15365.0,13,2131,4557.13,163.92307692307693,0.6027820710973725,25,Active
15366.0,7,2447,2389.08,349.57142857142856,0.36458333333333337,74,Active
15367.0,11,2944,5081.33,267.6363636363636,0.4918032786885246,56,Active
15368.0,2,406,722.74,203.0,0.16129032258064516,20,Active
15369.0,11,3288,6251.26,298.90909090909093,1.3807531380753137,491,Churned
15370.0,8,1397,3739.01,174.625,0.6504065040650406,40,Active
15371.0,1,12,59.400000000000006,12.0,1.0,661,Churned
15372.0,8,6410,6017.0599999999995,801.25,0.4562737642585551,136,Churned
15373.0,17,726,3084.54,42.705882352941174,0.8823529411764707,7,Active
15374.0,2,290,307.32,145.0,0.12121212121212122,128,Churned
15375.0,1,84,60.959999999999994,84.0,1.0,689,Churned
15376.0,3,615,1221.56,205.0,0.4945054945054945,39,Active
15377.0,4,253,1211.75,63.25,3.75,382,Churned
15378.0,2,130,246.5,65.0,1.5384615384615383,462,Churned
15379.0,8,3000,4877.84,375.0,1.0389610389610389,168,Churned
15380.0,11,954,3248.96,86.72727272727273,0.45267489711934156,8,Active
15381.0,5,802,1890.57,160.4,0.4065040650406504,213,Churned
15382.0,12,9178,13733.55,764.8333333333334,0.5,14,Active
15384.0,4,1767,2027.79,441.75,0.2843601895734597,169,Churned
15385.0,3,428,942.08,142.66666666666666,0.14128728414442698,39,Active
15386.0,1,446,394.14,446.0,1.0,185,Churned
15387.0,1,335,468.65,335.0,1.0,491,Churned
15388.0,1,88,140.54,88.0,1.0,269,Churned
15389.0,5,3940,2733.8,788.0,0.29469548133595286,171,Churned
15390.0,2,894,1216.66,447.0,2.0,395,Churned
15391.0,1,109,289.87,109.0,1.0,583,Churned
15392.0,7,2144,2911.62,306.2857142857143,0.49295774647887325,4,Active
15393.0,5,378,891.34,75.6,0.21216407355021216,15,Active
15394.0,11,2372,5286.8,215.63636363636363,0.4621848739495798,9,Active
15395.0,1,17,107.45,17.0,1.0,325,Churned
15396.0,2,278,796.38,139.0,0.12738853503184713,112,Churned
15397.0,1,20,94.0,20.0,1.0,289,Churned
15398.0,2,769,1345.53,384.5,0.9677419354838709,15,Active
15399.0,3,611,815.77,203.66666666666666,1.1688311688311688,0,Active
15400.0,8,662,1302.3,82.75,0.5128205128205129,91,Churned
15401.0,2,93,216.95,46.5,0.5172413793103449,451,Churned
15402.0,6,2034,1830.54,339.0,0.4063205417607223,148,Churned
15403.0,2,492,170.88,246.0,0.25210084033613445,491,Churned
15404.0,1,334,257.06,334.0,1.0,375,Churned
15405.0,2,348,659.84,174.0,0.15544041450777202,188,Churned
15406.0,4,547,975.87,136.75,0.2843601895734597,30,Active
15407.0,4,552,1046.74,138.0,0.44280442804428044,33,Active
15408.0,1,106,267.18,106.0,1.0,263,Churned
15409.0,1,59,131.25,59.0,1.0,720,Churned
15410.0,10,1902,4685.72,190.2,0.5825242718446602,83,Active
15411.0,4,529,1348.93,132.25,0.7692307692307692,25,Active
15412.0,1,108,190.53,108.0,1.0,170,Churned
15413.0,5,2694,6798.72,538.8,3.1914893617021276,691,Churned
15414.0,3,443,774.9,147.66666666666666,0.3879310344827586,9,Active
15415.0,1,551,559.61,551.0,1.0,312,Churned
15416.0,7,2420,4572.82,345.7142857142857,0.3436988543371522,64,Active
15417.0,1,284,508.8,284.0,1.0,84,Active
15418.0,2,264,449.42,132.0,0.3726708074534162,424,Churned
15419.0,1,230,135.86,230.0,1.0,24,Active
15420.0,6,844,743.0,140.66666666666666,0.6,433,Churned
15421.0,10,1927,3805.34,192.7,0.44576523031203563,58,Active
15422.0,7,710,1619.97,101.42857142857143,0.6051873198847262,322,Churned
15423.0,3,198,266.89,66.0,0.15437392795883362,37,Active
15424.0,3,873,597.78,291.0,0.43269230769230765,253,Churned
15425.0,4,1041,1941.1200000000001,260.25,0.4562737642585551,399,Churned
15426.0,9,1041,2156.35,115.66666666666667,0.4761904761904762,18,Active
15427.0,3,967,1430.54,322.3333333333333,3.0,32,Active
15428.0,4,347,762.75,86.75,0.16997167138810196,14,Active
15429.0,2,380,397.35,190.0,1.25,26,Active
15430.0,2,309,954.75,154.5,1.0,467,Churned
15431.0,1,84,153.24,84.0,1.0,502,Churned
15432.0,2,92,320.76,46.0,0.11583011583011583,22,Active
15433.0,2,534,533.3,267.0,1.1320754716981132,213,Churned
15434.0,11,1423,2567.06,129.36363636363637,0.4888888888888889,7,Active
15435.0,1,54,149.29,54.0,1.0,21,Active
15436.0,3,574,1067.75,191.33333333333334,0.4072398190045249,11,Active
15437.0,2,177,393.45,88.5,0.15873015873015872,261,Churned
15438.0,1,59,156.57999999999998,59.0,1.0,130,Churned
15439.0,4,572,1269.05,143.0,0.48387096774193544,404,Churned
15440.0,3,197,383.68,65.66666666666667,0.5844155844155844,54,Active
15441.0,3,587,1254.21,195.66666666666666,0.2694610778443114,395,Churned
15442.0,1,120,594.0,120.0,1.0,248,Churned
15443.0,14,2699,5114.2300000000005,192.78571428571428,0.65625,1,Active
15444.0,2,759,1411.21,379.5,1.9354838709677418,8,Active
15445.0,2,118,284.5,59.0,0.18404907975460122,263,Churned
15446.0,3,265,399.75,88.33333333333333,0.25787965616045844,376,Churned
15447.0,5,228,492.88,45.6,0.5102040816326531,330,Churned
15448.0,2,487,788.81,243.5,0.16620498614958448,312,Churned
15449.0,3,812,974.52,270.6666666666667,0.3829787234042553,25,Active
15450.0,1,376,429.84,376.0,1.0,29,Active
15451.0,2,76,226.86,38.0,0.36585365853658536,433,Churned
15452.0,6,1087,1785.1100000000001,181.16666666666666,0.3742203742203742,29,Active
15453.0,7,837,1371.77,119.57142857142857,1.135135135135135,1,Active
15454.0,2,146,305.99,73.0,0.234375,361,Churned
15455.0,1,3,38.25,3.0,1.0,597,Churned
15456.0,10,2727,2091.52,272.7,0.6696428571428571,282,Churned
15457.0,1,132,237.07,132.0,1.0,261,Churned
15458.0,2,300,370.44,150.0,0.1595744680851064,24,Active
15459.0,2,121,202.82999999999998,60.5,0.75,416,Churned
15460.0,1,107,214.26,107.0,1.0,353,Churned
15461.0,2,230,429.7,115.0,0.3529411764705882,460,Churned
15462.0,4,495,737.05,123.75,0.3418803418803419,93,Churned
15463.0,1,106,126.14,106.0,1.0,28,Active
15464.0,1,348,1044.65,348.0,1.0,337,Churned
15465.0,32,2638,12100.4,82.4375,1.352112676056338,19,Active
15466.0,4,941,1560.46,235.25,0.18433179723502305,84,Active
15467.0,3,310,524.88,103.33333333333333,0.6338028169014085,8,Active
15468.0,3,1400,1430.48,466.6666666666667,0.26392961876832843,50,Active
15469.0,3,287,874.25,95.66666666666667,0.23195876288659795,49,Active
15470.0,1,232,63.419999999999995,232.0,1.0,575,Churned
15471.0,3,670,1292.01,223.33333333333334,0.1642335766423358,1,Active
15472.0,1,251,371.56,251.0,1.0,112,Churned
15473.0,8,776,2046.0,97.0,0.5581395348837209,13,Active
15474.0,1,55,150.35,55.0,1.0,595,Churned
15475.0,1,319,454.11,319.0,1.0,76,Active
15476.0,4,1174,2209.98,293.5,1.9354838709677418,379,Churned
15477.0,1,216,368.4,216.0,1.0,649,Churned
15478.0,3,894,1983.48,298.0,0.16853932584269662,39,Active
15479.0,1,38,147.4,38.0,1.0,732,Churned
15480.0,5,1852,6279.0,370.4,0.26833631484794274,115,Churned
15481.0,1,1450,1993.34,1450.0,1.0,400,Churned
15482.0,19,6516,14417.36,342.94736842105266,0.7905686546463245,15,Active
15483.0,10,905,817.82,90.5,0.574712643678161,160,Churned
15484.0,6,4074,4652.1,679.0,0.24590163934426232,0,Active
15485.0,7,2153,4810.92,307.57142857142856,0.297029702970297,29,Active
15486.0,1,40,102.0,40.0,1.0,526,Churned
15487.0,1,144,231.32,144.0,1.0,679,Churned
15488.0,5,251,431.92,50.2,0.30612244897959184,92,Churned
15489.0,8,1264,2419.61,158.0,0.35820895522388063,22,Active
15490.0,1,82,210.85,82.0,1.0,429,Churned
15491.0,6,1646,3100.09,274.3333333333333,1.2857142857142856,94,Churned
15492.0,2,483,659.4599999999999,241.5,1.3043478260869565,27,Active
15493.0,9,1206,4121.68,134.0,0.4340836012861736,32,Active
15494.0,5,3052,3702.6,610.4,0.21216407355021216,20,Active
15495.0,1,194,246.5,194.0,1.0,378,Churned
15496.0,1,98,146.14,98.0,1.0,630,Churned
15497.0,9,2937,8657.39,326.3333333333333,0.3840682788051209,17,Active
15498.0,44,12134,24972.86,275.77272727272725,1.8333333333333333,2,Active
15499.0,1,59,158.65,59.0,1.0,723,Churned
15500.0,4,572,1131.56,143.0,1.6438356164383563,7,Active
15501.0,2,205,399.95,102.5,2.0,404,Churned
15502.0,14,5559,13003.869999999999,397.07142857142856,0.7792207792207793,15,Active
15503.0,2,130,257.3,65.0,0.1652892561983471,362,Churned
15504.0,4,141,402.7,35.25,0.20547945205479454,80,Active
15505.0,5,2390,3610.96,478.0,1.4705882352941178,52,Active
15506.0,6,1637,2030.33,272.8333333333333,0.39647577092511016,22,Active
15507.0,1,160,475.86,160.0,1.0,171,Churned
15508.0,6,440,1000.27,73.33333333333333,3.913043478260869,188,Churned
15509.0,1,58,152.41,58.0,1.0,379,Churned
15510.0,1,2,250.0,2.0,1.0,330,Churned
15511.0,5,269,900.53,53.8,2.0547945205479454,11,Active
15512.0,4,235,331.58,58.75,0.23076923076923078,155,Churned
15513.0,35,10477,26437.05,299.34285714285716,1.588502269288956,32,Active
15514.0,18,4087,6392.06,227.05555555555554,0.7479224376731302,11,Active
15515.0,1,131,171.81,131.0,1.0,386,Churned
15516.0,3,27,62.43,9.0,3.0,44,Active
15517.0,1,293,267.03,293.0,1.0,232,Churned
15518.0,15,2810,4189.99,187.33333333333334,0.6870229007633588,63,Active
15519.0,2,116,344.61,58.0,0.9523809523809523,382,Churned
15520.0,1,314,343.5,314.0,1.0,1,Active
15521.0,16,4507,7098.24,281.6875,0.7239819004524887,39,Active
15522.0,2,572,397.99,286.0,1.1111111111111112,32,Active
15523.0,16,15633,17259.19,977.0625,0.7350689127105666,83,Active
15524.0,2,28,591.4,14.0,0.10309278350515465,24,Active
15525.0,4,527,890.22,131.75,0.31578947368421056,1,Active
15526.0,2,24,148.44,12.0,2.0,32,Active
15527.0,23,2211,5554.89,96.1304347826087,0.9787234042553191,18,Active
15528.0,1,123,229.33,123.0,1.0,253,Churned
15529.0,12,4271,4783.66,355.9166666666667,0.9703504043126684,22,Active
15530.0,5,1328,1808.68,265.6,0.30549898167006106,21,Active
15531.0,2,1085,1972.39,542.5,2.0,7,Active
15532.0,10,1337,3738.85,133.7,0.5736137667304015,24,Active
15533.0,3,289,807.57,96.33333333333333,1.3043478260869565,18,Active
15534.0,1,63,162.25,63.0,1.0,725,Churned
15535.0,6,314,1044.37,52.333333333333336,0.6545454545454545,172,Churned
15536.0,1,242,259.09,242.0,1.0,408,Churned
15537.0,1,29,110.92,29.0,1.0,162,Churned
15538.0,6,1016,3358.4,169.33333333333334,1.44,537,Churned
15539.0,1,410,538.46,410.0,1.0,6,Active
15540.0,2,444,460.68,222.0,0.16483516483516483,10,Active
15541.0,1,49,85.13000000000001,49.0,1.0,113,Churned
15542.0,3,418,855.71,139.33333333333334,0.4,511,Churned
15543.0,2,167,242.26,83.5,0.3508771929824561,287,Churned
15544.0,20,6745,7807.89,337.25,0.8941877794336811,8,Active
15545.0,2,162,288.96999999999997,81.0,0.189873417721519,53,Active
15546.0,2,198,1079.1000000000001,99.0,2.0,606,Churned
15547.0,26,7278,10057.05,279.9230769230769,1.0758620689655172,6,Active
15548.0,1,64,158.09,64.0,1.0,595,Churned
15549.0,8,936,2334.16,117.0,0.3870967741935484,76,Active
15550.0,12,1139,2211.05,94.91666666666667,0.49180327868852464,3,Active
15551.0,7,796,1679.81,113.71428571428571,0.4093567251461988,36,Active
15552.0,2,166,252.52,83.0,0.14814814814814814,216,Churned
15553.0,1,449,428.93,449.0,1.0,59,Active
15554.0,1,74,217.2,74.0,1.0,277,Churned
15555.0,36,8511,11243.91,236.41666666666666,1.4979195561719834,11,Active
15556.0,1,236,279.77,236.0,1.0,23,Active
15557.0,1,213,468.91,213.0,1.0,28,Active
15558.0,1,73,202.68,73.0,1.0,638,Churned
15559.0,1,526,1109.4,526.0,1.0,567,Churned
15560.0,2,72,153.52,36.0,2.0,397,Churned
15561.0,8,1334,1934.3899999999999,166.75,0.3686635944700461,11,Active
15562.0,3,560,671.4300000000001,186.66666666666666,0.24064171122994651,351,Churned
15563.0,7,3005,2859.46,429.2857142857143,0.3191489361702128,21,Active
15564.0,2,42,70.74000000000001,21.0,0.2830188679245283,462,Churned
15565.0,2,60,173.16000000000003,30.0,2.0,49,Active
15566.0,2,153,227.87,76.5,0.18126888217522658,392,Churned
15567.0,1,223,186.01,223.0,1.0,18,Active
15568.0,3,461,758.29,153.66666666666666,1.2857142857142856,2,Active
15569.0,10,1734,3583.45,173.4,0.5504587155963302,103,Churned
15570.0,25,4079,8736.49,163.16,1.221498371335505,6,Active
15571.0,14,2411,3892.35,172.21428571428572,0.5825242718446602,11,Active
15572.0,10,2089,3965.2,208.9,0.5008347245409015,4,Active
15573.0,5,770,1188.42,154.0,0.2152080344332855,31,Active
15574.0,6,750,1101.44,125.0,0.6293706293706294,177,Churned
15575.0,1,6,30.1,6.0,1.0,619,Churned
15576.0,1,394,921.37,394.0,1.0,37,Active
15577.0,5,120,396.03,24.0,0.2608695652173913,150,Churned
15578.0,1,52,127.1,52.0,1.0,161,Churned
15579.0,5,713,1250.63,142.6,0.4132231404958678,68,Active
15580.0,8,955,1375.39,119.375,0.8191126279863481,376,Churned
15581.0,38,3028,7480.4,79.6842105263158,1.8506493506493504,120,Churned
15582.0,3,453,682.9100000000001,151.0,0.46153846153846156,24,Active
15583.0,1,56,95.96,56.0,1.0,375,Churned
15584.0,6,483,1268.2,80.5,0.2786377708978328,23,Active
15585.0,1,320,455.3,320.0,1.0,176,Churned
15586.0,3,1338,1139.1,446.0,0.8333333333333333,592,Churned
15587.0,7,528,1522.08,75.42857142857143,0.4761904761904762,49,Active
15588.0,1,96,579.6,96.0,1.0,677,Churned
15589.0,3,243,478.53,81.0,1.6666666666666665,255,Churned
15590.0,5,832,1496.6,166.4,0.6696428571428571,381,Churned
15591.0,3,58,217.9,19.333333333333332,0.989010989010989,582,Churned
15592.0,1,354,388.58,354.0,1.0,46,Active
15593.0,1,60,199.8,60.0,1.0,70,Active
15594.0,5,983,1771.78,196.6,0.6880733944954128,15,Active
15595.0,1,144,357.59999999999997,144.0,1.0,487,Churned
15596.0,9,1208,2727.72,134.22222222222223,0.6783919597989949,100,Churned
15597.0,2,393,563.37,196.5,0.1111111111111111,34,Active
15598.0,2,404,548.02,202.0,0.16042780748663102,52,Active
15599.0,3,1098,1250.06,366.0,0.21479713603818615,26,Active
15600.0,4,657,1199.31,164.25,0.7272727272727273,427,Churned
15601.0,30,10395,14191.74,346.5,1.2379642365887207,10,Active
15602.0,16,2292,3137.96,143.25,0.6584362139917695,7,Active
15603.0,2,128,88.48,64.0,0.1054481546572935,78,Active
15604.0,1,159,216.39,159.0,1.0,51,Active
15605.0,9,641,1741.95,71.22222222222223,0.41033434650455924,35,Active
15606.0,17,1615,5230.99,95.0,0.8703071672354948,60,Active
15607.0,9,1470,1708.97,163.33333333333334,0.7417582417582418,336,Churned
15608.0,5,1262,1785.98,252.4,0.38759689922480617,27,Active
15609.0,1,148,298.48,148.0,1.0,183,Churned
15610.0,1,66,112.46000000000001,66.0,1.0,51,Active
15611.0,26,747,2997.28,28.73076923076923,1.1589895988112926,9,Active
15612.0,2,52,195.15,26.0,2.0,35,Active
15613.0,1,700,433.71999999999997,700.0,1.0,609,Churned
15614.0,4,1632,3147.36,408.0,0.6382978723404256,437,Churned
15615.0,47,12090,21373.97,257.2340425531915,1.9421487603305785,9,Active
15616.0,1,137,317.11,137.0,1.0,437,Churned
15617.0,3,485,828.5500000000001,161.66666666666666,0.8108108108108107,395,Churned
15618.0,4,454,776.851,113.5,1.1650485436893205,32,Active
15619.0,1,136,336.4,136.0,1.0,10,Active
15620.0,4,1249,1942.36,312.25,0.3399433427762039,56,Active
15621.0,4,501,1293.03,125.25,4.0,3,Active
15622.0,17,4091,7852.61,240.64705882352942,0.8471760797342193,42,Active
15623.0,8,1087,2437.05,135.875,0.4081632653061224,140,Churned
15624.0,4,357,588.13,89.25,0.8633093525179856,116,Churned
15625.0,9,3020,3236.4,335.55555555555554,0.6164383561643836,103,Churned
15626.0,3,1138,1067.52,379.3333333333333,0.26011560693641617,74,Active
15627.0,2,344,566.9,172.0,0.9230769230769231,456,Churned
15628.0,17,3569,5333.08,209.94117647058823,0.7073509015256587,4,Active
15629.0,4,1518,2240.9,379.5,1.4634146341463414,449,Churned
15630.0,3,987,1481.4,329.0,0.15025041736227046,44,Active
15631.0,1,525,596.67,525.0,1.0,641,Churned
15632.0,8,2109,3285.31,263.625,0.9266409266409267,15,Active
15633.0,13,2048,4335.96,157.53846153846155,1.7647058823529413,508,Churned
15634.0,2,227,554.65,113.5,0.1639344262295082,16,Active
15635.0,1,5,100.35,5.0,1.0,395,Churned
15636.0,4,560,1444.58,140.0,0.25052192066805845,89,Active
15637.0,5,651,797.59,130.2,0.22354694485842028,52,Active
15638.0,6,1134,2265.2,189.0,0.7792207792207793,378,Churned
15639.0,3,849,1065.08,283.0,0.1910828025477707,133,Churned
15640.0,29,12140,23494.31,418.62068965517244,1.2083333333333333,3,Active
15641.0,12,4422,5345.55,368.5,0.5741626794258373,104,Churned
15642.0,1,270,105.78,270.0,1.0,729,Churned
15643.0,3,246,664.0,82.0,1.0,191,Churned
15644.0,4,550,803.54,137.5,1.2765957446808511,165,Churned
15645.0,3,396,1055.17,132.0,0.22167487684729065,18,Active
15646.0,5,821,784.8100000000001,164.2,0.5952380952380952,157,Churned
15647.0,1,124,169.0,124.0,1.0,414,Churned
15648.0,2,218,639.5,109.0,0.9677419354838709,203,Churned
15649.0,4,365,1660.35,91.25,2.4,335,Churned
15650.0,2,210,553.88,105.0,0.5660377358490566,521,Churned
15651.0,5,871,1259.06,174.2,0.26833631484794274,36,Active
15652.0,5,657,1405.94,131.4,0.3816793893129771,90,Active
15653.0,2,1200,877.44,600.0,2.0,92,Churned
15654.0,2,475,922.53,237.5,2.0,8,Active
15655.0,1,324,560.6700000000001,324.0,1.0,242,Churned
15656.0,4,343,748.5,85.75,0.5042016806722689,44,Active
15657.0,1,24,30.0,24.0,1.0,22,Active
15658.0,8,627,2117.27,78.375,0.43956043956043955,189,Churned
15659.0,3,161,532.49,53.666666666666664,0.14778325123152708,43,Active
15660.0,15,1783,2603.69,118.86666666666666,0.6955177743431221,24,Active
15661.0,8,779,1215.95,97.375,0.9195402298850576,316,Churned
15662.0,2,145,283.73,72.5,0.7792207792207791,660,Churned
15663.0,1,106,138.14,106.0,1.0,105,Churned
15664.0,4,530,1254.03,132.5,0.20066889632107024,50,Active
15665.0,5,2777,3987.07,555.4,0.3218884120171674,167,Churned
15666.0,2,469,632.94,234.5,2.0,471,Churned
15667.0,1,240,301.32,240.0,1.0,39,Active
15668.0,1,72,76.32000000000001,72.0,1.0,217,Churned
15669.0,4,342,684.34,85.5,0.5381165919282511,39,Active
15670.0,2,132,325.2,66.0,0.23166023166023167,296,Churned
15671.0,7,1699,2657.13,242.71428571428572,0.8333333333333333,18,Active
15672.0,1,10,45.300000000000004,10.0,1.0,724,Churned
15673.0,9,3274,6204.32,363.77777777777777,0.4761904761904762,87,Active
15674.0,13,3648,6948.2300000000005,280.61538461538464,0.5936073059360731,72,Active
15675.0,4,624,542.04,156.0,0.3726708074534162,80,Active
15676.0,3,2252,3435.76,750.6666666666666,0.33962264150943394,18,Active
15677.0,3,675,1305.6299999999999,225.0,0.21739130434782608,48,Active
15678.0,3,1022,1825.94,340.6666666666667,0.19189765458422176,52,Active
15679.0,4,1170,781.28,292.5,0.759493670886076,23,Active
15680.0,10,2743,4028.69,274.3,0.4120879120879121,8,Active
15681.0,14,1392,2989.7,99.42857142857143,0.7792207792207793,24,Active
15682.0,2,222,318.24,111.0,0.6818181818181819,598,Churned
15683.0,2,332,524.54,166.0,0.16853932584269662,116,Churned
15684.0,3,77,173.95,25.666666666666668,0.4787234042553192,546,Churned
15685.0,1,36,55.980000000000004,36.0,1.0,449,Churned
15686.0,1,72,90.0,72.0,1.0,419,Churned
15687.0,9,1310,2993.1,145.55555555555554,0.8411214953271029,8,Active
15688.0,1,95,190.57,95.0,1.0,418,Churned
15689.0,3,207,521.03,69.0,0.18108651911468812,119,Churned
15690.0,2,408,239.76,204.0,0.625,3,Active
15691.0,4,212,571.3,53.0,0.25,251,Churned
15692.0,1,138,191.04,138.0,1.0,27,Active
15693.0,1,30,37.5,30.0,1.0,658,Churned
15694.0,24,2467,9978.48,102.79166666666667,0.9849521203830369,0,Active
15695.0,4,484,1131.04,121.0,0.2898550724637681,266,Churned
15696.0,13,1386,3881.2200000000003,106.61538461538461,0.6,32,Active
15697.0,1,127,246.75,127.0,1.0,689,Churned
15698.0,1,60,46.2,60.0,1.0,623,Churned
15699.0,1,113,309.65,113.0,1.0,17,Active
15700.0,2,357,696.68,178.5,2.0,171,Churned
15701.0,4,912,1529.0,228.0,1.1111111111111112,1,Active
15702.0,2,103,140.39,51.5,0.29268292682926833,475,Churned
15703.0,1,66,211.5,66.0,1.0,264,Churned
15704.0,6,1709,3734.6600000000003,284.8333333333333,0.4072398190045249,139,Churned
15705.0,1,62,143.1,62.0,1.0,200,Churned
15706.0,4,321,1060.56,80.25,2.3076923076923075,63,Active
15707.0,4,594,916.98,148.5,2.3529411764705883,34,Active
15708.0,9,1465,3887.15,162.77777777777777,0.703125,40,Active
15709.0,2,169,327.85,84.5,0.19672131147540986,283,Churned
15710.0,1,641,898.87,641.0,1.0,416,Churned
15711.0,2,199,420.25,99.5,0.46875,556,Churned
15712.0,12,1277,3472.41,106.41666666666667,0.49382716049382713,8,Active
15713.0,4,451,839.64,112.75,0.20689655172413796,142,Churned
15714.0,5,361,783.96,72.2,0.2762430939226519,11,Active
15715.0,5,246,658.02,49.2,2.380952380952381,555,Churned
15716.0,11,1379,2485.26,125.36363636363636,0.5631399317406143,145,Churned
15717.0,5,224,607.0,44.8,0.41899441340782123,233,Churned
15718.0,1,95,293.79,95.0,1.0,539,Churned
15719.0,31,5356,10195.97,172.7741935483871,1.3191489361702127,32,Active
15720.0,2,327,739.22,163.5,0.11428571428571428,23,Active
15721.0,1,388,471.40000000000003,388.0,1.0,11,Active
15722.0,11,2279,5234.0,207.1818181818182,0.5463576158940397,35,Active
15723.0,4,427,930.7,106.75,0.5741626794258373,364,Churned
15724.0,3,117,310.85,39.0,0.4522613065326633,200,Churned
15725.0,1,221,415.25,221.0,1.0,14,Active
15726.0,1,123,321.91,123.0,1.0,389,Churned
15727.0,15,5908,9371.71,393.8666666666667,0.6736526946107785,16,Active
15728.0,2,132,544.6,66.0,0.9375,379,Churned
15729.0,3,47,192.55,15.666666666666666,0.4736842105263158,212,Churned
15730.0,5,1061,1726.58,212.2,0.4109589041095891,65,Active
15731.0,1,122,125.3,122.0,1.0,553,Churned
15732.0,10,1264,1543.97,126.4,0.6507592190889371,211,Churned
15733.0,1,62,162.3,62.0,1.0,282,Churned
15734.0,4,516,2263.3,129.0,0.2777777777777778,114,Churned
15735.0,1,206,327.68,206.0,1.0,420,Churned
15736.0,2,1208,1767.12,604.0,2.0,434,Churned
15737.0,8,597,1188.12,74.625,1.0526315789473684,14,Active
15738.0,41,9030,13043.32,220.2439024390244,1.732394366197183,18,Active
15739.0,1,472,449.12,472.0,1.0,65,Active
15740.0,1,152,154.88,152.0,1.0,48,Active
15741.0,2,70,208.62,35.0,0.375,457,Churned
15742.0,1,51,156.87,51.0,1.0,618,Churned
15743.0,4,214,775.96,53.5,0.7142857142857143,15,Active
15744.0,1,120,34.8,120.0,1.0,77,Active
15745.0,4,421,1094.59,105.25,0.5529953917050692,18,Active
15746.0,1,178,196.88,178.0,1.0,133,Churned
15747.0,9,1344,2499.81,149.33333333333334,0.3982300884955752,12,Active
15748.0,3,261,609.81,87.0,0.22058823529411764,39,Active
15749.0,3,18028,44534.3,6009.333333333333,0.9278350515463918,234,Churned
15750.0,18,4281,6452.991,237.83333333333334,0.7346938775510204,2,Active
15751.0,11,443,1380.44,40.27272727272727,1.2132352941176472,460,Churned
15752.0,9,2792,3924.91,310.22222222222223,0.6474820143884892,39,Active
15753.0,1,144,79.2,144.0,1.0,304,Churned
15754.0,9,1762,3037.61,195.77777777777777,0.4470198675496689,50,Active
15755.0,17,4034,5993.12,237.2941176470588,0.7034482758620689,9,Active
15756.0,4,241,528.01,60.25,0.6417112299465241,60,Active
15757.0,6,1757,2940.36,292.8333333333333,0.3742203742203742,65,Active
15758.0,1,47,205.25,47.0,1.0,24,Active
15759.0,7,523,830.9300000000001,74.71428571428571,0.40462427745664736,217,Churned
15760.0,2,2,13916.34,1.0,2.0,630,Churned
15761.0,1,31,143.05,31.0,1.0,442,Churned
15762.0,2,251,583.75,125.5,2.0,64,Active
15763.0,2,271,1086.92,135.5,1.3333333333333333,31,Active
15764.0,8,2945,4503.08,368.125,0.6153846153846154,87,Active
15765.0,1,335,370.63,335.0,1.0,666,Churned
15766.0,3,334,831.0600000000001,111.33333333333333,0.14563106796116504,63,Active
15768.0,34,4215,15308.89,123.97058823529412,1.6451612903225805,115,Churned
15769.0,46,49068,88612.52,1066.695652173913,1.9140083217753119,6,Active
15770.0,1,67,321.45,67.0,1.0,612,Churned
15771.0,3,512,1006.54,170.66666666666666,1.0112359550561798,603,Churned
15772.0,1,110,280.88,110.0,1.0,417,Churned
15773.0,2,410,774.52,205.0,0.1488833746898263,5,Active
15774.0,6,465,1288.34,77.5,0.30664395229982966,68,Active
15775.0,2,260,150.5,130.0,0.15544041450777202,244,Churned
15776.0,1,138,241.62,138.0,1.0,132,Churned
15777.0,7,599,1762.61,85.57142857142857,0.6422018348623852,240,Churned
15778.0,1,101,307.95,101.0,1.0,430,Churned
15779.0,2,20,124.08000000000001,10.0,0.8695652173913044,462,Churned
15780.0,3,220,475.28000000000003,73.33333333333333,0.5172413793103449,183,Churned
15781.0,3,180,345.46,60.0,0.3214285714285714,24,Active
15782.0,4,1844,4014.1,461.0,0.2857142857142857,9,Active
15783.0,1,212,246.3,212.0,1.0,10,Active
15784.0,2,381,848.33,190.5,0.29411764705882354,467,Churned
15785.0,16,4479,5969.93,279.9375,0.6946454413892909,32,Active
15786.0,5,5957,8501.62,1191.4,0.30612244897959184,45,Active
15787.0,3,534,933.26,178.0,2.571428571428571,25,Active
15788.0,1,115,221.83,115.0,1.0,508,Churned
15789.0,6,2499,1962.01,416.5,0.6792452830188679,357,Churned
15790.0,1,113,218.75,113.0,1.0,9,Active
15791.0,5,1970,3608.34,394.0,0.2508361204013378,43,Active
15792.0,2,606,933.84,303.0,0.27522935779816515,399,Churned
15793.0,8,1685,2399.57,210.625,0.33195020746887965,14,Active
15794.0,2,288,777.0,144.0,2.0,735,Churned
15795.0,8,1411,1979.8700000000001,176.375,0.4444444444444444,149,Churned
15796.0,17,1733,5171.63,101.94117647058823,0.826580226904376,0,Active
15797.0,6,1281,2821.08,213.5,0.31690140845070425,112,Churned
15798.0,3,915,1535.37,305.0,0.4787234042553192,492,Churned
15799.0,4,1341,1421.34,335.25,0.3508771929824561,75,Active
15800.0,7,575,1227.07,82.14285714285714,0.410958904109589,106,Churned
15801.0,3,570,1063.95,190.0,1.4285714285714286,45,Active
15802.0,1,1,451.42,1.0,1.0,142,Churned
15803.0,4,1030,1929.66,257.5,0.1923076923076923,50,Active
15804.0,13,2565,4206.39,197.30769230769232,1.9696969696969697,0,Active
15805.0,30,6205,10148.93,206.83333333333334,1.2747875354107647,22,Active
15806.0,3,602,784.58,200.66666666666666,0.3913043478260869,45,Active
15807.0,5,1532,1817.52,306.4,0.24390243902439024,49,Active
15808.0,21,6753,17180.25,321.57142857142856,1.4617169373549883,305,Churned
15809.0,7,700,1274.44,100.0,0.4208416833667335,35,Active
15810.0,8,1653,2999.04,206.625,0.40404040404040403,78,Active
15811.0,7,1781,3486.15,254.42857142857142,0.5753424657534247,21,Active
15812.0,12,3450,5201.47,287.5,0.5834683954619125,106,Churned
15813.0,2,603,1303.9099999999999,301.5,1.9354838709677418,207,Churned
15814.0,6,1728,2634.44,288.0,0.3071672354948805,16,Active
15815.0,5,1856,2100.6,371.2,0.7653061224489796,63,Active
15816.0,2,54,144.14999999999998,27.0,2.0,541,Churned
15817.0,3,1596,2766.4,532.0,0.7377049180327869,420,Churned
15818.0,1,284,340.5,284.0,1.0,587,Churned
15819.0,10,2928,3934.79,292.8,0.5154639175257733,48,Active
15820.0,1,128,206.98,128.0,1.0,319,Churned
15821.0,2,202,570.96,101.0,2.0,43,Active
15822.0,6,950,1840.06,158.33333333333334,0.24691358024691357,2,Active
15823.0,3,1774,3882.17,591.3333333333334,0.25139664804469275,371,Churned
15824.0,2,478,890.94,239.0,0.7692307692307692,452,Churned
15825.0,1,220,532.94,220.0,1.0,171,Churned
15826.0,4,1824,2598.28,456.0,0.23483365949119372,55,Active
15827.0,28,1715,3603.14,61.25,1.3397129186602872,72,Active
15828.0,1,367,1108.82,367.0,1.0,374,Churned
15829.0,2,996,636.14,498.0,1.4634146341463414,98,Churned
15830.0,1,415,576.0,415.0,1.0,37,Active
15831.0,3,1092,794.64,364.0,0.33962264150943394,57,Active
15832.0,1,465,836.79,465.0,1.0,253,Churned
15833.0,1,24,80.4,24.0,1.0,737,Churned
15834.0,7,1815,3764.39,259.2857142857143,0.5932203389830508,69,Active
15835.0,4,439,954.09,109.75,0.4195804195804196,43,Active
15836.0,1,26,137.37,26.0,1.0,49,Active
15837.0,2,405,777.01,202.5,0.14285714285714285,64,Active
15838.0,34,64114,73205.5,1885.7058823529412,1.4305750350631137,10,Active
15839.0,3,675,1048.49,225.0,0.7894736842105263,32,Active
15840.0,2,396,355.56,198.0,0.5309734513274337,58,Active
15841.0,9,2391,2742.41,265.6666666666667,0.4109589041095891,72,Active
15842.0,2,296,548.8,148.0,0.44776119402985076,392,Churned
15843.0,1,27,118.95,27.0,1.0,303,Churned
15844.0,1,134,130.73999999999998,134.0,1.0,45,Active
15845.0,11,2128,4426.28,193.45454545454547,0.49698795180722893,17,Active
15846.0,1,79,107.01,79.0,1.0,384,Churned
15847.0,5,643,822.57,128.6,0.24875621890547261,37,Active
15848.0,1,45,137.99,45.0,1.0,621,Churned
15850.0,6,1334,1006.75,222.33333333333334,0.2545968882602546,18,Active
15851.0,1,67,109.73,67.0,1.0,526,Churned
15852.0,3,60,257.26,20.0,0.2647058823529412,186,Churned
15853.0,1,135,110.8,135.0,1.0,51,Active
15854.0,21,1691,5578.28,80.52380952380952,0.8689655172413793,3,Active
15855.0,6,712,1052.72,118.66666666666667,0.5309734513274336,136,Churned
15856.0,52,19550,32275.95,375.96153846153845,2.1311475409836067,3,Active
15857.0,2,584,570.48,292.0,0.14598540145985403,18,Active
15858.0,13,2715,3552.41,208.84615384615384,0.5462184873949579,15,Active
15859.0,1,174,438.46,174.0,1.0,431,Churned
15860.0,17,1259,2361.3,74.05882352941177,0.7369942196531792,40,Active
15861.0,12,3837,4369.2,319.75,0.5397301349325337,11,Active
15862.0,13,1520,2512.29,116.92307692307692,0.5462184873949579,7,Active
15863.0,5,162,355.1,32.4,0.2152080344332855,25,Active
15864.0,7,1486,2180.76,212.28571428571428,0.5865921787709497,21,Active
15865.0,5,1141,2241.42,228.2,0.22658610271903323,40,Active
15866.0,1,124,211.89,124.0,1.0,100,Churned
15867.0,31,5067,8923.3,163.4516129032258,1.2934631432545203,4,Active
15868.0,1,57,94.53,57.0,1.0,582,Churned
15869.0,3,273,321.11,91.0,0.25787965616045844,276,Churned
15870.0,4,504,857.46,126.0,0.29055690072639223,32,Active
15871.0,1,5,33.099999999999994,5.0,1.0,436,Churned
15872.0,4,467,729.25,116.75,0.22429906542056077,14,Active
15873.0,4,1152,313.91999999999996,288.0,4.0,499,Churned
15874.0,21,5102,11284.76,242.95238095238096,0.9890109890109889,63,Active
15875.0,1,74,108.52,74.0,1.0,645,Churned
15876.0,2,886,1449.14,443.0,1.5384615384615383,408,Churned
15877.0,2,368,490.33,184.0,2.0,1,Active
15878.0,2,243,330.77,121.5,0.3508771929824561,561,Churned
15879.0,4,639,1137.8,159.75,0.37854889589905366,403,Churned
15880.0,1,202,329.03000000000003,202.0,1.0,368,Churned
15881.0,5,260,501.39,52.0,2.8846153846153846,311,Churned
15882.0,8,650,1124.66,81.25,0.45283018867924524,198,Churned
15883.0,2,223,396.48,111.5,1.9354838709677418,1,Active
15884.0,2,152,244.60000000000002,76.0,0.19801980198019803,431,Churned
15885.0,15,622,1951.82,41.46666666666667,0.7575757575757576,92,Churned
15886.0,4,667,1052.8700000000001,166.75,0.223463687150838,59,Active
15887.0,3,605,1027.15,201.66666666666666,0.6081081081081081,406,Churned
15888.0,3,139,429.16,46.333333333333336,0.20179372197309417,80,Active
15889.0,8,800,1427.6,100.0,0.4195804195804196,156,Churned
15890.0,5,119,535.65,23.8,0.7142857142857143,394,Churned
15891.0,1,418,511.68,418.0,1.0,226,Churned
15892.0,1,46,128.2,46.0,1.0,668,Churned
15893.0,1,288,305.28000000000003,288.0,1.0,481,Churned
15894.0,2,164,258.25,82.0,0.5217391304347826,252,Churned
15895.0,1,94,179.17,94.0,1.0,149,Churned
15897.0,2,223,208.59,111.5,2.0,193,Churned
15898.0,25,2160,4996.45,86.4,1.0330578512396695,0,Active
15899.0,1,39,56.25,39.0,1.0,368,Churned
15900.0,4,656,886.57,164.0,0.22263450834879409,23,Active
15901.0,7,695,687.72,99.28571428571429,0.3984819734345351,16,Active
15902.0,1,124,145.01,124.0,1.0,379,Churned
15903.0,12,3926,8939.84,327.1666666666667,0.5263157894736842,9,Active
15904.0,1,84,164.68,84.0,1.0,7,Active
15905.0,1,82,114.69,82.0,1.0,542,Churned
15906.0,10,749,2530.19,74.9,0.6960556844547564,19,Active
15907.0,3,478,882.72,159.33333333333334,0.4368932038834952,3,Active
15908.0,2,173,758.62,86.5,2.0,490,Churned
15909.0,1,98,191.94,98.0,1.0,173,Churned
15910.0,15,2158,2661.17,143.86666666666667,0.6559766763848396,0,Active
15911.0,8,810,1700.24,101.25,2.2641509433962264,623,Churned
15912.0,9,759,1074.7,84.33333333333333,0.4900181488203267,177,Churned
15913.0,1,3,6.300000000000001,3.0,1.0,533,Churned
15914.0,2,149,205.99,74.5,2.0,377,Churned
15915.0,1,414,364.45,414.0,1.0,401,Churned
15916.0,13,1618,3145.2400000000002,124.46153846153847,0.547752808988764,15,Active
15917.0,5,248,530.17,49.6,0.3067484662576687,247,Churned
15918.0,3,240,582.88,80.0,0.20408163265306123,190,Churned
15919.0,2,385,525.69,192.5,0.17191977077363899,19,Active
15920.0,9,238,569.14,26.444444444444443,0.4728546409807355,153,Churned
15921.0,4,335,775.26,83.75,0.25641025641025644,172,Churned
15922.0,1,138,369.5,138.0,1.0,372,Churned
15923.0,1,122,127.08,122.0,1.0,372,Churned
15924.0,1,103,102.82,103.0,1.0,730,Churned
15925.0,1,93,207.15,93.0,1.0,193,Churned
15926.0,1,155,134.44,155.0,1.0,541,Churned
15927.0,1,66,106.54,66.0,1.0,646,Churned
15928.0,1,164,293.53,164.0,1.0,655,Churned
15929.0,1,120,594.0,120.0,1.0,643,Churned
15930.0,1,139,426.63,139.0,1.0,66,Active
15931.0,1,118,239.9,118.0,1.0,427,Churned
15932.0,8,2325,2495.87,290.625,0.8421052631578947,3,Active
15933.0,3,885,1107.46,295.0,1.3846153846153848,20,Active
15934.0,2,2166,2190.66,1083.0,2.0,417,Churned
15935.0,2,115,416.86,57.5,2.0,238,Churned
15936.0,2,211,282.79,105.5,0.6818181818181819,378,Churned
15937.0,1,73,145.35,73.0,1.0,63,Active
15938.0,9,449,734.81,49.888888888888886,0.6081081081081081,111,Churned
15939.0,16,6260,9060.39,391.25,1.6901408450704225,89,Active
15940.0,1,4,35.8,4.0,1.0,310,Churned
15941.0,1,60,405.0,60.0,1.0,636,Churned
15942.0,1,232,337.44,232.0,1.0,133,Churned
15943.0,2,183,271.28999999999996,91.5,2.0,649,Churned
15944.0,4,859,2164.24,214.75,0.26726057906458794,276,Churned
15945.0,4,345,646.27,86.25,0.3225806451612903,364,Churned
15946.0,3,1614,2304.18,538.0,0.6870229007633588,502,Churned
15947.0,1,898,1708.24,898.0,1.0,82,Active
15948.0,3,852,1509.09,284.0,0.21634615384615383,7,Active
15949.0,2,284,364.72,142.0,1.1111111111111112,16,Active
15950.0,10,3354,7120.91,335.4,0.4615384615384615,31,Active
15951.0,3,420,1013.1700000000001,140.0,0.24193548387096772,8,Active
15952.0,4,391,781.91,97.75,0.6282722513089005,33,Active
15953.0,18,1741,3440.34,96.72222222222223,0.7489597780859917,14,Active
15954.0,1,119,190.75,119.0,1.0,588,Churned
15955.0,22,3967,8085.9800000000005,180.3181818181818,1.0492845786963434,23,Active
15956.0,2,278,617.6,139.0,0.34285714285714286,550,Churned
15957.0,3,453,921.25,151.0,0.23136246786632392,31,Active
15958.0,4,154,462.12,38.5,0.25210084033613445,73,Active
15959.0,3,269,542.89,89.66666666666667,3.0,681,Churned
15960.0,4,258,410.95,64.5,1.9672131147540985,373,Churned
15961.0,1,154,451.28999999999996,154.0,1.0,378,Churned
15962.0,1,228,289.48,228.0,1.0,448,Churned
15963.0,2,298,470.76,149.0,2.0,19,Active
15964.0,1,93,269.21000000000004,93.0,1.0,662,Churned
15965.0,13,1313,2771.94,101.0,0.5424200278164117,16,Active
15966.0,1,275,426.53,275.0,1.0,450,Churned
15967.0,12,1183,2966.0,98.58333333333333,0.5034965034965035,22,Active
15968.0,1,247,404.55,247.0,1.0,387,Churned
15969.0,5,223,1127.05,44.6,0.2890173410404624,2,Active
15970.0,2,498,1017.3199999999999,249.0,0.20338983050847456,303,Churned
15971.0,18,2251,5902.83,125.05555555555556,0.7563025210084033,17,Active
15972.0,5,468,1769.33,93.6,1.048951048951049,455,Churned
15973.0,3,195,680.62,65.0,1.4516129032258063,366,Churned
15974.0,7,2262,3442.15,323.14285714285717,0.8433734939759036,38,Active
15975.0,1,243,371.01,243.0,1.0,83,Active
15976.0,6,1053,1694.41,175.5,0.4675324675324675,164,Churned
15977.0,2,1016,1054.73,508.0,2.0,16,Active
15978.0,3,2444,3279.42,814.6666666666666,0.15873015873015875,76,Active
15979.0,1,450,329.21999999999997,450.0,1.0,602,Churned
15980.0,7,4822,6543.68,688.8571428571429,0.44967880085653106,88,Active
15981.0,21,4827,9362.77,229.85714285714286,1.0588235294117647,24,Active
15982.0,1,131,324.51,131.0,1.0,604,Churned
15983.0,8,1872,3110.37,234.0,0.33755274261603374,21,Active
15984.0,30,5730,8393.02,191.0,1.2244897959183674,2,Active
15985.0,7,2750,2715.28,392.85714285714283,0.4794520547945206,122,Churned
15986.0,2,368,354.42,184.0,0.17094017094017094,29,Active
15987.0,8,1599,1535.99,199.875,0.6539509536784741,11,Active
15988.0,3,476,738.89,158.66666666666666,0.14128728414442698,18,Active
15989.0,2,169,368.31,84.5,0.16620498614958448,375,Churned
15990.0,7,1086,1997.75,155.14285714285714,0.3471074380165289,43,Active
15991.0,1,41,150.55,41.0,1.0,533,Churned
15992.0,3,514,896.6,171.33333333333334,0.20044543429844097,3,Active
15993.0,7,2037,2777.67,291.0,6.0,8,Active
15994.0,3,462,1175.68,154.0,0.1549053356282272,54,Active
15995.0,1,352,694.54,352.0,1.0,413,Churned
15996.0,7,643,1386.4,91.85714285714286,0.6818181818181818,87,Active
15998.0,16,5350,8274.14,334.375,0.6837606837606838,36,Active
15999.0,1,24,20.4,24.0,1.0,735,Churned
16000.0,3,5110,12393.7,1703.3333333333333,3.0,2,Active
16001.0,1,337,583.39,337.0,1.0,380,Churned
16002.0,1,70,169.21,70.0,1.0,624,Churned
16003.0,10,2210,5613.83,221.0,0.4249291784702549,29,Active
16004.0,5,1076,2146.39,215.2,0.7211538461538461,474,Churned
16005.0,10,1269,2365.4900000000002,126.9,0.684931506849315,11,Active
16006.0,2,205,332.82,102.5,0.34090909090909094,210,Churned
16007.0,7,2631,3053.06,375.85714285714283,0.42424242424242425,47,Active
16008.0,15,3237,5339.13,215.8,0.7425742574257426,23,Active
16009.0,4,366,972.11,91.5,0.8759124087591241,21,Active
16010.0,11,919,1694.86,83.54545454545455,2.0,245,Churned
16011.0,29,3323,5601.01,114.58620689655173,1.1917808219178083,7,Active
16012.0,5,1760,2978.59,352.0,0.3036437246963563,34,Active
16013.0,84,25520,56078.44,303.8095238095238,3.4615384615384617,3,Active
16014.0,5,462,1100.28,92.4,0.2347417840375587,37,Active
16015.0,3,907,704.55,302.3333333333333,2.0,3,Active
16016.0,11,881,2083.4,80.0909090909091,0.8270676691729323,2,Active
16017.0,5,635,1545.58,127.0,0.22865853658536586,46,Active
16018.0,4,503,698.13,125.75,0.17316017316017315,38,Active
16019.0,27,6959,17329.16,257.74074074074076,1.1946902654867255,46,Active
16020.0,3,487,851.01,162.33333333333334,1.875,16,Active
16021.0,2,276,487.03,138.0,0.40268456375838924,394,Churned
16022.0,1,255,602.63,255.0,1.0,259,Churned
16023.0,3,358,719.8100000000001,119.33333333333333,0.4090909090909091,45,Active
16024.0,3,504,483.99,168.0,0.22556390977443608,11,Active
16025.0,1,338,439.65999999999997,338.0,1.0,29,Active
16026.0,1,243,236.09,243.0,1.0,42,Active
16027.0,15,2099,2048.36,139.93333333333334,0.7401315789473685,91,Churned
16028.0,1,18,82.2,18.0,1.0,595,Churned
16029.0,107,54450,117763.62,508.8785046728972,4.638728323699422,38,Active
16030.0,1,283,331.24,283.0,1.0,309,Churned
16031.0,2,421,547.9,210.5,0.3896103896103896,91,Churned
16032.0,6,1467,1965.72,244.5,2.6865671641791042,455,Churned
16033.0,27,4200,10608.81,155.55555555555554,1.6910229645093946,5,Active
16034.0,6,585,911.3199999999999,97.5,0.8450704225352114,195,Churned
16035.0,1,33,217.73,33.0,1.0,559,Churned
16036.0,4,1369,2556.84,342.25,0.22514071294559101,86,Active
16037.0,5,766,1509.3400000000001,153.2,0.39682539682539686,269,Churned
16038.0,3,244,471.78,81.33333333333333,0.4639175257731959,7,Active
16039.0,2,409,456.4,204.5,0.29411764705882354,423,Churned
16040.0,7,1185,2416.9,169.28571428571428,0.3860294117647059,64,Active
16041.0,3,1584,3166.4,528.0,0.8181818181818182,30,Active
16042.0,8,1430,2245.32,178.75,0.5568445475638051,21,Active
16043.0,8,1011,1856.5900000000001,126.375,0.5405405405405405,37,Active
16044.0,1,170,340.84000000000003,170.0,1.0,434,Churned
16045.0,8,2108,3434.93,263.5,0.6349206349206349,119,Churned
16046.0,1,248,235.78,248.0,1.0,561,Churned
16047.0,1,1,107.14,1.0,1.0,681,Churned
16048.0,4,425,818.7900000000001,106.25,0.6818181818181819,372,Churned
16049.0,6,1132,1852.15,188.66666666666666,0.37894736842105264,39,Active
16050.0,3,388,300.7,129.33333333333334,0.39647577092511016,173,Churned
16051.0,1,80,188.44,80.0,1.0,681,Churned
16052.0,1,282,362.06,282.0,1.0,53,Active
16053.0,6,3067,3634.84,511.1666666666667,0.31141868512110726,32,Active
16054.0,4,791,2111.88,197.75,0.25477707006369427,144,Churned
16055.0,1,22,134.8,22.0,1.0,220,Churned
16056.0,1,345,650.75,345.0,1.0,44,Active
16057.0,10,1691,3854.85,169.1,0.43859649122807015,15,Active
16058.0,1,18,62.7,18.0,1.0,405,Churned
16059.0,12,1431,3053.57,119.25,0.7157057654075547,65,Active
16060.0,3,243,541.95,81.0,0.9677419354838709,400,Churned
16061.0,1,19,89.65,19.0,1.0,430,Churned
16062.0,8,2035,2863.45,254.375,0.4562737642585551,9,Active
16063.0,1,262,335.32,262.0,1.0,259,Churned
16064.0,1,55,109.31,55.0,1.0,724,Churned
16065.0,8,1207,1992.13,150.875,2.4742268041237114,364,Churned
16066.0,5,935,1521.04,187.0,1.4018691588785046,16,Active
16067.0,3,1236,3269.11,412.0,0.8035714285714286,562,Churned
16068.0,1,48,115.73,48.0,1.0,593,Churned
16069.0,1,138,457.7,138.0,1.0,417,Churned
16070.0,2,457,852.15,228.5,2.0,21,Active
16071.0,4,697,1076.8,174.25,0.19672131147540986,44,Active
16072.0,4,1580,4180.09,395.0,0.46153846153846156,287,Churned
16073.0,1,48,122.4,48.0,1.0,296,Churned
16074.0,1,38,252.5,38.0,1.0,389,Churned
16075.0,2,271,736.9300000000001,135.5,0.9836065573770493,502,Churned
16076.0,10,1435,2234.73,143.5,1.4634146341463414,2,Active
16077.0,1,840,2300.4,840.0,1.0,625,Churned
16078.0,2,200,362.99,100.0,0.15584415584415584,283,Churned
16079.0,3,864,1352.0,288.0,3.0,16,Active
16080.0,4,298,602.5600000000001,74.5,0.32608695652173914,81,Active
16081.0,8,2177,4278.96,272.125,0.3883495145631068,55,Active
16082.0,1,39,106.75,39.0,1.0,669,Churned
16083.0,4,1514,2351.42,378.5,0.4181184668989547,100,Churned
16084.0,1,216,436.18,216.0,1.0,298,Churned
16085.0,12,1382,2341.03,115.16666666666667,0.5421686746987951,22,Active
16086.0,10,1450,2687.73,145.0,0.4431314623338257,58,Active
16087.0,5,664,1739.92,132.8,0.5,388,Churned
16088.0,2,373,1437.43,186.5,2.0,575,Churned
16089.0,2,119,263.49,59.5,0.49180327868852464,385,Churned
16090.0,1,58,180.56,58.0,1.0,623,Churned
16091.0,2,154,315.06,77.0,1.3953488372093024,154,Churned
16092.0,6,1188,1587.94,198.0,0.3879310344827586,114,Churned
16093.0,1,20,17.0,20.0,1.0,106,Churned
16094.0,11,2020,3695.56,183.63636363636363,0.559322033898305,11,Active
16095.0,1,265,447.05,265.0,1.0,455,Churned
16096.0,4,700,1584.97,175.0,0.31578947368421056,263,Churned
16097.0,1,87,185.04999999999998,87.0,1.0,239,Churned
16098.0,14,2008,4010.7,143.42857142857142,0.6593406593406593,87,Active
16099.0,7,960,1573.2,137.14285714285714,0.3523489932885906,49,Active
16100.0,1,438,582.64,438.0,1.0,462,Churned
16101.0,4,1844,3229.16,461.0,0.2448979591836735,70,Active
16102.0,3,942,1842.14,314.0,1.0465116279069768,41,Active
16103.0,22,2639,6191.71,119.95454545454545,0.9523809523809523,6,Active
16104.0,9,1047,2774.46,116.33333333333333,0.40238450074515647,61,Active
16105.0,5,2125,2386.19,425.0,0.4225352112676056,248,Churned
16106.0,1,74,108.38,74.0,1.0,65,Active
16107.0,7,1176,3204.1600000000003,168.0,1.2727272727272727,17,Active
16108.0,4,1473,2235.92,368.25,0.21978021978021978,84,Active
16109.0,3,1092,939.48,364.0,0.18789144050104384,218,Churned
16110.0,4,880,1781.59,220.0,0.25157232704402516,44,Active
16111.0,1,233,549.33,233.0,1.0,427,Churned
16112.0,4,574,195.74,143.5,0.6153846153846154,142,Churned
16113.0,1,176,161.38,176.0,1.0,182,Churned
16114.0,1,43,135.75000000000003,43.0,1.0,170,Churned
16115.0,12,1589,2553.8,132.41666666666666,0.6382978723404255,9,Active
16116.0,1,248,612.78,248.0,1.0,211,Churned
16117.0,3,321,654.4,107.0,0.22443890274314213,189,Churned
16118.0,1,2851,4376.25,2851.0,1.0,652,Churned
16119.0,8,811,1720.81,101.375,0.3356643356643357,7,Active
16120.0,6,2161,2967.5099999999998,360.1666666666667,0.4972375690607735,58,Active
16121.0,5,879,1450.04,175.8,0.2952755905511811,56,Active
16122.0,6,1280,895.62,213.33333333333334,0.5113636363636364,72,Active
16123.0,1,170,307.78,170.0,1.0,51,Active
16124.0,4,797,1772.49,199.25,0.2891566265060241,316,Churned
16125.0,14,1819,4292.35,129.92857142857142,1.1731843575418994,366,Churned
16126.0,15,6140,14644.6,409.3333333333333,0.635593220338983,28,Active
16127.0,2,391,801.3100000000001,195.5,0.08733624454148473,38,Active
16128.0,11,2445,3801.05,222.27272727272728,0.6693711967545639,17,Active
16129.0,3,1261,1396.05,420.3333333333333,0.8999999999999999,406,Churned
16130.0,4,296,987.48,74.0,0.6153846153846154,421,Churned
16131.0,12,4768,9957.42,397.3333333333333,0.5247813411078717,51,Active
16132.0,2,280,664.1999999999999,140.0,0.7228915662650602,543,Churned
16133.0,56,13653,22992.26,243.80357142857142,2.7361563517915313,3,Active
16134.0,5,1637,2145.34,327.4,0.2890173410404624,21,Active
16135.0,2,395,819.4499999999999,197.5,0.1869158878504673,262,Churned
16136.0,4,674,946.8000000000001,168.5,0.1990049751243781,59,Active
16137.0,1,210,422.7,210.0,1.0,679,Churned
16138.0,3,774,910.35,258.0,0.42452830188679247,378,Churned
16139.0,5,602,1111.15,120.4,0.2092050209205021,18,Active
16140.0,3,1272,1433.46,424.0,0.2393617021276596,65,Active
16141.0,2,410,955.94,205.0,0.18292682926829268,87,Active
16142.0,1,422,535.34,422.0,1.0,249,Churned
16143.0,12,1866,4555.08,155.5,0.49586776859504134,2,Active
16144.0,1,16,175.2,16.0,1.0,246,Churned
16145.0,19,5270,6805.4400000000005,277.36842105263156,0.9913043478260869,8,Active
16146.0,4,544,946.38,136.0,0.4123711340206186,156,Churned
16147.0,5,1395,2398.91,279.0,0.2788104089219331,133,Churned
16148.0,2,250,386.62,125.0,0.42857142857142855,295,Churned
16149.0,3,598,422.21999999999997,199.33333333333334,0.21226415094339623,4,Active
16150.0,10,1990,4002.17,199.0,0.4418262150220913,42,Active
16152.0,1,642,1829.04,642.0,1.0,268,Churned
16153.0,11,3693,5133.49,335.72727272727275,0.64453125,49,Active
16155.0,5,495,796.9,99.0,0.949367088607595,381,Churned
16156.0,20,3205,6188.18,160.25,0.8241758241758242,8,Active
16157.0,3,347,656.69,115.66666666666667,1.6071428571428572,15,Active
16158.0,9,182,628.32,20.22222222222222,1.2796208530805688,521,Churned
16159.0,4,635,1232.79,158.75,0.26373626373626374,281,Churned
16160.0,2,1162,1025.44,581.0,2.0,64,Active
16161.0,43,6255,12580.06,145.46511627906978,1.9311377245508983,1,Active
16162.0,1,4,37.4,4.0,1.0,251,Churned
16163.0,6,676,2407.98,112.66666666666667,0.3564356435643565,231,Churned
16164.0,3,433,822.48,144.33333333333334,3.0,16,Active
16165.0,1,2,79.9,2.0,1.0,504,Churned
16166.0,2,173,435.83,86.5,0.22813688212927755,427,Churned
16167.0,5,1494,1386.12,298.8,0.4629629629629629,413,Churned
16168.0,66,4975,10360.67,75.37878787878788,2.7272727272727275,10,Active
16169.0,4,1325,1822.97,331.25,1.791044776119403,7,Active
16170.0,20,6056,6869.0,302.8,0.986842105263158,50,Active
16171.0,1,24,73.19999999999999,24.0,1.0,58,Active
16172.0,8,1419,1884.55,177.375,0.5755395683453237,94,Churned
16173.0,6,575,1418.32,95.83333333333333,2.1951219512195124,15,Active
16174.0,7,1431,2246.75,204.42857142857142,0.4411764705882353,125,Churned
16175.0,7,932,1836.44,133.14285714285714,0.44776119402985076,93,Churned
16176.0,4,952,2052.69,238.0,0.6060606060606061,420,Churned
16177.0,8,1021,2247.31,127.625,0.40268456375838924,49,Active
16178.0,2,304,612.6,152.0,0.22813688212927755,137,Churned
16179.0,1,99,215.83,99.0,1.0,60,Active
16180.0,13,9813,16249.87,754.8461538461538,0.8986175115207373,99,Churned
16181.0,1,152,305.54,152.0,1.0,72,Active
16182.0,9,5887,9971.65,654.1111111111111,0.4753521126760563,71,Active
16183.0,4,351,1077.81,87.75,0.3529411764705882,66,Active
16184.0,6,561,1158.79,93.5,1.2244897959183672,63,Active
16185.0,3,321,644.72,107.0,0.16453382084095064,16,Active
16186.0,26,6594,8718.43,253.6153846153846,1.1032531824611032,22,Active
16187.0,15,5048,6911.4400000000005,336.53333333333336,1.7857142857142856,31,Active
16188.0,5,838,1087.66,167.6,0.4120879120879121,44,Active
16189.0,2,134,215.48,67.0,0.8695652173913044,15,Active
16190.0,8,1231,2723.55,153.875,0.35036496350364965,39,Active
16191.0,24,9348,15677.82,389.5,0.993103448275862,2,Active
16192.0,1,208,351.3,208.0,1.0,735,Churned
16193.0,2,379,630.43,189.5,0.3448275862068966,236,Churned
16194.0,1,140,308.6,140.0,1.0,374,Churned
16195.0,1,123,323.25,123.0,1.0,722,Churned
16196.0,1,26,93.3,26.0,1.0,488,Churned
16197.0,9,1420,2016.71,157.77777777777777,1.0629921259842519,468,Churned
16198.0,2,384,1030.0410000000002,192.0,0.16574585635359115,74,Active
16199.0,7,321,942.75,45.857142857142854,0.8823529411764706,391,Churned
16200.0,12,3068,5608.1,255.66666666666666,0.49180327868852464,3,Active
16201.0,5,1421,2112.12,284.2,0.3640776699029126,2,Active
16202.0,9,1307,2501.99,145.22222222222223,0.7180851063829787,360,Churned
16203.0,6,537,943.84,89.5,0.4044943820224719,58,Active
16204.0,3,671,918.71,223.66666666666666,0.1272984441301273,22,Active
16205.0,7,1452,1820.11,207.42857142857142,0.410958904109589,30,Active
16206.0,13,1379,2589.87,106.07692307692308,0.6200317965023848,54,Active
16207.0,1,140,394.38,140.0,1.0,24,Active
16208.0,10,1541,3440.4500000000003,154.1,0.493421052631579,44,Active
16209.0,9,1895,4146.78,210.55555555555554,0.5895196506550218,88,Active
16210.0,35,12397,33750.97,354.2,1.4285714285714286,1,Active
16211.0,3,519,1090.59,173.0,0.25787965616045844,88,Active
16212.0,4,571,1293.71,142.75,0.1846153846153846,18,Active
16213.0,1,48,159.0,48.0,1.0,78,Active
16214.0,4,1308,2038.25,327.0,0.45454545454545453,170,Churned
16215.0,1,104,242.35,104.0,1.0,80,Active
16216.0,1,254,914.9300000000001,254.0,1.0,266,Churned
16217.0,2,91,304.25,45.5,1.3043478260869565,234,Churned
16218.0,13,2799,3968.67,215.30769230769232,0.7344632768361582,29,Active
16219.0,1,48,40.8,48.0,1.0,500,Churned
16221.0,9,1449,2019.92,161.0,0.6013363028953229,36,Active
16222.0,2,463,1272.05,231.5,0.14925373134328357,317,Churned
16223.0,2,643,1087.05,321.5,2.0,374,Churned
16224.0,5,1555,1616.54,311.0,0.45454545454545453,56,Active
16225.0,15,1281,2859.31,85.4,0.7200000000000001,44,Active
16226.0,5,521,672.17,104.2,0.7142857142857143,202,Churned
16227.0,3,436,1027.22,145.33333333333334,0.29032258064516125,224,Churned
16228.0,3,555,885.71,185.0,3.0,384,Churned
16229.0,6,1292,2867.86,215.33333333333334,0.3773584905660377,86,Active
16230.0,2,365,542.03,182.5,2.0,189,Churned
16231.0,4,563,1074.47,140.75,0.5504587155963303,378,Churned
16232.0,7,1849,2712.97,264.14285714285717,0.4150197628458498,43,Active
16233.0,9,677,1818.31,75.22222222222223,0.40540540540540543,70,Active
16234.0,3,170,333.18,56.666666666666664,1.0588235294117647,475,Churned
16235.0,9,788,2053.71,87.55555555555556,0.6293706293706294,40,Active
16236.0,1,184,432.2,184.0,1.0,77,Active
16237.0,1,57,136.65,57.0,1.0,436,Churned
16238.0,1,85,63.66,85.0,1.0,422,Churned
16239.0,6,692,1492.2,115.33333333333333,0.4433497536945813,56,Active
16240.0,2,1641,3718.8,820.5,1.1320754716981132,23,Active
16241.0,16,2258,3992.86,141.125,1.2,9,Active
16242.0,14,3921,7404.650000000001,280.07142857142856,0.672,7,Active
16243.0,2,110,409.1,55.0,2.0,33,Active
16244.0,2,855,1522.75,427.5,0.375,211,Churned
16245.0,3,1014,1413.66,338.0,0.38626609442060084,23,Active
16246.0,2,336,821.35,168.0,0.28708133971291866,459,Churned
16247.0,1,182,114.56,182.0,1.0,169,Churned
16248.0,1,78,152.94,78.0,1.0,61,Active
16249.0,5,950,1800.07,190.0,0.8064516129032258,52,Active
16250.0,3,268,565.24,89.33333333333333,0.72,260,Churned
16251.0,1,44,128.31,44.0,1.0,511,Churned
16252.0,1,158,295.09000000000003,158.0,1.0,382,Churned
16253.0,7,6030,7272.2,861.4285714285714,0.31626506024096385,66,Active
16254.0,3,543,967.44,181.0,0.3557312252964427,377,Churned
16255.0,15,2876,4530.0,191.73333333333332,0.6736526946107785,16,Active
16256.0,3,1590,1629.37,530.0,0.2719033232628399,266,Churned
16257.0,1,2,46.95,2.0,1.0,176,Churned
16258.0,15,7200,11942.52,480.0,0.7588532883642496,44,Active
16259.0,3,143,340.94,47.666666666666664,0.4639175257731959,409,Churned
16260.0,1,311,1035.45,311.0,1.0,50,Active
16261.0,6,454,1041.16,75.66666666666667,0.4235294117647059,16,Active
16262.0,1,446,755.15,446.0,1.0,377,Churned
16263.0,1,197,348.16,197.0,1.0,422,Churned
16264.0,2,616,823.53,308.0,2.0,437,Churned
16265.0,12,3214,6935.17,267.8333333333333,0.9045226130653266,8,Active
16266.0,14,791,1757.95,56.5,0.7011686143572622,73,Active
16267.0,1,198,186.66,198.0,1.0,590,Churned
16268.0,2,533,667.65,266.5,2.0,70,Active
16269.0,1,579,717.57,579.0,1.0,437,Churned
16270.0,1,688,1141.24,688.0,1.0,352,Churned
16271.0,10,2359,3397.82,235.9,0.46875,2,Active
16272.0,1,224,411.7,224.0,1.0,116,Churned
16273.0,2,40,318.34000000000003,20.0,2.0,647,Churned
16274.0,1,153,351.75,153.0,1.0,372,Churned
16275.0,3,1268,2151.11,422.6666666666667,0.2027027027027027,196,Churned
16276.0,3,1467,2629.3900000000003,489.0,0.20930232558139533,176,Churned
16277.0,1,33,188.69,33.0,1.0,733,Churned
16278.0,3,342,1117.84,114.0,0.22556390977443608,99,Churned
16279.0,9,3683,5698.28,409.22222222222223,0.4695652173913043,20,Active
16280.0,1,101,238.05,101.0,1.0,724,Churned
16281.0,3,1570,3424.02,523.3333333333334,0.14754098360655737,71,Active
16282.0,3,790,1307.5800000000002,263.3333333333333,0.2380952380952381,339,Churned
16283.0,8,2867,4350.32,358.375,0.37325038880248834,5,Active
16284.0,3,674,1018.48,224.66666666666666,0.24861878453038674,30,Active
16285.0,1,60,176.9,60.0,1.0,645,Churned
16286.0,2,101,328.95,50.5,0.4109589041095891,476,Churned
16287.0,5,1426,1006.98,285.2,0.2890173410404624,169,Churned
16288.0,1,19,129.85,19.0,1.0,469,Churned
16289.0,1,97,136.31,97.0,1.0,461,Churned
16290.0,4,957,1957.7,239.25,1.188118811881188,464,Churned
16291.0,1,1,117.72,1.0,1.0,681,Churned
16292.0,5,688,1253.76,137.6,0.3112033195020747,121,Churned
16293.0,15,1833,4279.2,122.2,0.6364922206506365,21,Active
16294.0,1,54,126.05000000000001,54.0,1.0,476,Churned
16295.0,4,841,1328.55,210.25,2.2222222222222223,9,Active
16296.0,4,645,1313.67,161.25,1.2631578947368423,625,Churned
16297.0,1,206,301.9,206.0,1.0,268,Churned
16298.0,7,308,1085.7,44.0,0.5011933174224343,22,Active
16299.0,1,107,193.65,107.0,1.0,476,Churned
16300.0,3,643,1367.32,214.33333333333334,0.3673469387755102,429,Churned
16301.0,1,41,107.33,41.0,1.0,736,Churned
16302.0,1,158,233.22,158.0,1.0,126,Churned
16303.0,7,3859,7928.27,551.2857142857143,0.3471074380165289,25,Active
16304.0,1,228,381.66,228.0,1.0,694,Churned
16305.0,1,256,361.21999999999997,256.0,1.0,138,Churned
16306.0,7,712,1124.72,101.71428571428571,0.9502262443438915,213,Churned
16307.0,3,1123,1194.92,374.3333333333333,0.6122448979591836,428,Churned
16308.0,7,16000,5120.0,2285.714285714286,0.30612244897959184,37,Active
16309.0,2,467,706.57,233.5,0.44776119402985076,105,Churned
16310.0,2,270,460.08,135.0,0.2643171806167401,413,Churned
16311.0,2,394,616.26,197.0,1.9354838709677418,17,Active
16312.0,1,53,171.15,53.0,1.0,431,Churned
16313.0,2,165,274.15,82.5,1.3043478260869565,2,Active
16314.0,3,636,1491.4,212.0,1.0843373493975903,389,Churned
16315.0,2,143,402.71,71.5,0.29268292682926833,330,Churned
16316.0,13,3057,5744.91,235.15384615384616,0.911214953271028,63,Active
16317.0,5,1236,2192.51,247.2,0.3225806451612903,119,Churned
16318.0,1,199,328.15,199.0,1.0,34,Active
16319.0,1,72,404.40000000000003,72.0,1.0,217,Churned
16320.0,6,3319,5628.99,553.1666666666666,0.35363457760314343,171,Churned
16321.0,7,259,604.5500000000001,37.0,0.3153153153153153,71,Active
16322.0,2,231,326.75,115.5,1.7142857142857142,0,Active
16323.0,2,146,353.66,73.0,0.15748031496062992,195,Churned
16324.0,3,270,408.59000000000003,90.0,1.875,127,Churned
16325.0,12,2464,3597.5,205.33333333333334,0.5232558139534884,46,Active
16326.0,24,1083,4721.25,45.125,1.0682492581602374,5,Active
16327.0,16,8124,10159.64,507.75,0.6751054852320675,13,Active
16328.0,1,141,310.83,141.0,1.0,562,Churned
16329.0,4,797,1664.92,199.25,0.3858520900321543,427,Churned
16330.0,7,326,625.38,46.57142857142857,0.32608695652173914,17,Active
16331.0,6,756,2037.7,126.0,0.8571428571428571,431,Churned
16332.0,11,1128,2000.01,102.54545454545455,0.5882352941176471,27,Active
16333.0,22,32184,26626.8,1462.909090909091,2.185430463576159,7,Active
16334.0,1,206,263.73,206.0,1.0,491,Churned
16335.0,7,1004,2753.52,143.42857142857142,1.141304347826087,551,Churned
16336.0,4,1473,3517.69,368.25,0.5687203791469194,420,Churned
16337.0,1,87,151.05,87.0,1.0,36,Active
16338.0,1,94,214.8,94.0,1.0,156,Churned
16339.0,1,21,94.05,21.0,1.0,283,Churned
16340.0,3,1319,1496.24,439.6666666666667,0.2027027027027027,106,Churned
16341.0,7,3022,3850.79,431.7142857142857,0.35958904109589046,24,Active
16342.0,4,157,322.41,39.25,1.1538461538461537,74,Active
16343.0,3,345,614.12,115.0,0.23017902813299232,15,Active
16344.0,4,706,842.42,176.5,0.23529411764705882,157,Churned
16345.0,2,611,1178.79,305.5,0.136986301369863,43,Active
16346.0,1,289,224.51,289.0,1.0,384,Churned
16347.0,11,1715,3442.96,155.9090909090909,0.5271565495207667,10,Active
16348.0,8,1164,1744.42,145.5,0.6030150753768844,31,Active
16349.0,1,9,53.5,9.0,1.0,290,Churned
16350.0,9,1077,2253.89,119.66666666666667,0.6650246305418719,20,Active
16351.0,13,2165,3330.0299999999997,166.53846153846155,0.9701492537313433,332,Churned
16352.0,2,300,494.44,150.0,2.0,17,Active
16353.0,38,3483,9795.460000000001,91.65789473684211,1.565934065934066,3,Active
16354.0,5,592,1119.46,118.4,0.28409090909090906,62,Active
16355.0,1,179,416.35,179.0,1.0,374,Churned
16356.0,6,190,415.87,31.666666666666668,0.5084745762711864,197,Churned
16357.0,4,389,868.37,97.25,0.345821325648415,32,Active
16358.0,5,2065,2919.65,413.0,0.3816793893129771,0,Active
16359.0,16,1764,2697.75,110.25,0.7339449541284403,6,Active
16360.0,6,2110,3450.41,351.6666666666667,2.1686746987951806,4,Active
16361.0,4,418,891.21,104.5,1.9672131147540985,9,Active
16362.0,6,467,922.16,77.83333333333333,0.4444444444444444,31,Active
16363.0,1,52,109.36000000000001,52.0,1.0,52,Active
16364.0,2,279,705.79,139.5,0.48,11,Active
16365.0,15,1034,3167.34,68.93333333333334,0.6338028169014084,17,Active
16366.0,4,882,1548.1299999999999,220.5,0.17045454545454547,18,Active
16367.0,3,1103,1350.48,367.6666666666667,0.2608695652173913,36,Active
16368.0,3,307,621.44,102.33333333333333,0.20785219399538105,1,Active
16369.0,7,1589,2656.56,227.0,0.3547297297297297,17,Active
16370.0,4,640,1301.91,160.0,0.8450704225352113,81,Active
16371.0,1,108,157.2,108.0,1.0,448,Churned
16372.0,5,722,1290.31,144.4,0.2617801047120419,32,Active
16373.0,2,119,309.49,59.5,2.0,381,Churned
16374.0,5,771,1723.4,154.2,0.2873563218390805,65,Active
16375.0,2,74,104.0,37.0,2.0,469,Churned
16376.0,2,691,974.96,345.5,2.0,8,Active
16377.0,2,2928,1308.48,1464.0,0.17142857142857143,266,Churned
16378.0,3,267,362.95,89.0,1.4285714285714286,246,Churned
16379.0,4,1410,2157.4,352.5,1.6216216216216215,3,Active
16380.0,1,1428,1743.1499999999999,1428.0,1.0,60,Active
16381.0,2,108,247.85,54.0,2.0,395,Churned
16382.0,2,167,353.1,83.5,0.4225352112676056,407,Churned
16383.0,7,1596,2896.69,228.0,0.3511705685618729,74,Active
16384.0,4,861,1358.95,215.25,0.24,89,Active
16385.0,5,476,881.35,95.2,0.2626970227670753,59,Active
16386.0,3,700,1068.16,233.33333333333334,0.25069637883008355,28,Active
16387.0,5,448,882.46,89.6,0.47619047619047616,322,Churned
16388.0,1,83,186.05,83.0,1.0,653,Churned
16389.0,4,1242,1382.07,310.5,0.5240174672489083,52,Active
16390.0,3,122,467.5,40.666666666666664,0.6338028169014085,536,Churned
16391.0,4,715,1052.26,178.75,0.7453416149068324,400,Churned
16392.0,3,604,756.7,201.33333333333334,0.3082191780821918,269,Churned
16393.0,23,3001,5297.77,130.47826086956522,0.9374999999999999,1,Active
16394.0,5,2604,1555.34,520.8,0.646551724137931,56,Active
16395.0,14,2901,3518.41,207.21428571428572,0.6240713224368499,60,Active
16396.0,1,80,137.8,80.0,1.0,475,Churned
16397.0,1,43,123.13,43.0,1.0,627,Churned
16398.0,2,758,1705.8,379.0,0.6060606060606061,153,Churned
16399.0,3,452,630.22,150.66666666666666,0.24324324324324323,18,Active
16400.0,9,2066,3059.85,229.55555555555554,0.42452830188679247,94,Churned
16401.0,23,6035,6849.15,262.39130434782606,1.2454873646209388,0,Active
16402.0,2,146,293.45,73.0,0.5769230769230769,264,Churned
16403.0,1,114,177.5,114.0,1.0,311,Churned
16404.0,1,157,443.05,157.0,1.0,69,Active
16405.0,2,187,167.25,93.5,2.0,301,Churned
16406.0,3,257,528.36,85.66666666666667,0.14173228346456693,18,Active
16407.0,14,1448,2761.65,103.42857142857143,1.0023866348448687,12,Active
16408.0,1,227,231.93,227.0,1.0,590,Churned
16409.0,12,3664,5652.74,305.3333333333333,0.5217391304347826,35,Active
16410.0,1,348,130.32,348.0,1.0,733,Churned
16411.0,4,461,756.39,115.25,0.29411764705882354,18,Active
16412.0,5,288,593.19,57.6,0.24232633279483037,53,Active
16413.0,2,283,522.03,141.5,0.18867924528301888,56,Active
16414.0,5,201,551.21,40.2,0.22321428571428573,21,Active
16415.0,3,508,696.76,169.33333333333334,0.14240506329113925,43,Active
16416.0,9,2198,2957.88,244.22222222222223,0.4299363057324841,26,Active
16417.0,1,6,35.7,6.0,1.0,492,Churned
16418.0,5,564,1028.74,112.8,0.39682539682539686,44,Active
16419.0,8,701,1463.7,87.625,0.43243243243243246,112,Churned
16420.0,1,120,75.0,120.0,1.0,395,Churned
16421.0,3,123,526.27,41.0,0.9677419354838709,375,Churned
16422.0,109,64225,61920.87,589.2201834862385,4.815905743740795,16,Active
16423.0,1,230,346.12,230.0,1.0,24,Active
16424.0,2,212,443.06,106.0,0.31413612565445026,190,Churned
16425.0,1,199,302.7,199.0,1.0,301,Churned
16426.0,10,1215,1863.76,121.5,1.098901098901099,1,Active
16427.0,2,156,241.06,78.0,2.0,262,Churned
16428.0,3,575,638.49,191.66666666666666,1.0714285714285714,413,Churned
16429.0,1,9,284.55,9.0,1.0,105,Churned
16430.0,7,307,1117.94,43.857142857142854,0.3365384615384615,56,Active
16431.0,3,442,623.28,147.33333333333334,1.0714285714285714,212,Churned
16432.0,1,276,287.40000000000003,276.0,1.0,63,Active
16433.0,2,214,384.52,107.0,0.15789473684210528,27,Active
16434.0,12,1310,2673.69,109.16666666666667,0.5446293494704992,28,Active
16435.0,3,608,1003.0699999999999,202.66666666666666,3.0,511,Churned
16436.0,3,227,319.14,75.66666666666667,1.40625,667,Churned
16437.0,2,197,301.25,98.5,1.25,380,Churned
16438.0,5,463,798.35,92.6,1.973684210526316,5,Active
16439.0,1,74,310.70000000000005,74.0,1.0,721,Churned
16440.0,6,2108,3856.9700000000003,351.3333333333333,0.3703703703703704,7,Active
16441.0,5,478,1019.13,95.6,0.26833631484794274,66,Active
16442.0,5,580,891.98,116.0,0.20689655172413793,1,Active
16443.0,1,96,162.24,96.0,1.0,520,Churned
16444.0,17,1945,3625.88,114.41176470588235,0.8823529411764707,45,Active
16445.0,4,287,583.16,71.75,0.3183023872679045,33,Active
16446.0,2,80997,168472.5,40498.5,0.29411764705882354,0,Active
16447.0,3,315,727.1,105.0,0.1717557251908397,135,Churned
16448.0,2,176,361.12,88.0,0.22058823529411764,197,Churned
16449.0,2,367,707.69,183.5,0.7317073170731707,197,Churned
16450.0,3,681,1505.73,227.0,0.17786561264822134,149,Churned
16451.0,3,524,1013.15,174.66666666666666,0.1391035548686244,87,Active
16452.0,2,199,332.17,99.5,0.9523809523809523,630,Churned
16453.0,2,139,251.71,69.5,2.0,530,Churned
16454.0,4,9,30.950000000000003,2.25,0.21201413427561838,44,Active
16455.0,11,2851,3995.57,259.1818181818182,0.5935251798561151,63,Active
16456.0,13,3296,6000.94,253.53846153846155,0.7485604606525912,98,Churned
16457.0,1,140,208.36,140.0,1.0,217,Churned
16458.0,30,3395,5690.89,113.16666666666667,1.6100178890876566,2,Active
16459.0,1,59,71.78999999999999,59.0,1.0,729,Churned
16460.0,3,876,811.23,292.0,1.6981132075471699,27,Active
16461.0,3,933,1545.83,311.0,0.19230769230769232,177,Churned
16462.0,3,16,136.0,5.333333333333333,0.42857142857142855,73,Active
16463.0,4,1163,1422.4,290.75,0.6593406593406593,20,Active
16464.0,3,952,1298.66,317.3333333333333,0.7377049180327869,19,Active
16465.0,2,504,746.24,252.0,2.0,420,Churned
16466.0,15,1777,3767.09,118.46666666666667,0.7401315789473685,33,Active
16467.0,7,7384,2869.16,1054.857142857143,0.9210526315789475,508,Churned
16468.0,3,371,787.52,123.66666666666667,0.22113022113022113,73,Active
16469.0,5,332,803.9,66.4,0.30612244897959184,23,Active
16470.0,11,1335,2416.85,121.36363636363636,0.4881656804733727,51,Active
16471.0,4,670,1189.98,167.5,0.3183023872679045,274,Churned
16472.0,2,252,789.6,126.0,0.36809815950920244,433,Churned
16473.0,4,296,470.83,74.0,0.5741626794258373,164,Churned
16474.0,7,909,1810.65,129.85714285714286,1.5328467153284673,6,Active
16475.0,4,319,544.3,79.75,0.6486486486486486,87,Active
16476.0,1,187,350.35,187.0,1.0,431,Churned
16477.0,11,2507,4094.37,227.9090909090909,0.7838479809976248,63,Active
16478.0,3,224,331.0,74.66666666666667,2.25,24,Active
16479.0,2,102,300.83,51.0,2.0,9,Active
16480.0,1,455,769.29,455.0,1.0,75,Active
16481.0,1,201,453.38,201.0,1.0,681,Churned
16482.0,1,346,220.62,346.0,1.0,15,Active
16483.0,1,44,139.35,44.0,1.0,191,Churned
16484.0,2,200,404.3,100.0,2.0,173,Churned
16485.0,5,1153,2287.19,230.6,0.22865853658536586,76,Active
16486.0,1,24,134.36,24.0,1.0,537,Churned
16487.0,2,163,209.4,81.5,0.7407407407407407,576,Churned
16488.0,3,728,498.8,242.66666666666666,0.7826086956521738,32,Active
16489.0,2,38,303.7,19.0,1.090909090909091,379,Churned
16490.0,1,113,205.41000000000003,113.0,1.0,435,Churned
16491.0,2,1060,1533.16,530.0,0.1639344262295082,46,Active
16492.0,1,235,385.56,235.0,1.0,540,Churned
16493.0,7,1988,2132.09,284.0,0.38674033149171266,79,Active
16494.0,1,675,826.53,675.0,1.0,296,Churned
16495.0,3,328,648.26,109.33333333333333,0.33088235294117646,2,Active
16496.0,6,1764,2330.77,294.0,0.36,8,Active
16497.0,23,3050,6695.28,132.6086956521739,1.0058309037900874,49,Active
16498.0,2,45,100.97,22.5,2.0,160,Churned
16499.0,8,1364,2578.34,170.5,1.2903225806451613,359,Churned
16500.0,9,386,843.9100000000001,42.888888888888886,0.5018587360594795,4,Active
16501.0,1,628,1191.23,628.0,1.0,382,Churned
16502.0,2,220,258.55,110.0,2.0,619,Churned
16503.0,11,1535,3614.34,139.54545454545453,0.7692307692307692,106,Churned
16504.0,1,510,465.88,510.0,1.0,24,Active
16505.0,1,576,777.6,576.0,1.0,31,Active
16506.0,2,42,90.30000000000001,21.0,2.0,19,Active
16507.0,1,111,142.71,111.0,1.0,571,Churned
16508.0,1,103,240.95,103.0,1.0,629,Churned
16509.0,1,64,363.70000000000005,64.0,1.0,296,Churned
16510.0,6,930,1777.5,155.0,0.5642633228840126,371,Churned
16511.0,6,769,1760.49,128.16666666666666,0.28753993610223644,21,Active
16513.0,4,407,874.59,101.75,3.1578947368421053,4,Active
16515.0,10,1573,3179.06,157.3,0.6147540983606558,51,Active
16516.0,1,58,101.69999999999999,58.0,1.0,29,Active
16517.0,1,96,162.7,96.0,1.0,276,Churned
16518.0,4,524,959.37,131.0,0.24242424242424243,60,Active
16519.0,4,150,439.06,37.5,0.1926163723916533,24,Active
16520.0,6,1045,2148.38,174.16666666666666,0.3913043478260869,185,Churned
16521.0,3,1014,1140.11,338.0,0.3879310344827586,414,Churned
16522.0,2,212,433.36,106.0,2.0,435,Churned
16523.0,28,4979,11916.33,177.82142857142858,1.2316715542521994,1,Active
16524.0,2,259,306.19,129.5,0.2448979591836735,445,Churned
16525.0,48,14430,24151.3,300.625,1.9591836734693877,1,Active
16526.0,2,279,717.21,139.5,0.14563106796116507,171,Churned
16527.0,2,708,1232.94,354.0,0.1749271137026239,80,Active
16528.0,1,171,244.41,171.0,1.0,3,Active
16529.0,4,739,1986.8,184.75,0.3529411764705882,189,Churned
16530.0,1,17,48.35,17.0,1.0,667,Churned
16531.0,11,1863,2298.33,169.36363636363637,0.7875894988066826,21,Active
16532.0,5,2544,8756.64,508.8,0.24875621890547261,17,Active
16533.0,3,611,1082.81,203.66666666666666,1.875,18,Active
16534.0,1,168,635.9,168.0,1.0,641,Churned
16535.0,3,664,972.04,221.33333333333334,0.13353115727002968,4,Active
16536.0,1,250,548.12,250.0,1.0,109,Churned
16537.0,1,59,23.35,59.0,1.0,640,Churned
16538.0,3,254,395.07,84.66666666666667,1.6666666666666665,540,Churned
16539.0,10,1014,3289.66,101.4,0.5671077504725898,2,Active
16540.0,1,105,205.75,105.0,1.0,413,Churned
16541.0,1,173,424.03,173.0,1.0,734,Churned
16542.0,2,142,257.32,71.0,0.1729106628242075,53,Active
16543.0,1,317,292.21,317.0,1.0,591,Churned
16544.0,4,150,376.70000000000005,37.5,0.8450704225352113,519,Churned
16545.0,2,322,689.8199999999999,161.0,0.2857142857142857,164,Churned
16546.0,5,4211,5307.07,842.2,0.9933774834437087,290,Churned
16547.0,1,108,104.25999999999999,108.0,1.0,545,Churned
16548.0,1,6,30.15,6.0,1.0,598,Churned
16549.0,34,7087,12781.8,208.44117647058823,1.6721311475409837,9,Active
16550.0,18,5405,8813.58,300.27777777777777,0.8598726114649682,108,Churned
16551.0,7,2076,2237.12,296.57142857142856,0.3333333333333333,95,Churned
16552.0,2,219,379.73,109.5,0.46153846153846156,242,Churned
16553.0,33,16427,16584.01,497.7878787878788,1.9721115537848604,162,Churned
16554.0,8,1346,2841.72,168.25,0.3519061583577712,41,Active
16555.0,6,1816,1915.68,302.6666666666667,0.3829787234042553,34,Active
16556.0,17,4353,8012.58,256.05882352941177,0.7657657657657658,66,Active
16557.0,2,111,281.85,55.5,0.5309734513274337,23,Active
16558.0,38,7813,13304.11,205.60526315789474,1.5510204081632653,0,Active
16559.0,1,61,175.0,61.0,1.0,396,Churned
16560.0,8,1603,3048.38,200.375,0.34090909090909094,26,Active
16561.0,2,244,511.12,122.0,1.1111111111111112,5,Active
16562.0,1,264,223.86,264.0,1.0,476,Churned
16563.0,6,2584,4412.56,430.6666666666667,0.2631578947368421,53,Active
16564.0,1,40,87.8,40.0,1.0,568,Churned
16565.0,4,211,773.05,52.75,0.6282722513089005,363,Churned
16566.0,5,362,614.66,72.4,0.5415162454873647,14,Active
16567.0,2,996,865.6,498.0,0.4225352112676056,193,Churned
16568.0,2,366,1020.9,183.0,0.28169014084507044,427,Churned
16569.0,5,988,1455.23,197.6,0.20833333333333334,2,Active
16570.0,20,4292,7434.31,214.6,0.9933774834437087,14,Active
16571.0,10,3703,4248.74,370.3,0.4958677685950413,26,Active
16572.0,3,532,1009.6,177.33333333333334,0.6081081081081081,126,Churned
16573.0,2,360,663.61,180.0,0.29268292682926833,84,Active
16574.0,3,1002,1301.78,334.0,0.15332197614991483,70,Active
16576.0,2,323,540.87,161.5,0.594059405940594,419,Churned
16577.0,1,142,380.0,142.0,1.0,666,Churned
16578.0,1,108,156.6,108.0,1.0,625,Churned
16579.0,1,119,295.05,119.0,1.0,425,Churned
16581.0,1,134,105.84,134.0,1.0,182,Churned
16582.0,1,164,313.62,164.0,1.0,112,Churned
16583.0,2,153,297.95,76.5,0.20066889632107024,373,Churned
16584.0,5,1913,3156.17,382.6,0.25817555938037867,79,Active
16585.0,2,151,341.59,75.5,0.594059405940594,593,Churned
16586.0,3,348,1462.78,116.0,0.23316062176165803,248,Churned
16587.0,1,71,225.15,71.0,1.0,231,Churned
16588.0,4,882,1361.28,220.5,0.6382978723404256,385,Churned
16589.0,4,536,612.36,134.0,0.31746031746031744,70,Active
16590.0,2,240,605.9,120.0,2.0,400,Churned
16591.0,1,41,213.5,41.0,1.0,68,Active
16592.0,28,5504,7807.91,196.57142857142858,1.1731843575418994,3,Active
16593.0,8,377,1071.14,47.125,0.3508771929824561,50,Active
16594.0,1,64,181.09,64.0,1.0,74,Active
16595.0,5,1331,1757.75,266.2,0.23809523809523808,60,Active
16596.0,4,180,458.98,45.0,0.16830294530154277,15,Active
16597.0,1,184,90.04,184.0,1.0,3,Active
16598.0,1,73,145.05,73.0,1.0,285,Churned
16599.0,1,159,172.8,159.0,1.0,385,Churned
16600.0,13,2420,2153.41,186.15384615384616,0.5439330543933055,3,Active
16601.0,3,391,677.0,130.33333333333334,0.15463917525773196,40,Active
16602.0,2,429,763.33,214.5,0.17045454545454547,35,Active
16603.0,2,480,482.47,240.0,2.0,74,Active
16604.0,2,175,432.45,87.5,2.0,562,Churned
16605.0,1,144,60.48,144.0,1.0,723,Churned
16606.0,2,148,357.66,74.0,2.0,403,Churned
16607.0,25,4436,5706.87,177.44,1.3134851138353765,17,Active
16608.0,2,612,1286.6200000000001,306.0,0.28708133971291866,453,Churned
16609.0,7,2420,5493.46,345.7142857142857,0.8860759493670886,14,Active
16610.0,1,66,75.66,66.0,1.0,218,Churned
16611.0,6,874,1785.13,145.66666666666666,0.39823008849557523,185,Churned
16612.0,9,1419,3245.4300000000003,157.66666666666666,0.3840682788051209,32,Active
16613.0,1,293,618.59,293.0,1.0,69,Active
16614.0,3,349,1179.79,116.33333333333333,0.2278481012658228,182,Churned
16615.0,1,211,291.5,211.0,1.0,625,Churned
16616.0,2,370,500.42,185.0,0.4225352112676056,14,Active
16617.0,1,91,151.85,91.0,1.0,235,Churned
16618.0,5,1363,2647.59,272.6,0.5154639175257733,30,Active
16619.0,4,1055,1938.33,263.75,0.3069053708439898,263,Churned
16620.0,6,1146,1758.93,191.0,0.2452316076294278,3,Active
16621.0,4,302,813.48,75.5,0.5309734513274337,51,Active
16622.0,1,44,225.4,44.0,1.0,543,Churned
16623.0,4,442,1015.24,110.5,0.3468208092485549,245,Churned
16624.0,2,488,810.57,244.0,0.5172413793103449,80,Active
16625.0,5,1057,1654.03,211.4,0.5576208178438662,274,Churned
16626.0,17,2690,4413.1,158.23529411764707,1.9245283018867922,0,Active
16627.0,1,162,322.8,162.0,1.0,78,Active
16628.0,7,1260,2318.1,180.0,0.3431372549019608,29,Active
16629.0,2,489,408.63,244.5,2.0,73,Active
16630.0,1,72,106.80000000000001,72.0,1.0,406,Churned
16631.0,7,775,1892.52,110.71428571428571,1.2352941176470587,481,Churned
16632.0,2,256,406.4,128.0,0.6315789473684211,485,Churned
16633.0,6,1138,2883.1,189.66666666666666,0.8333333333333333,16,Active
16634.0,6,1257,1649.81,209.5,0.3870967741935484,222,Churned
16635.0,1,277,473.0,277.0,1.0,406,Churned
16636.0,4,2186,3802.04,546.5,0.5797101449275363,437,Churned
16637.0,4,927,1154.47,231.75,0.6217616580310881,31,Active
16638.0,15,1627,2380.13,108.46666666666667,0.989010989010989,22,Active
16639.0,4,751,1747.98,187.75,0.3183023872679045,30,Active
16640.0,1,146,179.4,146.0,1.0,397,Churned
16641.0,2,454,554.5,227.0,0.10067114093959731,105,Churned
16642.0,3,775,1077.45,258.3333333333333,0.21951219512195122,4,Active
16643.0,2,553,923.11,276.5,0.34090909090909094,245,Churned
16644.0,2,826,833.78,413.0,1.7647058823529411,177,Churned
16645.0,1,117,160.39,117.0,1.0,735,Churned
16646.0,1,1072,678.8,1072.0,1.0,448,Churned
16647.0,4,396,541.9,99.0,0.32085561497326204,169,Churned
16648.0,3,503,672.8,167.66666666666666,0.16453382084095064,42,Active
16649.0,1,82,306.58,82.0,1.0,519,Churned
16650.0,7,1511,1916.11,215.85714285714286,0.4697986577181208,71,Active
16651.0,1,60,136.2,60.0,1.0,586,Churned
16652.0,16,7477,17550.39,467.3125,0.8376963350785339,58,Active
16653.0,2,733,1212.66,366.5,1.090909090909091,15,Active
16654.0,8,640,1484.07,80.0,0.5095541401273885,140,Churned
16655.0,13,3938,6423.26,302.9230769230769,0.5918057663125948,17,Active
16656.0,30,15433,16833.170000000002,514.4333333333333,1.262272089761571,21,Active
16657.0,4,1130,874.43,282.5,0.49180327868852464,9,Active
16658.0,6,277,690.83,46.166666666666664,0.72,367,Churned
16659.0,1,72,39.12,72.0,1.0,188,Churned
16660.0,7,991,1879.55,141.57142857142858,0.30973451327433627,15,Active
16661.0,4,364,932.76,91.0,0.6629834254143646,539,Churned
16662.0,1,35,151.05,35.0,1.0,393,Churned
16663.0,1,100,165.0,100.0,1.0,728,Churned
16664.0,1,24,109.2,24.0,1.0,568,Churned
16665.0,1,59,135.4,59.0,1.0,361,Churned
16666.0,2,354,217.71,177.0,0.09983361064891846,18,Active
16667.0,2,236,567.18,118.0,0.2777777777777778,67,Active
16668.0,13,773,862.42,59.46153846153846,0.6341463414634146,14,Active
16669.0,3,881,1348.88,293.6666666666667,1.6666666666666665,23,Active
16670.0,20,4534,8030.150000000001,226.7,0.8426966292134831,16,Active
16671.0,3,875,1692.27,291.6666666666667,0.6617647058823529,27,Active
16672.0,20,2832,8134.9400000000005,141.6,2.2727272727272725,1,Active
16673.0,1,95,171.13,95.0,1.0,678,Churned
16674.0,2,181,304.24,90.5,1.3953488372093024,54,Active
16675.0,2,296,608.86,148.0,1.6666666666666667,441,Churned
16676.0,6,927,2361.9,154.5,0.46875,33,Active
16677.0,2,457,880.62,228.5,0.25,410,Churned
16678.0,12,2397,3109.99,199.75,1.2857142857142856,2,Active
16679.0,3,247,663.31,82.33333333333333,0.5,365,Churned
16680.0,3,377,821.45,125.66666666666667,0.18329938900203666,42,Active
16681.0,7,1492,1921.8400000000001,213.14285714285714,0.36971830985915494,72,Active
16682.0,5,1040,1028.0,208.0,0.819672131147541,4,Active
16683.0,1,190,320.25,190.0,1.0,533,Churned
16684.0,55,104810,147142.77,1905.6363636363637,2.2664835164835164,3,Active
16685.0,2,396,324.24,198.0,2.0,60,Active
16686.0,16,3419,4881.07,213.6875,0.7007299270072993,46,Active
16687.0,1,141,157.63,141.0,1.0,390,Churned
16688.0,4,804,1260.86,201.0,2.0338983050847457,0,Active
16689.0,2,330,422.6,165.0,2.0,75,Active
16690.0,4,209,353.03000000000003,52.25,0.316622691292876,71,Active
16691.0,2,92,178.83,46.0,0.4195804195804196,417,Churned
16692.0,4,878,1914.6999999999998,219.5,0.6486486486486486,255,Churned
16693.0,5,658,1179.48,131.6,0.2555366269165247,68,Active
16694.0,1,26,98.30000000000001,26.0,1.0,722,Churned
16695.0,2,184,191.9,92.0,2.0,561,Churned
16696.0,4,146,657.9,36.5,1.0714285714285714,134,Churned
16697.0,1,27,112.75,27.0,1.0,240,Churned
16698.0,2,840,1998.0,420.0,2.0,226,Churned
16699.0,7,640,994.6,91.42857142857143,0.5915492957746479,379,Churned
16700.0,25,6644,8830.77,265.76,1.02880658436214,8,Active
16701.0,26,11046,9916.73,424.84615384615387,1.0699588477366255,8,Active
16702.0,4,692,1110.83,173.0,0.379746835443038,414,Churned
16704.0,2,433,664.16,216.5,1.1320754716981132,617,Churned
16705.0,42,22302,43515.051,531.0,1.728395061728395,0,Active
16706.0,3,249,531.35,83.0,1.1842105263157896,36,Active
16707.0,4,396,533.41,99.0,0.502092050209205,399,Churned
16708.0,1,285,656.63,285.0,1.0,45,Active
16709.0,14,3261,9056.01,232.92857142857142,0.6511627906976745,84,Active
16710.0,22,4174,5921.35,189.72727272727272,0.9217877094972067,18,Active
16711.0,9,1212,2868.48,134.66666666666666,0.36784741144414174,2,Active
16712.0,13,2074,4232.87,159.53846153846155,0.9974424552429667,8,Active
16713.0,32,8482,14115.56,265.0625,1.3617021276595744,18,Active
16714.0,4,828,1497.33,207.0,0.2660753880266075,218,Churned
16715.0,2,1174,625.52,587.0,0.12396694214876033,77,Active
16716.0,3,912,2149.6800000000003,304.0,0.24793388429752067,266,Churned
16717.0,14,3145,6663.68,224.64285714285714,0.5932203389830508,23,Active
16718.0,5,1924,3006.08,384.8,0.4132231404958678,368,Churned
16719.0,14,2356,3513.62,168.28571428571428,0.5907172995780591,14,Active
16720.0,3,460,758.74,153.33333333333334,0.12949640287769784,25,Active
16721.0,1,172,292.47,172.0,1.0,261,Churned
16722.0,22,7986,8189.56,363.0,0.9192200557103064,16,Active
16723.0,4,958,1231.36,239.5,0.18662519440124417,90,Active
16724.0,1,69,147.35,69.0,1.0,404,Churned
16725.0,14,700,1688.26,50.0,0.9905660377358491,301,Churned
16726.0,7,1323,2063.88,189.0,0.546875,25,Active
16727.0,4,1066,1377.77,266.5,0.37037037037037035,363,Churned
16728.0,4,671,1048.28,167.75,0.5504587155963303,45,Active
16729.0,21,5722,7205.33,272.4761904761905,3.103448275862069,37,Active
16730.0,3,994,743.11,331.3333333333333,0.33707865168539325,51,Active
16731.0,1,124,170.3,124.0,1.0,647,Churned
16732.0,4,2414,4387.64,603.5,0.17167381974248927,31,Active
16733.0,1,112,259.68,112.0,1.0,529,Churned
16734.0,3,345,646.76,115.0,1.4754098360655739,51,Active
16735.0,14,4240,6217.41,302.85714285714283,0.6431852986217458,78,Active
16736.0,5,1050,2956.56,210.0,0.6521739130434783,505,Churned
16737.0,2,576,835.2,288.0,0.11450381679389314,52,Active
16738.0,1,3,3.75,3.0,1.0,297,Churned
16739.0,2,391,786.43,195.5,0.1671309192200557,176,Churned
16740.0,1,110,226.91,110.0,1.0,394,Churned
16741.0,1,81,173.06,81.0,1.0,624,Churned
16742.0,14,2558,2799.87,182.71428571428572,0.621301775147929,46,Active
16743.0,14,3707,4212.15,264.7857142857143,0.7420494699646643,28,Active
16744.0,7,798,1291.91,114.0,1.3043478260869565,10,Active
16745.0,17,6719,7180.7,395.2352941176471,2.2666666666666666,86,Active
16746.0,42,11900,18046.75,283.3333333333333,1.726027397260274,4,Active
16747.0,2,583,836.0600000000001,291.5,2.0,37,Active
16748.0,14,2127,3637.33,151.92857142857142,0.5907172995780591,17,Active
16749.0,2,1910,4157.88,955.0,0.45454545454545453,590,Churned
16750.0,5,214,623.93,42.8,0.8021390374331551,44,Active
16751.0,1,1031,1764.72,1031.0,1.0,30,Active
16752.0,1,54,207.5,54.0,1.0,372,Churned
16753.0,1,189,223.92000000000002,189.0,1.0,57,Active
16754.0,29,63551,65500.07,2191.4137931034484,3.2342007434944238,371,Churned
16755.0,7,1985,2864.68,283.57142857142856,0.34146341463414637,113,Churned
16756.0,7,707,1312.3700000000001,101.0,0.49411764705882355,214,Churned
16757.0,2,180,270.48,90.0,0.6666666666666666,318,Churned
16758.0,1,203,369.34000000000003,203.0,1.0,64,Active
16759.0,3,609,789.79,203.0,3.0,7,Active
16760.0,1,168,228.0,168.0,1.0,429,Churned
16761.0,1,341,316.62,341.0,1.0,96,Churned
16762.0,3,480,1207.24,160.0,0.7258064516129031,19,Active
16763.0,2,492,964.6999999999999,246.0,0.11131725417439704,198,Churned
16764.0,13,1253,2790.9500000000003,96.38461538461539,2.805755395683453,3,Active
16765.0,2,311,454.75,155.5,0.6818181818181819,293,Churned
16766.0,2,536,1145.6,268.0,2.0,272,Churned
16767.0,15,7102,8056.76,473.46666666666664,0.8050089445438283,30,Active
16768.0,9,774,1698.57,86.0,0.39473684210526316,47,Active
16769.0,4,295,1117.05,73.75,0.25806451612903225,259,Churned
16770.0,9,1052,1778.93,116.88888888888889,0.6490384615384616,57,Active
16771.0,10,2308,3949.6,230.8,0.430416068866571,32,Active
16772.0,3,687,3698.05,229.0,0.30201342281879195,422,Churned
16773.0,3,252,421.24,84.0,0.13333333333333333,56,Active
16774.0,8,774,1567.48,96.75,0.40472175379426645,67,Active
16775.0,16,957,2820.84,59.8125,1.1136890951276102,9,Active
16776.0,2,435,592.51,217.5,0.16901408450704225,59,Active
16777.0,5,470,1292.18,94.0,0.27173913043478265,79,Active
16778.0,2,194,245.94,97.0,0.3015075376884422,73,Active
16779.0,53,19411,32809.03,366.24528301886795,2.166212534059946,1,Active
16780.0,3,352,596.4,117.33333333333333,0.29411764705882354,99,Churned
16781.0,2,192,623.0,96.0,0.20202020202020202,371,Churned
16782.0,38,4027,9636.12,105.97368421052632,1.5833333333333333,9,Active
16783.0,1,163,391.95,163.0,1.0,436,Churned
16784.0,5,494,892.33,98.8,0.24958402662229615,19,Active
16785.0,1,313,533.78,313.0,1.0,409,Churned
16786.0,1,72,51.84,72.0,1.0,393,Churned
16787.0,4,472,1017.53,118.0,0.4,397,Churned
16788.0,5,965,1928.93,193.0,0.2742230347349177,122,Churned
16789.0,1,32,80.8,32.0,1.0,7,Active
16790.0,6,898,1545.62,149.66666666666666,5.294117647058823,3,Active
16791.0,15,1854,3957.63,123.6,0.6364922206506365,28,Active
16792.0,5,324,623.46,64.8,0.35545023696682465,281,Churned
16793.0,1,146,243.84,146.0,1.0,56,Active
16794.0,15,1576,2052.7,105.06666666666666,0.7223113964686999,0,Active
16795.0,3,1214,2062.41,404.6666666666667,0.2830188679245283,364,Churned
16796.0,1,186,305.62,186.0,1.0,88,Active
16797.0,5,898,1802.02,179.6,0.436046511627907,392,Churned
16798.0,3,205,841.16,68.33333333333333,0.5172413793103449,553,Churned
16799.0,2,162,452.78000000000003,81.0,2.0,431,Churned
16800.0,1,524,1162.65,524.0,1.0,10,Active
16801.0,4,493,1594.23,123.25,1.090909090909091,162,Churned
16802.0,2,369,582.61,184.5,1.1764705882352942,678,Churned
16803.0,1,245,332.3,245.0,1.0,64,Active
16804.0,3,246,536.99,82.0,0.3643724696356276,22,Active
16805.0,5,1120,1091.34,224.0,0.26929982046678635,173,Churned
16806.0,4,356,762.16,89.0,0.8888888888888888,102,Churned
16807.0,6,1433,2123.88,238.83333333333334,0.375,142,Churned
16808.0,2,196,288.42,98.0,0.34285714285714286,98,Churned
16809.0,9,1093,1727.43,121.44444444444444,0.4639175257731959,22,Active
16810.0,2,372,842.04,186.0,0.2631578947368421,191,Churned
16811.0,2,477,547.07,238.5,2.0,4,Active
16812.0,4,1116,2392.0,279.0,4.0,360,Churned
16813.0,10,1501,1652.18,150.1,1.530612244897959,7,Active
16814.0,36,4844,11924.85,134.55555555555554,1.821247892074199,13,Active
16815.0,2,237,406.02,118.5,0.7317073170731707,453,Churned
16816.0,4,274,417.06,68.5,0.47244094488188976,102,Churned
16817.0,13,1401,2560.7,107.76923076923077,0.9090909090909091,2,Active
16818.0,11,2164,3349.57,196.72727272727272,1.7010309278350515,10,Active
16819.0,2,253,182.59,126.5,2.0,464,Churned
16820.0,1,307,497.61,307.0,1.0,95,Churned
16821.0,1,13,113.35,13.0,1.0,381,Churned
16822.0,1,171,181.39,171.0,1.0,685,Churned
16823.0,7,1166,2243.09,166.57142857142858,0.4117647058823529,226,Churned
16824.0,3,390,686.24,130.0,0.2380952380952381,15,Active
16825.0,5,1297,1826.8899999999999,259.4,0.30303030303030304,38,Active
16826.0,1,158,341.7,158.0,1.0,50,Active
16827.0,5,125,392.13,25.0,0.7692307692307693,392,Churned
16828.0,2,59,128.5,29.5,2.0,92,Churned
16829.0,2,215,513.32,107.5,0.2597402597402597,156,Churned
16830.0,4,699,1207.5,174.75,0.17467248908296945,38,Active
16831.0,1,48,91.8,48.0,1.0,564,Churned
16832.0,5,179,417.61,35.8,0.5474452554744526,183,Churned
16833.0,6,878,2409.04,146.33333333333334,0.2898550724637681,0,Active
16834.0,2,760,898.9599999999999,380.0,0.13452914798206278,227,Churned
16835.0,6,496,1456.66,82.66666666666667,0.40816326530612246,127,Churned
16836.0,4,539,782.37,134.75,0.2247191011235955,39,Active
16837.0,11,1563,3170.98,142.0909090909091,1.542056074766355,30,Active
16838.0,4,509,1159.61,127.25,0.25806451612903225,196,Churned
16839.0,44,11295,21758.25,256.70454545454544,2.0091324200913245,8,Active
16840.0,2,117,139.85,58.5,0.8450704225352113,602,Churned
16841.0,12,3478,4006.06,289.8333333333333,0.5454545454545454,36,Active
16842.0,3,693,1264.19,231.0,0.44776119402985076,100,Churned
16843.0,35,18502,19571.43,528.6285714285714,1.530612244897959,42,Active
16844.0,2,281,614.34,140.5,2.0,562,Churned
16845.0,1,167,253.88,167.0,1.0,617,Churned
16846.0,3,517,842.41,172.33333333333334,0.15280135823429541,49,Active
16847.0,2,255,614.89,127.5,0.10452961672473868,42,Active
16848.0,4,780,1411.62,195.0,0.316622691292876,52,Active
16849.0,1,33,124.57,33.0,1.0,186,Churned
16850.0,1,249,332.41,249.0,1.0,333,Churned
16851.0,3,271,342.45,90.33333333333333,1.9148936170212767,3,Active
16852.0,2,56,144.91,28.0,0.36363636363636365,9,Active
16854.0,2,997,1408.96,498.5,0.26905829596412556,416,Churned
16855.0,2,164,328.4,82.0,2.0,23,Active
16856.0,3,171,358.49,57.0,0.2107728337236534,14,Active
16857.0,1,168,352.8,168.0,1.0,442,Churned
16858.0,10,1423,4292.59,142.3,0.8450704225352113,368,Churned
16859.0,7,1899,1932.41,271.2857142857143,0.42,144,Churned
16860.0,3,625,1610.62,208.33333333333334,0.43062200956937796,452,Churned
16861.0,5,616,946.59,123.2,0.33482142857142855,59,Active
16862.0,4,513,662.33,128.25,0.7792207792207791,546,Churned
16863.0,3,640,834.27,213.33333333333334,0.2380952380952381,30,Active
16864.0,2,283,409.25,141.5,0.36585365853658536,433,Churned
16865.0,1,157,130.95,157.0,1.0,401,Churned
16866.0,3,60,207.74,20.0,3.0,140,Churned
16867.0,1,58,76.74000000000001,58.0,1.0,689,Churned
16868.0,3,112,384.56,37.333333333333336,0.4522613065326633,393,Churned
16869.0,4,583,817.12,145.75,0.7894736842105263,22,Active
16870.0,1,278,450.15999999999997,278.0,1.0,468,Churned
16871.0,6,1253,2812.34,208.83333333333334,0.7258064516129031,21,Active
16872.0,6,1079,1213.13,179.83333333333334,0.4675324675324675,76,Active
16873.0,12,8601,14617.39,716.75,0.5429864253393665,4,Active
16874.0,1,78,209.89000000000001,78.0,1.0,378,Churned
16875.0,11,2099,4234.53,190.8181818181818,0.5188679245283019,66,Active
16876.0,1,181,136.01,181.0,1.0,403,Churned
16877.0,6,458,846.62,76.33333333333333,0.9230769230769231,11,Active
16878.0,1,12,13.3,12.0,1.0,83,Active
16880.0,8,904,1813.21,113.0,0.5194805194805194,30,Active
16881.0,1,600,432.0,600.0,1.0,66,Active
16882.0,3,424,705.12,141.33333333333334,0.36,66,Active
16883.0,19,1016,2246.06,53.473684210526315,1.0401459854014599,186,Churned
16884.0,4,520,1070.97,130.0,0.22556390977443608,37,Active
16885.0,4,358,684.6,89.5,0.3243243243243243,14,Active
16886.0,1,48,134.0,48.0,1.0,455,Churned
16887.0,3,423,658.17,141.0,0.12802275960170698,34,Active
16888.0,3,145,434.2,48.333333333333336,0.3,400,Churned
16889.0,6,1611,2526.65,268.5,0.4851752021563342,194,Churned
16890.0,3,243,285.41,81.0,0.8571428571428571,476,Churned
16891.0,11,652,1727.94,59.27272727272727,0.45020463847203274,1,Active
16892.0,7,367,754.75,52.42857142857143,0.28806584362139914,0,Active
16893.0,2,117,249.89000000000001,58.5,2.0,366,Churned
16894.0,3,503,1306.96,167.66666666666666,2.727272727272727,501,Churned
16895.0,5,421,1102.9,84.2,0.24958402662229615,64,Active
16896.0,1,18,103.95,18.0,1.0,554,Churned
16897.0,2,73,289.78,36.5,2.0,298,Churned
16898.0,5,695,885.21,139.0,0.27272727272727276,25,Active
16899.0,8,811,1695.77,101.375,0.6169665809768637,7,Active
16900.0,3,833,887.11,277.6666666666667,1.9565217391304346,16,Active
16901.0,1,42,204.26,42.0,1.0,728,Churned
16902.0,1,629,1706.88,629.0,1.0,115,Churned
16903.0,3,717,1041.75,239.0,0.23316062176165803,28,Active
16904.0,21,2607,4675.36,124.14285714285714,1.5517241379310345,3,Active
16905.0,17,1913,4706.77,112.52941176470588,0.7053941908713692,4,Active
16906.0,7,590,1410.92,84.28571428571429,0.42596348884381335,81,Active
16907.0,9,451,1470.89,50.111111111111114,0.5432595573440644,28,Active
16908.0,1,61,252.59,61.0,1.0,721,Churned
16909.0,1,436,379.14,436.0,1.0,71,Active
16910.0,8,884,1508.96,110.5,2.7906976744186047,3,Active
16911.0,2,161,255.25,80.5,2.0,635,Churned
16912.0,15,1689,4460.51,112.6,0.6419400855920114,28,Active
16913.0,3,229,423.91,76.33333333333333,0.24930747922437674,289,Churned
16914.0,1,112,183.76,112.0,1.0,35,Active
16915.0,11,190,1543.18,17.272727272727273,0.5892857142857143,8,Active
16916.0,4,649,902.02,162.25,0.3069053708439898,23,Active
16917.0,2,792,1851.88,396.0,0.16901408450704225,276,Churned
16918.0,16,2066,3206.54,129.125,0.6986899563318778,49,Active
16919.0,24,2333,4909.66,97.20833333333333,2.25,155,Churned
16920.0,1,81,355.45,81.0,1.0,410,Churned
16921.0,3,275,409.21,91.66666666666667,0.16697588126159557,60,Active
16922.0,1,281,611.08,281.0,1.0,572,Churned
16923.0,32,6190,13157.130000000001,193.4375,1.443609022556391,11,Active
16924.0,3,467,829.89,155.66666666666666,1.4516129032258063,20,Active
16925.0,1,123,125.65,123.0,1.0,539,Churned
16926.0,5,197,1169.6100000000001,39.4,0.9677419354838709,370,Churned
16927.0,3,993,543.05,331.0,0.3673469387755102,115,Churned
16928.0,29,2587,3897.5299999999997,89.20689655172414,1.4646464646464645,79,Active
16929.0,7,929,1295.39,132.71428571428572,1.390728476821192,3,Active
16930.0,3,339,378.89,113.0,2.142857142857143,25,Active
16931.0,23,3357,5032.22,145.95652173913044,1.7647058823529411,4,Active
16932.0,3,217,412.55,72.33333333333333,0.17408123791102514,52,Active
16933.0,9,1533,3099.3,170.33333333333334,0.3708791208791209,0,Active
16934.0,6,936,2083.14,156.0,0.31802120141342755,54,Active
16935.0,3,273,530.86,91.0,2.3076923076923075,381,Churned
16936.0,2,339,548.29,169.5,0.1671309192200557,25,Active
16937.0,1,123,196.25,123.0,1.0,498,Churned
16938.0,9,5041,6995.360000000001,560.1111111111111,0.4147465437788019,8,Active
16939.0,3,229,433.84999999999997,76.33333333333333,0.5625,488,Churned
16940.0,8,4503,6427.66,562.875,0.35346097201767307,51,Active
16941.0,1,12,33.0,12.0,1.0,611,Churned
16942.0,9,805,1904.99,89.44444444444444,1.255813953488372,12,Active
16943.0,5,147,1299.49,29.4,0.3640776699029126,211,Churned
16944.0,1,27,101.36,27.0,1.0,609,Churned
16945.0,33,5889,8548.16,178.45454545454547,1.3963328631875882,21,Active
16946.0,5,509,1222.04,101.8,0.5681818181818181,382,Churned
16947.0,5,655,955.21,131.0,0.36585365853658536,235,Churned
16948.0,7,2091,868.77,298.7142857142857,0.4061895551257253,138,Churned
16949.0,6,791,1286.27,131.83333333333334,0.5769230769230769,3,Active
16950.0,10,2432,3541.77,243.2,0.47846889952153115,56,Active
16951.0,3,1318,1277.75,439.3333333333333,0.5325443786982248,134,Churned
16952.0,5,343,795.83,68.6,0.24271844660194172,108,Churned
16953.0,1,10,20.8,10.0,1.0,29,Active
16954.0,20,4086,6081.88,204.3,0.8708272859216256,0,Active
16955.0,6,723,1120.31,120.5,0.3658536585365854,184,Churned
16956.0,1,114,308.74,114.0,1.0,17,Active
16957.0,2,172,416.64,86.0,1.4285714285714286,238,Churned
16958.0,1,514,778.49,514.0,1.0,434,Churned
16959.0,1,49,117.35000000000001,49.0,1.0,86,Active
16960.0,8,1492,1990.88,186.5,0.39473684210526316,38,Active
16961.0,3,482,794.56,160.66666666666666,0.21686746987951808,115,Churned
16962.0,1,158,251.04,158.0,1.0,409,Churned
16963.0,1,35,110.55000000000001,35.0,1.0,186,Churned
16964.0,2,49,207.85,24.5,2.0,732,Churned
16965.0,1,291,201.19,291.0,1.0,226,Churned
16966.0,7,1981,2154.97,283.0,0.9090909090909091,7,Active
16967.0,1,333,319.02,333.0,1.0,188,Churned
16968.0,2,326,439.43,163.0,0.5825242718446603,3,Active
16969.0,3,816,650.41,272.0,0.5921052631578948,38,Active
16970.0,1,12,71.4,12.0,1.0,625,Churned
16971.0,1,72,357.21,72.0,1.0,37,Active
16972.0,2,183,749.0,91.5,0.8219178082191781,382,Churned
16973.0,1,60,127.0,60.0,1.0,385,Churned
16974.0,2,70,365.5,35.0,1.4634146341463414,522,Churned
16975.0,3,586,926.12,195.33333333333334,1.0975609756097562,422,Churned
16976.0,1,88,251.51999999999998,88.0,1.0,266,Churned
16977.0,4,142,496.0,35.5,0.5084745762711864,394,Churned
16978.0,3,285,768.88,95.0,0.1530612244897959,77,Active
16979.0,9,1451,2859.74,161.22222222222223,0.6053811659192825,3,Active
16980.0,3,990,1422.83,330.0,0.5202312138728323,254,Churned
16982.0,1,182,384.06,182.0,1.0,60,Active
16983.0,11,2315,3490.53,210.45454545454547,0.7621247113163973,12,Active
16984.0,9,5127,10350.53,569.6666666666666,0.488245931283906,87,Active
16985.0,23,3103,10923.16,134.91304347826087,0.9704641350210971,16,Active
16986.0,11,2539,4888.75,230.8181818181818,0.5132192846034215,29,Active
16987.0,11,671,2521.4,61.0,0.449591280653951,2,Active
16988.0,2,158,382.67,79.0,0.16042780748663102,4,Active
16989.0,6,1233,1133.25,205.5,1.2587412587412588,6,Active
16990.0,2,200,344.0,100.0,0.2955665024630542,218,Churned
16991.0,1,793,1041.21,793.0,1.0,420,Churned
16992.0,13,2061,5476.5,158.53846153846155,0.5954198473282443,10,Active
16993.0,2,285,1950.9499999999998,142.5,0.5357142857142857,463,Churned
16996.0,9,919,2123.61,102.11111111111111,0.6976744186046512,29,Active
16997.0,3,360,702.0,120.0,2.4324324324324325,287,Churned
16998.0,5,104,402.0,20.8,0.5102040816326531,149,Churned
16999.0,2,294,484.82,147.0,1.2,22,Active
17000.0,2,305,406.3,152.5,2.0,395,Churned
17001.0,19,3782,6640.8,199.05263157894737,0.9149277688603532,0,Active
17002.0,7,1265,2571.55,180.71428571428572,0.3783783783783784,85,Active
17003.0,4,494,828.21,123.5,0.6818181818181819,401,Churned
17004.0,4,1233,2324.36,308.25,0.3183023872679045,45,Active
17005.0,2,691,622.36,345.5,0.5084745762711864,470,Churned
17006.0,8,572,1635.27,71.5,0.3755868544600939,4,Active
17007.0,7,717,1120.1,102.42857142857143,0.544041450777202,50,Active
17008.0,1,24,81.36,24.0,1.0,428,Churned
17009.0,1,336,242.06,336.0,1.0,550,Churned
17010.0,1,118,195.36,118.0,1.0,17,Active
17011.0,3,792,671.7,264.0,0.14492753623188406,29,Active
17012.0,1,251,360.61,251.0,1.0,724,Churned
17014.0,3,243,583.4300000000001,81.0,1.5517241379310345,7,Active
17015.0,3,1978,1838.61,659.3333333333334,0.5769230769230769,28,Active
17016.0,1,309,552.4,309.0,1.0,576,Churned
17017.0,29,9397,12576.99,324.0344827586207,1.1869031377899044,2,Active
17018.0,6,456,2287.7,76.0,0.25936599423631124,40,Active
17019.0,11,2396,3602.29,217.8181818181818,0.4545454545454546,10,Active
17020.0,2,860,935.62,430.0,0.5769230769230769,541,Churned
17021.0,6,992,1182.22,165.33333333333334,1.2328767123287672,441,Churned
17022.0,2,180,260.0,90.0,0.14962593516209477,30,Active
17023.0,3,530,800.1800000000001,176.66666666666666,0.3214285714285714,416,Churned
17024.0,3,69,95.85,23.0,0.8035714285714286,44,Active
17025.0,5,885,1349.67,177.0,0.25862068965517243,60,Active
17026.0,3,107,175.83,35.666666666666664,0.38961038961038963,184,Churned
17027.0,9,645,1310.63,71.66666666666667,0.4147465437788019,78,Active
17028.0,3,856,1593.83,285.3333333333333,0.6428571428571428,580,Churned
17029.0,7,1265,2137.3,180.71428571428572,0.37974683544303794,110,Churned
17030.0,1,146,146.87,146.0,1.0,63,Active
17031.0,6,1595,2773.85,265.8333333333333,0.31634446397188054,11,Active
17032.0,8,1667,2984.32,208.375,1.3259668508287292,547,Churned
17033.0,4,871,1332.79,217.75,0.3858520900321543,85,Active
17034.0,5,694,1276.42,138.8,0.30181086519114686,15,Active
17035.0,4,327,613.59,81.75,0.24439918533604887,245,Churned
17036.0,1,76,176.89999999999998,76.0,1.0,382,Churned
17037.0,1,656,1267.32,656.0,1.0,87,Active
17038.0,2,535,743.17,267.5,0.15625,29,Active
17039.0,1,689,1954.99,689.0,1.0,603,Churned
17040.0,2,189,463.25,94.5,0.14563106796116507,137,Churned
17041.0,6,1303,1655.2,217.16666666666666,0.31413612565445026,26,Active
17042.0,5,990,1036.58,198.0,0.6147540983606558,2,Active
17043.0,8,1616,2593.65,202.0,0.34383954154727797,31,Active
17044.0,12,5722,11962.300000000001,476.8333333333333,0.5091937765205092,24,Active
17045.0,5,294,827.6800000000001,58.8,0.4746835443037975,112,Churned
17046.0,5,1636,1906.07,327.2,0.32397408207343414,156,Churned
17047.0,6,1184,2289.23,197.33333333333334,0.2786377708978328,84,Active
17048.0,7,1068,2071.68,152.57142857142858,0.36713286713286714,117,Churned
17049.0,19,4273,9942.53,224.89473684210526,0.8864696734059098,2,Active
17050.0,11,2432,4648.59,221.0909090909091,0.5641025641025641,95,Churned
17051.0,4,507,706.49,126.75,0.27713625866050806,193,Churned
17052.0,1,251,399.09,251.0,1.0,27,Active
17053.0,1,122,498.48,122.0,1.0,130,Churned
17054.0,5,804,1356.33,160.8,0.6944444444444444,27,Active
17055.0,1,83,232.85000000000002,83.0,1.0,445,Churned
17056.0,1,26,128.60000000000002,26.0,1.0,737,Churned
17057.0,1,129,294.74,129.0,1.0,595,Churned
17058.0,3,592,1179.89,197.33333333333334,0.569620253164557,81,Active
17059.0,9,3107,4864.57,345.22222222222223,0.41411042944785276,29,Active
17060.0,1,216,234.24,216.0,1.0,265,Churned
17061.0,11,1526,5232.2300000000005,138.72727272727272,2.088607594936709,73,Active
17062.0,6,644,889.75,107.33333333333333,1.44,313,Churned
17063.0,13,1899,3638.53,146.07692307692307,0.5439330543933055,20,Active
17064.0,3,316,855.45,105.33333333333333,0.33582089552238803,58,Active
17065.0,2,82,194.7,41.0,2.0,637,Churned
17066.0,1,93,228.34,93.0,1.0,725,Churned
17067.0,3,322,454.54,107.33333333333333,3.0,724,Churned
17068.0,47,4351,8987.68,92.57446808510639,2.3190789473684212,11,Active
17069.0,14,3230,5517.2300000000005,230.71428571428572,0.5932203389830508,27,Active
17070.0,2,232,437.42,116.0,0.2027027027027027,113,Churned
17071.0,13,1934,3793.71,148.76923076923077,0.5945121951219512,27,Active
17072.0,1,212,273.35,212.0,1.0,624,Churned
17073.0,4,759,1446.09,189.75,1.3186813186813187,17,Active
17074.0,1,19,203.05,19.0,1.0,562,Churned
17075.0,10,785,2236.63,78.5,0.423728813559322,17,Active
17076.0,6,514,1242.75,85.66666666666667,0.2575107296137339,35,Active
17077.0,1,36,306.0,36.0,1.0,577,Churned
17078.0,2,788,378.2,394.0,2.0,35,Active
17079.0,1,24,118.80000000000001,24.0,1.0,77,Active
17080.0,7,569,957.53,81.28571428571429,0.41749502982107356,21,Active
17081.0,6,381,949.39,63.5,0.28616852146263916,24,Active
17082.0,6,2526,4732.03,421.0,0.26049204052098407,32,Active
17083.0,9,1955,4049.79,217.22222222222223,0.48300536672629696,108,Churned
17084.0,3,3178,5001.21,1059.3333333333333,0.24930747922437674,34,Active
17085.0,28,3583,7847.67,127.96428571428571,1.3770491803278688,122,Churned
17086.0,6,1859,2050.08,309.8333333333333,3.2142857142857144,6,Active
17087.0,1,113,221.53,113.0,1.0,737,Churned
17088.0,4,868,1991.01,217.0,0.5333333333333333,27,Active
17089.0,1,35,128.45,35.0,1.0,385,Churned
17090.0,13,1344,3080.1800000000003,103.38461538461539,0.7753479125248509,3,Active
17091.0,19,3732,7495.75,196.42105263157896,0.7916666666666666,2,Active
17092.0,11,3768,5511.41,342.54545454545456,0.528,49,Active
17093.0,1,114,235.88,114.0,1.0,592,Churned
17094.0,2,212,402.20000000000005,106.0,0.594059405940594,321,Churned
17095.0,7,1695,2572.25,242.14285714285714,0.29957203994293863,22,Active
17096.0,11,1559,3697.9300000000003,141.72727272727272,0.6111111111111112,14,Active
17097.0,9,582,1143.36,64.66666666666667,0.6308411214953271,1,Active
17098.0,3,125,591.07,41.666666666666664,0.5660377358490566,381,Churned
17099.0,1,317,582.17,317.0,1.0,532,Churned
17100.0,2,800,971.74,400.0,2.0,17,Active
17101.0,7,1175,2507.05,167.85714285714286,0.38961038961038963,9,Active
17102.0,1,2,25.5,2.0,1.0,261,Churned
17103.0,1,471,424.3,471.0,1.0,721,Churned
17104.0,1,149,474.03000000000003,149.0,1.0,423,Churned
17105.0,2,693,665.78,346.5,0.4081632653061224,158,Churned
17106.0,1,153,481.58000000000004,153.0,1.0,388,Churned
17107.0,10,7530,16052.72,753.0,0.4665629860031104,32,Active
17108.0,1,31,174.95,31.0,1.0,663,Churned
17109.0,8,788,1291.71,98.5,0.5128205128205129,28,Active
17110.0,3,136,499.9,45.333333333333336,0.2027027027027027,164,Churned
17111.0,2,581,459.58,290.5,0.15873015873015872,46,Active
17112.0,1,130,197.57,130.0,1.0,502,Churned
17113.0,6,913,2305.59,152.16666666666666,1.4634146341463417,573,Churned
17114.0,8,215,801.12,26.875,0.729483282674772,5,Active
17115.0,7,885,2761.4900000000002,126.42857142857143,0.2892561983471075,7,Active
17116.0,1,392,389.78,392.0,1.0,647,Churned
17117.0,1,68,116.19999999999999,68.0,1.0,287,Churned
17118.0,1,154,157.02,154.0,1.0,317,Churned
17119.0,2,334,606.91,167.0,1.0714285714285714,2,Active
17120.0,1,120,307.46,120.0,1.0,232,Churned
17121.0,1,106,314.74,106.0,1.0,402,Churned
17122.0,4,368,570.5,92.0,0.31578947368421056,118,Churned
17123.0,3,676,977.17,225.33333333333334,0.21951219512195122,161,Churned
17124.0,1,129,294.24,129.0,1.0,184,Churned
17125.0,1,281,230.5,281.0,1.0,49,Active
17126.0,9,1426,2016.43,158.44444444444446,0.8626198083067093,151,Churned
17127.0,5,340,1155.0300000000002,68.0,0.4901960784313726,428,Churned
17128.0,1,76,157.09,76.0,1.0,334,Churned
17129.0,1,5,31.85,5.0,1.0,519,Churned
17131.0,5,983,2463.17,196.6,2.142857142857143,4,Active
17132.0,2,963,1220.91,481.5,1.6666666666666667,451,Churned
17133.0,12,10107,14622.33,842.25,0.5882352941176471,15,Active
17134.0,3,144,625.3,48.0,0.26865671641791045,106,Churned
17135.0,10,1686,1722.18,168.6,0.5328596802841918,15,Active
17136.0,1,256,231.68,256.0,1.0,661,Churned
17137.0,6,680,1099.81,113.33333333333333,0.6896551724137931,415,Churned
17138.0,7,2024,4417.27,289.14285714285717,0.5289672544080605,275,Churned
17139.0,25,9853,19566.76,394.12,1.1013215859030838,15,Active
17140.0,1,296,454.12,296.0,1.0,246,Churned
17141.0,4,423,727.58,105.75,0.45112781954887216,417,Churned
17142.0,4,322,1275.25,80.5,0.2696629213483146,238,Churned
17143.0,2,314,880.97,157.0,0.6122448979591837,416,Churned
17144.0,2,483,984.57,241.5,0.7228915662650602,0,Active
17145.0,4,2591,3120.91,647.75,0.8275862068965518,512,Churned
17146.0,13,2188,5852.64,168.30769230769232,0.6842105263157895,105,Churned
17147.0,9,1308,3199.95,145.33333333333334,0.4,22,Active
17148.0,1,82,124.88,82.0,1.0,51,Active
17149.0,1,18,143.10000000000002,18.0,1.0,450,Churned
17150.0,6,397,1357.95,66.16666666666667,0.5042016806722689,376,Churned
17151.0,1,42,231.90000000000003,42.0,1.0,734,Churned
17152.0,4,577,2016.5,144.25,0.5217391304347826,194,Churned
17153.0,1,104,213.78,104.0,1.0,23,Active
17154.0,1,490,329.34,490.0,1.0,74,Active
17155.0,7,987,892.46,141.0,0.29207232267037553,17,Active
17156.0,1,391,591.87,391.0,1.0,491,Churned
17157.0,19,2092,5151.900000000001,110.10526315789474,0.7840440165061898,7,Active
17158.0,5,1147,1980.0,229.4,0.24630541871921183,31,Active
17159.0,5,1348,2099.59,269.6,0.24077046548956663,21,Active
17160.0,17,8390,10209.16,493.52941176470586,0.7244318181818182,30,Active
17161.0,1,537,856.01,537.0,1.0,443,Churned
17162.0,10,1001,1715.46,100.1,1.0869565217391306,28,Active
17163.0,4,531,699.78,132.75,0.18376722817764166,21,Active
17164.0,7,1501,2467.35,214.42857142857142,0.875,32,Active
17165.0,6,788,1794.32,131.33333333333334,0.4054054054054054,283,Churned
17166.0,2,78,206.34,39.0,0.36363636363636365,38,Active
17167.0,3,429,867.11,143.0,1.3846153846153848,379,Churned
17168.0,1,220,400.2,220.0,1.0,498,Churned
17169.0,3,671,1156.73,223.66666666666666,0.1730769230769231,57,Active
17170.0,2,152,178.68,76.0,2.0,373,Churned
17171.0,2,225,384.59,112.5,0.16129032258064516,288,Churned
17172.0,3,1215,956.5699999999999,405.0,0.1391035548686244,78,Active
17173.0,8,1122,3766.6,140.25,1.92,4,Active
17174.0,1,41,59.9,41.0,1.0,217,Churned
17175.0,4,866,1443.69,216.5,0.47619047619047616,43,Active
17176.0,3,576,902.3199999999999,192.0,0.18947368421052632,201,Churned
17177.0,1,40,119.5,40.0,1.0,504,Churned
17178.0,1,100,432.96000000000004,100.0,1.0,730,Churned
17179.0,6,625,1507.26,104.16666666666667,0.46875,177,Churned
17180.0,11,1809,2236.77,164.45454545454547,0.5238095238095238,55,Active
17181.0,3,268,309.85,89.33333333333333,0.16728624535315986,56,Active
17182.0,2,54,321.3,27.0,0.20338983050847456,422,Churned
17183.0,6,1296,3347.31,216.0,1.8556701030927836,7,Active
17184.0,2,73,198.41000000000003,36.5,0.3726708074534162,568,Churned
17185.0,3,119,229.46,39.666666666666664,3.0,591,Churned
17186.0,2,200,144.0,100.0,2.0,46,Active
17187.0,2,426,467.71,213.0,0.20066889632107024,226,Churned
17188.0,13,2569,4592.93,197.6153846153846,0.5424200278164117,10,Active
17189.0,5,601,953.63,120.2,0.23771790808240886,105,Churned
17190.0,7,2218,1726.57,316.85714285714283,0.358974358974359,58,Active
17191.0,15,2208,4310.34,147.2,0.6338028169014084,27,Active
17192.0,1,45,75.28,45.0,1.0,535,Churned
17193.0,9,1668,2310.04,185.33333333333334,0.38461538461538464,35,Active
17194.0,3,420,812.5,140.0,0.3515625,273,Churned
17195.0,1,486,562.98,486.0,1.0,654,Churned
17196.0,1,154,327.75,154.0,1.0,427,Churned
17197.0,1,191,1013.01,191.0,1.0,29,Active
17198.0,3,357,692.22,119.0,0.25936599423631124,23,Active
17199.0,1,232,135.04000000000002,232.0,1.0,581,Churned
17200.0,4,367,356.71,91.75,0.45454545454545453,386,Churned
17201.0,4,1004,1143.1,251.0,0.19575856443719414,53,Active
17202.0,1,55,160.65,55.0,1.0,420,Churned
17203.0,10,4597,5564.09,459.7,0.8522727272727273,35,Active
17204.0,9,2651,5504.6900000000005,294.55555555555554,0.7258064516129032,174,Churned
17205.0,3,2214,999.35,738.0,0.17647058823529413,53,Active
17206.0,1,76,204.24,76.0,1.0,52,Active
17207.0,1,233,292.62,233.0,1.0,651,Churned
17208.0,1,101,111.15,101.0,1.0,395,Churned
17209.0,3,723,595.7,241.0,1.0344827586206897,648,Churned
17210.0,1,242,251.72,242.0,1.0,392,Churned
17211.0,13,2141,3773.35,164.69230769230768,0.5579399141630901,26,Active
17212.0,3,727,794.41,242.33333333333334,0.38626609442060084,252,Churned
17213.0,13,2087,4869.400000000001,160.53846153846155,0.5701754385964912,39,Active
17214.0,6,272,1059.1200000000001,45.333333333333336,0.6040268456375839,59,Active
17215.0,1,104,186.15,104.0,1.0,463,Churned
17216.0,1,21,63.6,21.0,1.0,553,Churned
17217.0,2,93,210.1,46.5,0.15584415584415584,233,Churned
17218.0,18,2066,3891.39,114.77777777777777,0.7964601769911503,3,Active
17219.0,2,188,259.13,94.0,0.15625,31,Active
17220.0,21,2663,4457.31,126.80952380952381,0.9487951807228916,23,Active
17221.0,5,713,976.62,142.6,0.25041736227045075,6,Active
17222.0,6,857,1579.51,142.83333333333334,0.2848101265822785,64,Active
17223.0,3,155,558.04,51.666666666666664,1.40625,309,Churned
17224.0,1,65,100.86000000000001,65.0,1.0,500,Churned
17225.0,1,36,131.15,36.0,1.0,581,Churned
17226.0,3,853,895.47,284.3333333333333,0.25280898876404495,308,Churned
17227.0,12,1681,1878.93,140.08333333333334,0.5341246290801187,18,Active
17228.0,13,2354,2820.03,181.07692307692307,0.6280193236714976,15,Active
17229.0,2,185,318.76,92.5,1.3043478260869565,95,Churned
17230.0,18,3753,9388.49,208.5,1.1563169164882228,263,Churned
17231.0,25,3681,7064.8,147.24,1.0431154381084842,11,Active
17232.0,2,202,417.77,101.0,2.0,2,Active
17233.0,3,298,560.86,99.33333333333333,0.13062409288824384,34,Active
17234.0,1,55,149.89,55.0,1.0,182,Churned
17235.0,8,845,1562.98,105.625,0.4554079696394687,24,Active
17236.0,12,804,1929.26,67.0,0.5723370429252783,12,Active
17237.0,4,414,994.13,103.5,0.3243243243243243,10,Active
17238.0,32,3555,7331.67,111.09375,1.3043478260869565,2,Active
17239.0,4,515,1189.45,128.75,0.5633802816901409,312,Churned
17240.0,1,108,130.6,108.0,1.0,595,Churned
17241.0,12,859,2736.64,71.58333333333333,1.3043478260869565,384,Churned
17242.0,5,1459,2889.2799999999997,291.8,0.2604166666666667,107,Churned
17243.0,69,7932,20203.58,114.95652173913044,2.8125,0,Active
17244.0,5,1419,1826.04,283.8,0.22058823529411764,52,Active
17245.0,2,307,371.63,153.5,0.12396694214876033,204,Churned
17246.0,2,36,38.92,18.0,0.31413612565445026,546,Churned
17247.0,1,105,280.09000000000003,105.0,1.0,14,Active
17248.0,2,276,500.54,138.0,0.16620498614958448,119,Churned
17249.0,1,79,68.03,79.0,1.0,428,Churned
17250.0,2,167,381.97,83.5,0.23346303501945526,3,Active
17251.0,3,377,798.98,125.66666666666667,0.24861878453038674,362,Churned
17252.0,2,192,348.90999999999997,96.0,0.8695652173913044,116,Churned
17253.0,1,43,178.26,43.0,1.0,17,Active
17254.0,3,397,469.48,132.33333333333334,0.2272727272727273,4,Active
17255.0,4,583,781.7,145.75,0.2962962962962963,40,Active
17256.0,5,299,498.93,59.8,0.30487804878048785,106,Churned
17257.0,2,187,189.78,93.5,2.0,435,Churned
17258.0,2,188,417.3,94.0,0.22388059701492538,396,Churned
17259.0,6,844,1452.39,140.66666666666666,0.3550295857988166,147,Churned
17260.0,1,23,120.95,23.0,1.0,410,Churned
17261.0,1,95,221.59,95.0,1.0,509,Churned
17262.0,11,635,2488.76,57.72727272727273,0.4910714285714286,51,Active
17263.0,1,36,63.440000000000005,36.0,1.0,207,Churned
17264.0,1,217,268.28,217.0,1.0,423,Churned
17265.0,2,389,550.01,194.5,1.4634146341463414,138,Churned
17266.0,5,243,501.72,48.6,0.23510971786833856,1,Active
17267.0,2,158,317.2,79.0,2.0,126,Churned
17268.0,11,1395,1733.8899999999999,126.81818181818181,0.5296950240770466,107,Churned
17269.0,1,314,491.81,314.0,1.0,385,Churned
17270.0,2,420,601.45,210.0,0.22900763358778628,468,Churned
17271.0,1,113,204.3,113.0,1.0,735,Churned
17272.0,4,1778,2148.63,444.5,0.5454545454545455,41,Active
17273.0,1,133,141.12,133.0,1.0,423,Churned
17274.0,2,271,573.22,135.5,0.16666666666666666,34,Active
17275.0,1,71,114.1,71.0,1.0,382,Churned
17276.0,1,187,502.49,187.0,1.0,401,Churned
17277.0,2,430,1065.3500000000001,215.0,0.6315789473684211,227,Churned
17278.0,2,195,271.24,97.5,0.18575851393188852,240,Churned
17279.0,1,48,187.82999999999998,48.0,1.0,57,Active
17280.0,1,74,118.86,74.0,1.0,437,Churned
17281.0,6,295,797.8499999999999,49.166666666666664,0.6020066889632107,373,Churned
17282.0,5,2332,2308.54,466.4,0.3588516746411483,129,Churned
17283.0,1,179,188.46,179.0,1.0,378,Churned
17284.0,8,2069,2788.06,258.625,0.625,59,Active
17285.0,2,134,407.94,67.0,1.7647058823529411,627,Churned
17286.0,3,368,389.18,122.66666666666667,0.2380952380952381,21,Active
17287.0,21,1955,3826.86,93.0952380952381,0.8873239436619718,25,Active
17288.0,11,1699,2468.43,154.45454545454547,0.8571428571428571,8,Active
17289.0,9,1237,2041.8,137.44444444444446,0.44334975369458124,31,Active
17290.0,8,1139,1487.96,142.375,0.33240997229916897,3,Active
17291.0,1,72,550.8000000000001,72.0,1.0,307,Churned
17292.0,2,131,271.75,65.5,0.5607476635514018,471,Churned
17293.0,17,2228,3750.63,131.05882352941177,0.7015130674002751,7,Active
17294.0,2,297,467.79,148.5,2.0,668,Churned
17295.0,3,293,547.0,97.66666666666667,2.571428571428571,28,Active
17296.0,1,216,338.13,216.0,1.0,729,Churned
17297.0,1,65,128.18,65.0,1.0,16,Active
17298.0,5,852,954.26,170.4,0.2777777777777778,100,Churned
17299.0,6,919,993.23,153.16666666666666,0.3837953091684435,11,Active
17300.0,2,467,393.64,233.5,0.6666666666666666,390,Churned
17301.0,2,216,294.39,108.0,0.09950248756218905,20,Active
17302.0,5,575,1135.63,115.0,0.5172413793103449,14,Active
17303.0,1,144,250.04,144.0,1.0,360,Churned
17304.0,1,73,111.5,73.0,1.0,533,Churned
17305.0,1,1006,2135.46,1006.0,1.0,648,Churned
17306.0,21,13747,9782.35,654.6190476190476,1.6030534351145038,10,Active
17307.0,11,3667,3999.8900000000003,333.3636363636364,1.1262798634812285,394,Churned
17308.0,2,5148,4511.76,2574.0,1.0169491525423728,392,Churned
17309.0,3,181,320.39,60.333333333333336,0.1559792027729636,94,Churned
17310.0,2,402,1025.1,201.0,0.4081632653061224,386,Churned
17311.0,6,2755,3566.56,459.1666666666667,0.30201342281879195,77,Active
17312.0,3,372,644.3,124.0,3.0,138,Churned
17313.0,1,1402,2328.84,1402.0,1.0,30,Active
17314.0,17,3663,4904.43,215.47058823529412,0.7172995780590717,24,Active
17315.0,43,5088,9599.58,118.32558139534883,2.958715596330275,1,Active
17316.0,1,44,124.45,44.0,1.0,419,Churned
17317.0,3,1146,2600.34,382.0,2.0930232558139537,45,Active
17318.0,1,59,157.32999999999998,59.0,1.0,724,Churned
17319.0,1,14,29.099999999999998,14.0,1.0,668,Churned
17320.0,6,1182,2444.85,197.0,0.3071672354948805,99,Churned
17321.0,6,790,1665.21,131.66666666666666,0.31634446397188054,7,Active
17322.0,5,631,922.59,126.2,0.4166666666666667,375,Churned
17323.0,12,1426,1551.04,118.83333333333333,0.527086383601757,14,Active
17324.0,12,1485,2171.07,123.75,0.5120910384068279,17,Active
17325.0,3,465,609.5699999999999,155.0,0.24930747922437674,279,Churned
17326.0,2,136,312.35,68.0,0.49586776859504134,407,Churned
17327.0,2,59,152.35,29.5,0.39473684210526316,409,Churned
17328.0,1,86,104.7,86.0,1.0,672,Churned
17329.0,5,430,998.53,86.0,0.20804438280166435,13,Active
17330.0,4,122,423.8,30.5,0.1923076923076923,22,Active
17331.0,1,16,175.2,16.0,1.0,123,Churned
17332.0,5,794,838.27,158.8,1.171875,527,Churned
17333.0,1,375,494.25,375.0,1.0,85,Active
17334.0,3,566,635.15,188.66666666666666,0.8653846153846153,301,Churned
17335.0,2,210,497.04,105.0,0.2,383,Churned
17336.0,1,48,81.12,48.0,1.0,471,Churned
17337.0,4,1247,1981.06,311.75,0.759493670886076,150,Churned
17338.0,17,5780,11889.33,340.0,0.821256038647343,16,Active
17339.0,3,172,302.36,57.333333333333336,0.21686746987951808,93,Churned
17340.0,18,9497,19617.95,527.6111111111111,0.8530805687203791,29,Active
17341.0,5,831,1272.21,166.2,0.39164490861618795,156,Churned
17342.0,4,521,1227.54,130.25,0.4137931034482759,379,Churned
17343.0,6,454,1259.94,75.66666666666667,0.4736842105263158,354,Churned
17344.0,2,200,457.36,100.0,0.0879765395894428,45,Active
17345.0,10,2008,1586.63,200.8,0.41551246537396125,14,Active
17346.0,26,3439,4998.61,132.26923076923077,1.306532663316583,3,Active
17347.0,1,216,228.96,216.0,1.0,85,Active
17348.0,9,2766,2442.29,307.3333333333333,0.43269230769230765,14,Active
17349.0,5,772,772.41,154.4,0.33185840707964603,178,Churned
17350.0,7,1178,1893.701,168.28571428571428,0.31437125748503,7,Active
17351.0,12,383,1988.23,31.916666666666668,0.5194805194805194,35,Active
17352.0,1,15,36.25,15.0,1.0,695,Churned
17353.0,4,2168,3242.0,542.0,0.24242424242424243,128,Churned
17354.0,4,2531,3133.96,632.75,0.3183023872679045,50,Active
17355.0,1,249,273.31,249.0,1.0,385,Churned
17356.0,5,925,946.47,185.0,0.39893617021276595,311,Churned
17357.0,2,152,384.39,76.0,2.0,23,Active
17358.0,5,430,861.01,86.0,0.4285714285714286,302,Churned
17359.0,2,237,284.46,118.5,0.09433962264150944,10,Active
17360.0,6,624,1200.51,104.0,0.4316546762589928,16,Active
17361.0,5,380,871.7900000000001,76.0,0.23923444976076558,48,Active
17362.0,7,549,1024.04,78.42857142857143,0.4535637149028078,238,Churned
17363.0,3,499,920.46,166.33333333333334,3.0,394,Churned
17364.0,28,7464,11972.92,266.57142857142856,1.149110807113543,0,Active
17365.0,15,8015,8184.49,534.3333333333334,0.677710843373494,12,Active
17366.0,2,504,1077.24,252.0,2.0,431,Churned
17367.0,1,149,167.55,149.0,1.0,237,Churned
17368.0,14,2319,2758.29,165.64285714285714,0.6,22,Active
17369.0,1,1152,979.2,1152.0,1.0,455,Churned
17370.0,4,540,446.18,135.0,1.25,72,Active
17371.0,6,281,655.37,46.833333333333336,0.25210084033613445,16,Active
17372.0,28,1863,4347.31,66.53571428571429,1.20863309352518,40,Active
17373.0,7,738,1167.5,105.42857142857143,0.3448275862068965,39,Active
17374.0,3,155,727.11,51.666666666666664,0.5113636363636364,218,Churned
17375.0,4,480,660.55,120.0,0.5172413793103449,198,Churned
17376.0,4,244,453.64,61.0,0.26548672566371684,70,Active
17377.0,78,7335,17644.27,94.03846153846153,3.281907433380084,23,Active
17378.0,1,1,10.95,1.0,1.0,373,Churned
17379.0,1,623,389.71999999999997,623.0,1.0,10,Active
17380.0,3,252,645.0,84.0,0.8999999999999999,433,Churned
17381.0,38,42879,36398.65,1128.3947368421052,2.1150278293135436,8,Active
17382.0,8,457,902.28,57.125,0.47619047619047616,64,Active
17383.0,2,160,304.09000000000003,80.0,0.13363028953229397,3,Active
17384.0,3,121,507.55,40.333333333333336,0.20134228187919462,18,Active
17385.0,1,197,256.11,197.0,1.0,14,Active
17386.0,7,1955,2812.77,279.2857142857143,0.5570291777188329,7,Active
17387.0,2,522,746.81,261.0,2.0,19,Active
17388.0,11,2555,2675.37,232.27272727272728,0.5069124423963134,77,Active
17389.0,61,17880,57215.33,293.11475409836066,2.493188010899183,0,Active
17390.0,1,49,149.3,49.0,1.0,420,Churned
17391.0,2,480,508.8,240.0,2.0,163,Churned
17392.0,3,450,585.92,150.0,0.6293706293706294,306,Churned
17393.0,2,238,381.15000000000003,119.0,0.7792207792207791,410,Churned
17394.0,1,241,203.86999999999998,241.0,1.0,218,Churned
17395.0,1,66,97.5,66.0,1.0,507,Churned
17396.0,14,2313,8409.6,165.21428571428572,1.044776119402985,38,Active
17397.0,3,691,1198.28,230.33333333333334,0.2284263959390863,21,Active
17398.0,3,310,653.38,103.33333333333333,0.6428571428571428,114,Churned
17400.0,8,2185,4623.28,273.125,0.40336134453781514,125,Churned
17401.0,1,34,114.85,34.0,1.0,540,Churned
17402.0,23,1450,4635.5599999999995,63.04347826086956,0.9610027855153204,4,Active
17403.0,2,188,382.87,94.0,0.14492753623188406,35,Active
17404.0,23,50679,47781.12,2203.4347826086955,0.9899569583931133,3,Active
17405.0,3,726,1031.41,242.0,0.6040268456375839,0,Active
17406.0,13,1847,4186.95,142.07692307692307,0.975,332,Churned
17407.0,1,426,552.9,426.0,1.0,411,Churned
17408.0,3,163,316.09000000000003,54.333333333333336,0.2571428571428572,162,Churned
17409.0,10,4089,7793.51,408.9,0.5524861878453038,184,Churned
17410.0,5,616,1214.72,123.2,0.7537688442211055,15,Active
17411.0,5,608,1425.38,121.6,0.20718232044198895,11,Active
17412.0,16,2554,4220.22,159.625,0.6539509536784741,2,Active
17413.0,2,302,560.14,151.0,0.36363636363636365,404,Churned
17414.0,6,6256,2249.52,1042.6666666666667,0.26011560693641617,43,Active
17415.0,1,114,507.84,114.0,1.0,79,Active
17416.0,22,8769,17298.45,398.59090909090907,0.9496402877697842,29,Active
17417.0,1,76,164.18,76.0,1.0,548,Churned
17418.0,3,521,670.0600000000001,173.66666666666666,0.2616279069767442,41,Active
17419.0,18,2884,6126.25,160.22222222222223,0.8035714285714286,10,Active
17420.0,6,446,953.58,74.33333333333333,0.5128205128205129,49,Active
17421.0,3,807,1059.41,269.0,0.25787965616045844,385,Churned
17422.0,11,3538,3594.76,321.6363636363636,0.6370656370656371,15,Active
17423.0,3,790,1118.95,263.3333333333333,0.25936599423631124,45,Active
17425.0,2,407,759.17,203.5,1.4634146341463414,18,Active
17426.0,13,5187,8077.77,399.0,0.598159509202454,7,Active
17427.0,1,34,100.8,34.0,1.0,71,Active
17428.0,45,17356,31466.760000000002,385.68888888888887,1.8317503392130259,0,Active
17429.0,5,1286,1357.46,257.2,0.4983388704318937,127,Churned
17430.0,4,455,622.57,113.75,0.26905829596412556,32,Active
17431.0,1,292,403.3,292.0,1.0,312,Churned
17432.0,9,1008,1728.99,112.0,0.3765690376569038,17,Active
17433.0,2,305,569.96,152.5,0.20202020202020202,87,Active
17434.0,7,1693,2373.82,241.85714285714286,2.5609756097560976,1,Active
17435.0,1,195,331.35,195.0,1.0,410,Churned
17436.0,5,178,534.0600000000001,35.6,0.20547945205479454,1,Active
17437.0,1,283,369.68,283.0,1.0,529,Churned
17438.0,5,553,1422.77,110.6,0.38759689922480617,253,Churned
17439.0,1,370,325.74,370.0,1.0,655,Churned
17440.0,4,282,323.58,70.5,0.30612244897959184,156,Churned
17441.0,1,245,293.35,245.0,1.0,731,Churned
17442.0,15,3134,4620.3,208.93333333333334,0.7200000000000001,36,Active
17443.0,1,504,534.24,504.0,1.0,219,Churned
17444.0,3,2119,2940.04,706.3333333333334,3.0,147,Churned
17446.0,2,198,120.89999999999999,99.0,0.45112781954887216,176,Churned
17447.0,2,443,541.53,221.5,1.9354838709677418,39,Active
17448.0,46,11534,14523.67,250.7391304347826,9.387755102040815,496,Churned
17449.0,13,2483,4868.15,191.0,0.5357142857142857,1,Active
17450.0,51,83914,244784.25,1645.3725490196077,3.5664335664335662,7,Active
17451.0,7,1203,1721.4,171.85714285714286,2.019230769230769,0,Active
17453.0,2,219,486.71999999999997,109.5,1.3043478260869565,17,Active
17454.0,10,727,1547.94,72.7,0.6,191,Churned
17455.0,1,66,131.7,66.0,1.0,203,Churned
17456.0,2,508,975.5600000000001,254.0,0.6666666666666666,364,Churned
17457.0,14,2695,5984.81,192.5,0.6942148760330578,126,Churned
17458.0,2,282,529.58,141.0,0.1639344262295082,14,Active
17459.0,2,537,657.3,268.5,2.0,42,Active
17460.0,16,954,2157.9700000000003,59.625,0.8108108108108107,93,Churned
17461.0,3,770,735.82,256.6666666666667,3.0,22,Active
17462.0,2,227,675.69,113.5,0.26905829596412556,59,Active
17463.0,7,1480,2535.26,211.42857142857142,0.36713286713286714,15,Active
17464.0,3,608,907.1400000000001,202.66666666666666,0.19522776572668113,157,Churned
17465.0,7,1477,2542.79,211.0,0.6774193548387096,425,Churned
17466.0,2,306,763.28,153.0,0.8823529411764706,9,Active
17467.0,1,20,102.6,20.0,1.0,394,Churned
17468.0,3,184,194.8,61.333333333333336,0.24725274725274726,9,Active
17469.0,17,2304,5051.25,135.52941176470588,0.7223796033994334,15,Active
17470.0,11,2731,2626.47,248.27272727272728,0.712742980561555,44,Active
17471.0,1,153,321.65000000000003,153.0,1.0,474,Churned
17472.0,4,551,922.35,137.75,0.2745995423340961,190,Churned
17473.0,2,270,607.0,135.0,1.2765957446808511,408,Churned
17474.0,1,200,1047.0,200.0,1.0,599,Churned
17475.0,1,178,194.37,178.0,1.0,78,Active
17476.0,2,224,489.86,112.0,0.1759530791788856,395,Churned
17477.0,2,225,1144.3,112.5,1.7647058823529411,612,Churned
17478.0,2,516,1272.8000000000002,258.0,0.26666666666666666,407,Churned
17479.0,1,266,389.26,266.0,1.0,632,Churned
17480.0,2,581,882.23,290.5,0.1639344262295082,77,Active
17481.0,4,1061,1255.59,265.25,1.3333333333333333,3,Active
17482.0,2,240,775.64,120.0,0.6593406593406593,486,Churned
17483.0,4,265,591.73,66.25,0.34383954154727797,64,Active
17484.0,2,339,209.57,169.5,1.2765957446808511,575,Churned
17486.0,1,191,396.87,191.0,1.0,260,Churned
17487.0,1,37,160.55,37.0,1.0,727,Churned
17488.0,1,136,336.5,136.0,1.0,640,Churned
17489.0,2,428,376.64,214.0,0.3921568627450981,58,Active
17490.0,9,1531,2750.5,170.11111111111111,0.4753521126760563,0,Active
17491.0,17,3362,5653.67,197.76470588235293,0.8658743633276741,0,Active
17492.0,3,450,1122.42,150.0,0.3333333333333333,247,Churned
17493.0,1,62,100.91,62.0,1.0,384,Churned
17494.0,1,26,54.699999999999996,26.0,1.0,501,Churned
17495.0,3,367,806.72,122.33333333333333,0.23498694516971277,7,Active
17496.0,4,675,1412.89,168.75,0.35820895522388063,358,Churned
17497.0,2,59,287.25,29.5,0.27272727272727276,389,Churned
17498.0,1,394,272.21999999999997,394.0,1.0,75,Active
17499.0,2,1086,1341.3899999999999,543.0,0.22140221402214022,289,Churned
17500.0,3,17,1138.0,5.666666666666667,3.0,16,Active
17501.0,2,160,288.6,80.0,2.0,220,Churned
17502.0,4,376,689.1,94.0,4.0,8,Active
17503.0,2,486,558.96,243.0,1.7142857142857142,2,Active
17504.0,18,5420,9490.17,301.1111111111111,1.1663066954643628,205,Churned
17505.0,5,1242,2435.48,248.4,0.3386004514672686,161,Churned
17506.0,1,139,302.2,139.0,1.0,75,Active
17507.0,2,359,605.58,179.5,1.2765957446808511,261,Churned
17508.0,8,2891,4579.23,361.375,0.532150776053215,280,Churned
17509.0,8,3512,6083.64,439.0,8.0,57,Active
17510.0,2,422,514.56,211.0,0.1518987341772152,24,Active
17511.0,60,117174,172132.87,1952.9,2.452316076294278,2,Active
17512.0,18,5434,5467.820000000001,301.8888888888889,0.7714285714285715,28,Active
17513.0,3,440,1158.8,146.66666666666666,0.22113022113022113,71,Active
17514.0,2,284,522.0,142.0,0.11090573012939,127,Churned
17515.0,9,527,1602.51,58.55555555555556,0.5202312138728323,30,Active
17516.0,6,522,947.5,87.0,0.49586776859504134,14,Active
17517.0,1,102,153.94,102.0,1.0,308,Churned
17518.0,2,267,329.42,133.5,0.3076923076923077,425,Churned
17519.0,15,3230,4774.17,215.33333333333334,0.624133148404993,16,Active
17520.0,1,365,546.81,365.0,1.0,53,Active
17521.0,5,806,1278.06,161.2,0.3712871287128713,29,Active
17522.0,5,1034,1070.71,206.8,0.6944444444444444,1,Active
17523.0,4,872,652.74,218.0,4.0,10,Active
17524.0,3,362,539.14,120.66666666666667,1.1842105263157896,360,Churned
17525.0,3,338,1161.9,112.66666666666667,1.3043478260869565,359,Churned
17526.0,12,1442,3939.24,120.16666666666667,0.502092050209205,4,Active
17527.0,4,488,939.37,122.0,0.7317073170731707,53,Active
17528.0,8,2138,3628.5,267.25,3.4285714285714284,0,Active
17529.0,2,790,1240.25,395.0,0.6896551724137931,609,Churned
17530.0,12,1741,2791.69,145.08333333333334,0.49180327868852464,0,Active
17531.0,3,472,1266.82,157.33333333333334,0.2102803738317757,189,Churned
17532.0,1,30,65.34,30.0,1.0,385,Churned
17533.0,1,24,34.8,24.0,1.0,434,Churned
17534.0,5,860,1668.83,172.0,0.2508361204013378,53,Active
17535.0,1,136,164.4,136.0,1.0,279,Churned
17536.0,3,201,364.83,67.0,0.17821782178217824,176,Churned
17537.0,2,699,887.67,349.5,0.21978021978021978,29,Active
17538.0,1,134,98.42,134.0,1.0,25,Active
17539.0,4,708,1176.84,177.0,1.1111111111111112,617,Churned
17540.0,6,588,1590.6000000000001,98.0,0.31304347826086953,24,Active
17541.0,1,44,119.86,44.0,1.0,509,Churned
17542.0,3,323,340.85,107.66666666666667,0.2425876010781671,269,Churned
17543.0,1,62,120.05,62.0,1.0,549,Churned
17544.0,3,410,944.82,136.66666666666666,3.0,389,Churned
17545.0,6,682,1409.86,113.66666666666667,0.33707865168539325,42,Active
17547.0,2,223,727.85,111.5,0.20761245674740486,375,Churned
17548.0,4,494,731.26,123.5,0.7407407407407407,233,Churned
17549.0,2,210,148.86,105.0,2.0,23,Active
17550.0,9,968,2506.64,107.55555555555556,0.5720338983050848,196,Churned
17551.0,1,142,290.34,142.0,1.0,358,Churned
17552.0,12,1951,2786.77,162.58333333333334,0.634920634920635,59,Active
17553.0,4,2288,3757.6,572.0,0.24948024948024947,129,Churned
17554.0,5,1763,1952.45,352.6,1.0273972602739727,0,Active
17555.0,5,739,1045.74,147.8,0.26501766784452296,19,Active
17556.0,2,184,300.67,92.0,0.3468208092485549,205,Churned
17557.0,4,310,575.46,77.5,0.1671309192200557,13,Active
17558.0,1,54,259.17,54.0,1.0,392,Churned
17559.0,1,270,167.62,270.0,1.0,512,Churned
17560.0,8,1588,1895.8,198.5,0.42477876106194695,94,Churned
17561.0,4,381,703.02,95.25,0.16830294530154277,18,Active
17562.0,7,817,1122.38,116.71428571428571,1.3207547169811322,13,Active
17563.0,2,256,392.38,128.0,1.8181818181818181,577,Churned
17564.0,3,146,454.01,48.666666666666664,1.6363636363636365,23,Active
17565.0,1,67,131.83,67.0,1.0,586,Churned
17566.0,2,497,869.77,248.5,2.0,7,Active
17567.0,9,2908,4838.08,323.1111111111111,0.6221198156682027,6,Active
17568.0,1,275,374.45,275.0,1.0,632,Churned
17569.0,1,159,344.14,159.0,1.0,331,Churned
17570.0,1,1,100.0,1.0,1.0,381,Churned
17571.0,5,991,1630.91,198.2,0.30487804878048785,49,Active
17572.0,10,327,652.21,32.7,0.45941807044410415,70,Active
17573.0,3,308,380.6,102.66666666666667,1.40625,28,Active
17574.0,1,77,185.65,77.0,1.0,242,Churned
17575.0,1,72,171.7,72.0,1.0,666,Churned
17576.0,41,4583,8711.95,111.78048780487805,1.6895604395604396,7,Active
17577.0,2,179,348.75,89.5,2.0,644,Churned
17578.0,7,529,1047.33,75.57142857142857,0.67524115755627,217,Churned
17579.0,4,375,753.28,93.75,0.20942408376963348,4,Active
17580.0,5,223,541.02,44.6,0.8875739644970414,252,Churned
17581.0,43,9519,17951.17,221.37209302325581,1.7551020408163265,0,Active
17582.0,5,603,1446.95,120.6,0.38759689922480617,235,Churned
17583.0,1,55,135.95,55.0,1.0,559,Churned
17584.0,6,2464,5309.42,410.6666666666667,0.2662721893491124,6,Active
17585.0,7,2510,2064.71,358.57142857142856,0.5706521739130435,108,Churned
17586.0,1,68,167.4,68.0,1.0,618,Churned
17587.0,1,67,176.71,67.0,1.0,627,Churned
17588.0,7,1379,2939.55,197.0,0.3910614525139665,99,Churned
17589.0,18,8704,13837.94,483.55555555555554,0.9278350515463918,59,Active
17590.0,3,822,1468.02,274.0,2.4324324324324325,1,Active
17591.0,8,1028,2339.32,128.5,0.3889789303079417,72,Active
17592.0,1,38,148.3,38.0,1.0,738,Churned
17593.0,11,5595,8092.32,508.6363636363636,0.4514363885088919,3,Active
17594.0,4,1368,2497.88,342.0,0.23121387283236994,84,Active
17595.0,2,228,386.69,114.0,2.0,11,Active
17596.0,13,7010,4491.46,539.2307692307693,0.5563480741797432,22,Active
17597.0,5,2215,3484.09,443.0,0.4065040650406504,213,Churned
17598.0,1,126,409.98,126.0,1.0,380,Churned
17599.0,1,11,52.05,11.0,1.0,477,Churned
17600.0,1,144,161.67000000000002,144.0,1.0,17,Active
17601.0,2,295,413.08,147.5,0.425531914893617,238,Churned
17602.0,14,5880,7354.43,420.0,0.6818181818181818,1,Active
17603.0,4,638,1788.38,159.5,0.18433179723502305,77,Active
17604.0,6,614,942.38,102.33333333333333,0.3879310344827586,216,Churned
17605.0,1,71,160.75,71.0,1.0,589,Churned
17606.0,1,42,87.30000000000001,42.0,1.0,736,Churned
17607.0,1,269,333.81,269.0,1.0,375,Churned
17608.0,4,528,488.06,132.0,0.20942408376963348,32,Active
17609.0,11,1321,1887.8999999999999,120.0909090909091,0.5809859154929577,40,Active
17610.0,5,893,1511.94,178.6,0.7772020725388601,539,Churned
17611.0,28,5341,8337.53,190.75,1.149110807113543,6,Active
17612.0,18,3521,5394.86,195.61111111111111,0.8071748878923767,52,Active
17613.0,14,2490,4544.55,177.85714285714286,1.4893617021276595,22,Active
17614.0,1,235,386.32,235.0,1.0,56,Active
17615.0,6,378,721.8,63.0,0.5070422535211268,129,Churned
17616.0,4,288,734.4,72.0,0.43321299638989175,173,Churned
17617.0,1,249,385.19,249.0,1.0,558,Churned
17618.0,11,1798,4001.64,163.45454545454547,0.48600883652430044,5,Active
17619.0,1,124,214.37,124.0,1.0,311,Churned
17620.0,1,60,81.44,60.0,1.0,59,Active
17621.0,6,1110,3175.12,185.0,0.43902439024390244,20,Active
17622.0,2,379,1130.21,189.5,2.0,597,Churned
17623.0,7,799,2365.77,114.14285714285714,0.30346820809248554,32,Active
17624.0,4,958,1568.63,239.5,0.17045454545454547,14,Active
17625.0,8,3505,5978.9,438.125,0.3399433427762039,17,Active
17626.0,1,202,254.0,202.0,1.0,602,Churned
17627.0,1,676,296.36,676.0,1.0,478,Churned
17628.0,1,79,75.75,79.0,1.0,80,Active
17629.0,10,1903,2455.52,190.3,0.7228915662650602,5,Active
17630.0,2,158,503.59999999999997,79.0,0.9677419354838709,169,Churned
17631.0,7,591,998.49,84.42857142857143,0.2884615384615385,1,Active
17633.0,7,899,2057.39,128.42857142857142,0.5882352941176471,30,Active
17634.0,9,838,2358.59,93.11111111111111,0.8970099667774086,35,Active
17635.0,3,770,1265.58,256.6666666666667,0.5421686746987951,423,Churned
17636.0,1,182,285.56,182.0,1.0,18,Active
17637.0,2,280,547.0600000000001,140.0,0.7228915662650602,30,Active
17638.0,2,432,842.4,216.0,0.8108108108108107,646,Churned
17639.0,6,576,615.17,96.0,0.8695652173913043,275,Churned
17640.0,6,1692,3168.94,282.0,0.33395176252319114,86,Active
17642.0,5,1475,1824.49,295.0,0.244299674267101,119,Churned
17643.0,2,226,439.7,113.0,0.45454545454545453,372,Churned
17644.0,20,3469,6028.6,173.45,0.9090909090909091,0,Active
17646.0,12,1308,3898.79,109.0,0.7142857142857143,218,Churned
17647.0,3,82,331.65999999999997,27.333333333333332,0.1490066225165563,64,Active
17648.0,5,954,2216.37,190.8,0.4629629629629629,60,Active
17649.0,3,723,1578.89,241.0,0.2694610778443114,137,Churned
17650.0,1,150,166.07999999999998,150.0,1.0,20,Active
17651.0,16,4086,5703.5199999999995,255.375,0.933852140077821,11,Active
17652.0,12,2509,4867.72,209.08333333333334,1.411764705882353,24,Active
17653.0,4,1409,1207.56,352.25,1.4457831325301205,36,Active
17654.0,1,41,117.55,41.0,1.0,276,Churned
17655.0,9,1268,2976.38,140.88888888888889,0.6650246305418719,10,Active
17656.0,5,1399,1674.69,279.8,2.7272727272727275,72,Active
17657.0,1,60,126.0,60.0,1.0,429,Churned
17658.0,2,616,595.42,308.0,0.3243243243243243,25,Active
17659.0,14,1752,3586.9900000000002,125.14285714285714,1.141304347826087,16,Active
17660.0,2,259,342.22,129.5,0.10084033613445378,140,Churned
17662.0,2,184,412.92,92.0,1.0,661,Churned
17663.0,17,2297,5175.83,135.11764705882354,0.8239095315024233,25,Active
17664.0,4,1058,1166.23,264.5,0.19966722129783693,18,Active
17665.0,1,690,563.1,690.0,1.0,492,Churned
17666.0,5,1552,2047.8,310.4,0.28680688336520077,3,Active
17667.0,9,2192,3950.7,243.55555555555554,0.4591836734693877,65,Active
17668.0,2,93,347.75,46.5,1.6666666666666667,0,Active
17669.0,10,3505,6142.35,350.5,0.5226480836236934,42,Active
17670.0,1,110,205.7,110.0,1.0,227,Churned
17671.0,5,987,2009.16,197.4,0.4166666666666667,15,Active
17672.0,7,2758,5778.63,394.0,0.3328050713153724,49,Active
17673.0,13,3284,4173.88,252.6153846153846,0.6210191082802548,1,Active
17674.0,2,672,551.04,336.0,0.2040816326530612,73,Active
17675.0,70,16180,37642.48,231.14285714285714,2.8846153846153846,0,Active
17676.0,10,1764,2448.64,176.4,0.4878048780487805,3,Active
17677.0,54,20921,35058.46,387.4259259259259,2.246879334257975,1,Active
17678.0,2,368,599.76,184.0,0.17699115044247787,263,Churned
17679.0,7,1755,3577.61,250.71428571428572,0.3074670571010249,52,Active
17680.0,3,155,497.45,51.666666666666664,0.18480492813141683,23,Active
17681.0,5,450,731.2,90.0,1.5625,596,Churned
17682.0,11,2281,4065.28,207.36363636363637,0.5229793977812995,9,Active
17683.0,3,781,819.01,260.3333333333333,0.5357142857142857,385,Churned
17684.0,1,145,239.41,145.0,1.0,43,Active
17685.0,12,3474,5454.95,289.5,0.5546995377503853,16,Active
17686.0,9,3583,8296.81,398.1111111111111,0.5133079847908745,6,Active
17687.0,1,210,432.68,210.0,1.0,420,Churned
17688.0,1,114,304.2,114.0,1.0,393,Churned
17689.0,2,300,317.08,150.0,0.7058823529411764,387,Churned
17690.0,20,2939,6963.8,146.95,0.9316770186335405,29,Active
17691.0,4,315,637.55,78.75,0.6382978723404256,357,Churned
17692.0,12,2338,2975.8,194.83333333333334,0.8716707021791767,126,Churned
17693.0,1,231,200.47,231.0,1.0,136,Churned
17694.0,3,1493,1695.97,497.6666666666667,0.21377672209026127,141,Churned
17695.0,5,1809,1746.04,361.8,0.27322404371584696,131,Churned
17696.0,27,5891,7679.59,218.1851851851852,1.173913043478261,37,Active
17697.0,1,93,338.95,93.0,1.0,235,Churned
17698.0,1,93,154.95,93.0,1.0,260,Churned
17699.0,2,208,442.0,104.0,0.7142857142857143,476,Churned
17700.0,14,3469,6679.97,247.78571428571428,0.5817174515235457,16,Active
17701.0,1,109,417.95,109.0,1.0,252,Churned
17702.0,6,2153,3144.04,358.8333333333333,0.48648648648648646,29,Active
17703.0,4,897,1094.84,224.25,0.31413612565445026,34,Active
17704.0,2,343,885.19,171.5,0.8450704225352113,168,Churned
17705.0,11,1301,2083.9,118.27272727272727,0.5759162303664921,2,Active
17706.0,31,7824,20272.15,252.38709677419354,1.3576642335766425,3,Active
17707.0,8,546,609.3,68.25,0.43875685557586835,184,Churned
17708.0,4,387,884.1800000000001,96.75,0.5106382978723405,187,Churned
17709.0,5,295,671.01,59.0,0.3464203233256351,169,Churned
17710.0,1,158,293.5,158.0,1.0,423,Churned
17711.0,2,246,385.1,123.0,0.2150537634408602,10,Active
17712.0,1,215,522.91,215.0,1.0,44,Active
17713.0,4,989,1198.09,247.25,0.7228915662650602,381,Churned
17714.0,5,608,1410.18,121.6,0.78125,320,Churned
17715.0,2,576,489.59999999999997,288.0,0.15306122448979592,200,Churned
17716.0,24,8819,15956.97,367.4583333333333,1.0084033613445378,22,Active
17717.0,1,344,376.92,344.0,1.0,420,Churned
17718.0,2,274,439.18,137.0,0.14563106796116507,231,Churned
17719.0,15,2466,5396.04,164.4,2.0737327188940093,37,Active
17720.0,10,1589,2666.91,158.9,0.5434782608695653,25,Active
17721.0,1,107,307.21000000000004,107.0,1.0,658,Churned
17722.0,5,2412,3520.2200000000003,482.4,0.5376344086021505,95,Churned
17723.0,7,912,3378.4000000000005,130.28571428571428,0.846774193548387,126,Churned
17724.0,3,300,1033.0,100.0,1.3432835820895521,70,Active
17725.0,11,2162,3439.08,196.54545454545453,1.3199999999999998,15,Active
17726.0,7,444,1092.06,63.42857142857143,0.7342657342657343,394,Churned
17727.0,1,645,1060.25,645.0,1.0,14,Active
17728.0,5,2146,4238.76,429.2,0.33407572383073497,3,Active
17729.0,1,247,438.65000000000003,247.0,1.0,595,Churned
17730.0,20,5300,7773.8,265.0,1.023890784982935,2,Active
17731.0,6,707,1708.99,117.83333333333333,0.30560271646859083,78,Active
17732.0,8,1058,2166.42,132.25,2.0869565217391304,372,Churned
17733.0,2,463,692.19,231.5,0.27027027027027023,38,Active
17734.0,6,741,1442.32,123.5,0.3061224489795918,53,Active
17735.0,26,10683,16790.33,410.88461538461536,1.5757575757575757,1,Active
17736.0,3,238,377.44,79.33333333333333,0.8653846153846153,8,Active
17737.0,2,108,168.24,54.0,1.2244897959183674,8,Active
17738.0,13,2776,4183.56,213.53846153846155,0.6382978723404256,18,Active
17739.0,18,2335,7730.59,129.72222222222223,0.75,11,Active
17740.0,6,222,426.90000000000003,37.0,0.5844155844155844,388,Churned
17741.0,2,114,101.1,57.0,0.3921568627450981,406,Churned
17742.0,11,653,2098.48,59.36363636363637,0.528,112,Churned
17743.0,1,96,229.2,96.0,1.0,447,Churned
17744.0,7,3826,2649.14,546.5714285714286,0.5570291777188329,3,Active
17745.0,2,164,600.34,82.0,0.7692307692307692,477,Churned
17746.0,4,688,904.1800000000001,172.0,0.3243243243243243,239,Churned
17747.0,1,12,71.4,12.0,1.0,112,Churned
17748.0,1,111,358.15,111.0,1.0,526,Churned
17749.0,3,446,1026.18,148.66666666666666,0.24456521739130432,177,Churned
17750.0,9,3747,1710.45,416.3333333333333,1.7088607594936709,4,Active
17751.0,1,147,157.85999999999999,147.0,1.0,420,Churned
17752.0,1,192,80.64,192.0,1.0,358,Churned
17753.0,4,124,382.06,31.0,0.5042016806722689,463,Churned
17754.0,13,4366,4451.22,335.84615384615387,0.5364511691884456,0,Active
17756.0,3,399,728.75,133.0,3.0,375,Churned
17757.0,56,5011,9074.05,89.48214285714286,2.4242424242424243,0,Active
17758.0,12,3199,4964.03,266.5833333333333,0.6557377049180327,18,Active
17759.0,5,965,1261.88,193.0,0.26501766784452296,16,Active
17760.0,6,531,746.39,88.5,0.28708133971291866,21,Active
17761.0,1,398,712.78,398.0,1.0,32,Active
17762.0,1,129,129.75,129.0,1.0,455,Churned
17763.0,4,41,86.15,10.25,0.3037974683544304,262,Churned
17764.0,5,674,1513.57,134.8,0.21897810218978103,50,Active
17765.0,4,195,524.0,48.75,0.4152249134948097,158,Churned
17766.0,2,155,299.61,77.5,2.0,380,Churned
17767.0,2,198,413.05,99.0,0.15228426395939088,14,Active
17768.0,7,2339,3292.73,334.14285714285717,0.28806584362139914,7,Active
17769.0,17,3157,7053.38,185.7058823529412,0.7544378698224852,12,Active
17770.0,5,365,1143.27,73.0,1.8072289156626506,198,Churned
17771.0,4,373,387.41,93.25,0.22556390977443608,56,Active
17772.0,3,113,360.75,37.666666666666664,0.2362204724409449,10,Active
17773.0,2,254,575.37,127.0,0.34285714285714286,513,Churned
17774.0,9,1585,3273.83,176.11111111111111,0.47202797202797203,96,Churned
17775.0,1,72,56.4,72.0,1.0,254,Churned
17776.0,2,273,330.56,136.5,0.17857142857142858,386,Churned
17777.0,3,501,647.56,167.0,1.2,24,Active
17778.0,1,214,197.70000000000002,214.0,1.0,661,Churned
17779.0,3,396,650.32,132.0,0.7377049180327869,20,Active
17780.0,3,156,346.56,52.0,3.0,666,Churned
17781.0,2,34,188.02,17.0,0.6451612903225806,158,Churned
17782.0,2,538,679.02,269.0,2.0,382,Churned
17783.0,3,438,376.96,146.0,0.20454545454545456,71,Active
17784.0,1,72,112.86,72.0,1.0,549,Churned
17785.0,3,227,403.38,75.66666666666667,0.17578125,52,Active
17786.0,2,195,266.85,97.5,0.2597402597402597,84,Active
17787.0,4,896,1817.54,224.0,0.5504587155963303,152,Churned
17788.0,2,211,1117.9,105.5,1.090909090909091,73,Active
17789.0,2,199,397.15,99.5,0.158311345646438,280,Churned
17790.0,20,1387,2779.41,69.35,1.1605415860735009,26,Active
17791.0,1,46,106.1,46.0,1.0,29,Active
17792.0,2,149,368.35,74.5,2.0,466,Churned
17793.0,1,226,300.34,226.0,1.0,24,Active
17794.0,2,46,147.3,23.0,2.0,686,Churned
17795.0,2,305,342.83,152.5,0.7058823529411764,179,Churned
17796.0,7,347,1236.39,49.57142857142857,0.5511811023622047,39,Active
17797.0,8,1086,1971.8700000000001,135.75,0.34236804564907275,21,Active
17798.0,1,138,178.07,138.0,1.0,581,Churned
17799.0,20,3674,6246.93,183.7,0.8534850640113798,21,Active
17800.0,9,732,1187.21,81.33333333333333,0.9121621621621622,36,Active
17801.0,3,820,770.03,273.3333333333333,0.375,450,Churned
17802.0,10,2705,4946.22,270.5,0.46583850931677023,81,Active
17803.0,1,98,184.66,98.0,1.0,391,Churned
17804.0,3,194,383.78000000000003,64.66666666666667,0.24861878453038674,375,Churned
17805.0,2,1126,927.03,563.0,0.11194029850746269,73,Active
17806.0,1,727,546.04,727.0,1.0,10,Active
17807.0,3,262,437.87,87.33333333333333,0.2912621359223301,394,Churned
17808.0,4,143,262.64,35.75,3.75,548,Churned
17809.0,20,2995,10085.89,149.75,0.8333333333333334,15,Active
17810.0,2,118,373.16,59.0,2.0,668,Churned
17811.0,47,5278,9519.8,112.29787234042553,3.197278911564626,3,Active
17812.0,7,444,911.99,63.42857142857143,0.4061895551257253,12,Active
17813.0,5,752,1698.07,150.4,2.6315789473684212,13,Active
17814.0,2,1435,1609.37,717.5,1.2765957446808511,374,Churned
17815.0,1,612,591.96,612.0,1.0,392,Churned
17816.0,6,80,96.11,13.333333333333334,0.26200873362445415,36,Active
17817.0,6,353,788.15,58.833333333333336,0.4316546762589928,3,Active
17818.0,1,86,124.78,86.0,1.0,737,Churned
17819.0,12,1610,6021.05,134.16666666666666,0.5504587155963303,71,Active
17820.0,1,111,180.60999999999999,111.0,1.0,373,Churned
17821.0,1,162,334.62,162.0,1.0,405,Churned
17822.0,5,1375,2162.93,275.0,1.0714285714285714,419,Churned
17823.0,2,252,449.25,126.0,2.0,420,Churned
17824.0,1,408,298.4,408.0,1.0,50,Active
17825.0,4,516,701.96,129.0,0.9523809523809523,598,Churned
17826.0,1,84,133.34,84.0,1.0,373,Churned
17827.0,6,1582,2376.17,263.6666666666667,0.2922077922077922,4,Active
17828.0,4,667,1820.09,166.75,0.7407407407407407,22,Active
17829.0,5,3009,4756.74,601.8,0.42134831460674155,298,Churned
17830.0,3,92,398.7,30.666666666666668,0.31358885017421606,1,Active
17831.0,1,12,35.400000000000006,12.0,1.0,32,Active
17832.0,1,208,155.37,208.0,1.0,49,Active
17833.0,1,143,338.46000000000004,143.0,1.0,722,Churned
17834.0,2,639,689.6700000000001,319.5,2.0,414,Churned
17835.0,3,344,342.24,114.66666666666667,3.0,2,Active
17836.0,1,88,110.21000000000001,88.0,1.0,46,Active
17837.0,8,510,1541.23,63.75,2.0,41,Active
17838.0,13,3491,5604.64,268.53846153846155,0.6456953642384106,26,Active
17839.0,1,257,318.15,257.0,1.0,41,Active
17840.0,1,128,175.9,128.0,1.0,443,Churned
17841.0,211,36584,68545.25,173.38388625592418,8.612244897959183,1,Active
17842.0,1,89,430.69,89.0,1.0,601,Churned
17843.0,2,251,320.4,125.5,0.5555555555555556,302,Churned
17844.0,1,52,51.559999999999995,52.0,1.0,106,Churned
17845.0,4,195,596.09,48.75,4.0,554,Churned
17846.0,1,1,2033.1,1.0,1.0,84,Active
17847.0,2,29,129.69,14.5,0.46511627906976744,515,Churned
17848.0,30,1404,3559.11,46.8,1.3803680981595092,80,Active
17849.0,8,224,1063.76,28.0,0.5769230769230769,217,Churned
17850.0,155,21052,51208.87,135.81935483870967,12.845303867403315,371,Churned
17851.0,6,933,1552.35,155.5,0.5750798722044729,421,Churned
17852.0,5,372,657.8100000000001,74.4,0.20862308762169682,11,Active
17853.0,3,625,1596.29,208.33333333333334,0.2735562310030395,406,Churned
17854.0,6,607,1068.5,101.16666666666667,0.32967032967032966,184,Churned
17855.0,1,197,208.97,197.0,1.0,372,Churned
17856.0,4,842,1418.03,210.5,0.4301075268817204,1,Active
17857.0,24,19906,27347.04,829.4166666666666,1.1302982731554159,3,Active
17858.0,30,5383,12518.65,179.43333333333334,1.2379642365887207,5,Active
17859.0,1,102,141.92,102.0,1.0,304,Churned
17860.0,4,696,717.39,174.0,0.3342618384401114,368,Churned
17861.0,18,4541,5088.29,252.27777777777777,0.7438016528925621,2,Active
17862.0,4,440,1254.89,110.0,0.502092050209205,323,Churned
17863.0,12,4676,5360.48,389.6666666666667,0.6070826306913997,58,Active
17864.0,5,1015,876.57,203.0,0.36231884057971014,12,Active
17865.0,46,12950,26312.190000000002,281.5217391304348,1.9491525423728813,30,Active
17866.0,3,535,1134.95,178.33333333333334,0.15463917525773196,142,Churned
17867.0,15,638,1582.0500000000002,42.53333333333333,0.6364922206506365,29,Active
17868.0,1,85,227.15,85.0,1.0,385,Churned
17869.0,7,491,813.64,70.14285714285714,0.4772727272727273,106,Churned
17870.0,13,1699,2753.29,130.69230769230768,1.029023746701847,1,Active
17871.0,5,665,1068.95,133.0,0.3073770491803279,204,Churned
17872.0,1,176,235.87,176.0,1.0,381,Churned
17873.0,18,4159,6265.33,231.05555555555554,0.8398133748055987,79,Active
17874.0,6,221,683.46,36.833333333333336,2.571428571428571,184,Churned
17875.0,1,98,167.1,98.0,1.0,687,Churned
17876.0,3,1958,3424.02,652.6666666666666,0.32727272727272727,399,Churned
17877.0,1,98,237.61,98.0,1.0,169,Churned
17878.0,3,1014,1378.93,338.0,0.25641025641025644,43,Active
17879.0,1,45,178.52,45.0,1.0,173,Churned
17880.0,3,466,824.9200000000001,155.33333333333334,0.24657534246575344,364,Churned
17881.0,1,32,133.35,32.0,1.0,303,Churned
17882.0,2,130,291.56,65.0,2.0,378,Churned
17883.0,7,476,988.42,68.0,0.32407407407407407,2,Active
17884.0,20,2749,2698.47,137.45,0.8207934336525308,3,Active
17885.0,1,110,156.34,110.0,1.0,11,Active
17886.0,6,711,1572.55,118.5,0.3231597845601436,31,Active
17887.0,1,30,111.35,30.0,1.0,128,Churned
17888.0,25,1536,1807.44,61.44,1.0775862068965518,20,Active
17889.0,7,403,746.42,57.57142857142857,0.5172413793103449,211,Churned
17890.0,2,402,586.89,201.0,1.5789473684210527,322,Churned
17891.0,1,393,203.85999999999999,393.0,1.0,161,Churned
17892.0,3,109,244.1,36.333333333333336,0.9090909090909092,55,Active
17893.0,1,149,107.21,149.0,1.0,224,Churned
17894.0,18,938,2304.58,52.111111111111114,1.3602015113350128,71,Active
17895.0,1,127,95.45,127.0,1.0,43,Active
17896.0,1,288,256.32,288.0,1.0,22,Active
17897.0,9,864,2099.89,96.0,0.6699751861042184,172,Churned
17898.0,4,251,299.18,62.75,0.24948024948024947,84,Active
17899.0,1,170,154.55,170.0,1.0,158,Churned
17900.0,2,73,112.19999999999999,36.5,2.0,189,Churned
17901.0,3,38,260.08,12.666666666666666,0.1829268292682927,28,Active
17902.0,1,526,216.39999999999998,526.0,1.0,546,Churned
17903.0,1,142,381.09000000000003,142.0,1.0,393,Churned
17904.0,1,59,181.07,59.0,1.0,20,Active
17905.0,13,1299,2178.87,99.92307692307692,0.6414473684210527,70,Active
17906.0,1,26,72.9,26.0,1.0,246,Churned
17907.0,1,1046,291.76,1046.0,1.0,640,Churned
17908.0,5,670,1142.47,134.0,0.4273504273504274,373,Churned
17909.0,1,35,110.05,35.0,1.0,736,Churned
17910.0,1,121,261.7,121.0,1.0,725,Churned
17911.0,1,223,366.23,223.0,1.0,8,Active
17912.0,6,215,374.55,35.833333333333336,2.7692307692307696,309,Churned
17913.0,14,1725,3429.29,123.21428571428571,0.620384047267356,58,Active
17914.0,1,457,329.36,457.0,1.0,3,Active
17915.0,1,184,225.78,184.0,1.0,550,Churned
17916.0,2,90,43.87,45.0,0.5769230769230769,628,Churned
17917.0,3,184,335.03,61.333333333333336,0.28391167192429023,44,Active
17918.0,3,352,396.39,117.33333333333333,3.0,500,Churned
17919.0,2,1452,1840.3200000000002,726.0,0.17142857142857143,87,Active
17920.0,54,12265,23581.78,227.12962962962962,2.2222222222222223,3,Active
17921.0,10,991,2394.36,99.1,0.6711409395973155,63,Active
17922.0,1,49,170.4,49.0,1.0,542,Churned
17923.0,3,140,497.0,46.666666666666664,0.3435114503816794,281,Churned
17924.0,8,1208,3257.7000000000003,151.0,0.5970149253731343,11,Active
17925.0,1,72,244.08,72.0,1.0,372,Churned
17926.0,5,572,1035.49,114.4,0.3363228699551569,132,Churned
17927.0,1,108,294.0,108.0,1.0,721,Churned
17928.0,3,222,341.24,74.0,0.17142857142857143,44,Active
17929.0,12,434,3082.1,36.166666666666664,0.5006954102920723,10,Active
17930.0,13,3795,4275.22,291.9230769230769,0.6403940886699507,35,Active
17931.0,14,1919,3402.2400000000002,137.07142857142858,0.7969639468690702,133,Churned
17932.0,3,789,1331.57,263.0,0.4945054945054945,28,Active
17933.0,1,63,114.69,63.0,1.0,631,Churned
17934.0,3,628,1049.15,209.33333333333334,0.2542372881355932,51,Active
17935.0,7,244,686.14,34.857142857142854,0.3523489932885906,137,Churned
17936.0,1,257,380.13,257.0,1.0,4,Active
17937.0,7,1754,4301.22,250.57142857142858,0.5949008498583569,8,Active
17938.0,1,53,144.29,53.0,1.0,419,Churned
17939.0,1,40,99.14,40.0,1.0,159,Churned
17940.0,16,85148,30306.79,5321.75,0.6986899563318778,48,Active
17941.0,4,1108,1433.28,277.0,0.21015761821366022,130,Churned
17942.0,1,38,77.50000000000001,38.0,1.0,7,Active
17944.0,1,84,74.99,84.0,1.0,422,Churned
17945.0,3,244,360.35,81.33333333333333,3.0,696,Churned
17946.0,2,75,149.57999999999998,37.5,2.0,232,Churned
17947.0,1,168,176.68,168.0,1.0,36,Active
17948.0,1,144,358.56000000000006,144.0,1.0,146,Churned
17949.0,118,60538,117314.08,513.0338983050848,4.809782608695651,0,Active
17950.0,7,659,1166.29,94.14285714285714,0.3328050713153724,71,Active
17951.0,4,780,1340.5800000000002,195.0,0.32967032967032966,39,Active
17952.0,4,477,788.46,119.25,0.7361963190184049,377,Churned
17953.0,1,98,159.17000000000002,98.0,1.0,539,Churned
17954.0,19,3180,3804.38,167.3684210526316,0.7862068965517242,4,Active
17955.0,6,681,949.9,113.5,0.38626609442060084,198,Churned
17956.0,1,1,12.75,1.0,1.0,248,Churned
17957.0,1,287,111.68,287.0,1.0,65,Active
17958.0,2,284,973.8799999999999,142.0,0.09819967266775777,116,Churned
17959.0,1,49,140.75,49.0,1.0,591,Churned
17960.0,3,60,135.08,20.0,0.19148936170212766,170,Churned
17961.0,100,1491,2866.7400000000002,14.91,4.184100418410042,20,Active
17962.0,4,633,666.96,158.25,0.2173913043478261,141,Churned
17963.0,4,341,643.16,85.25,0.5529953917050692,470,Churned
17964.0,2,294,463.21,147.0,0.1764705882352941,31,Active
17965.0,29,4383,7006.65,151.13793103448276,1.2663755458515285,37,Active
17966.0,10,3918,1963.92,391.8,0.460122699386503,37,Active
17967.0,2,111,223.42,55.5,1.3636363636363638,371,Churned
17968.0,4,352,590.44,88.0,0.8695652173913044,373,Churned
17969.0,20,1014,2354.29,50.7,1.0600706713780919,165,Churned
17970.0,1,513,562.79,513.0,1.0,210,Churned
17971.0,1,62,161.94,62.0,1.0,547,Churned
17972.0,1,36,135.19,36.0,1.0,241,Churned
17973.0,1,176,337.04,176.0,1.0,51,Active
17974.0,6,1189,1739.09,198.16666666666666,0.47120418848167545,24,Active
17975.0,24,2179,6696.33,90.79166666666667,1.5157894736842106,14,Active
17976.0,1,93,321.79,93.0,1.0,371,Churned
17977.0,2,1948,1511.45,974.0,0.16216216216216214,28,Active
17978.0,4,1297,1159.99,324.25,0.3278688524590164,364,Churned
17979.0,4,383,732.41,95.75,0.5357142857142857,35,Active
17980.0,4,771,1012.72,192.75,0.5286343612334802,165,Churned
17981.0,1,260,239.12,260.0,1.0,410,Churned
17982.0,1,117,138.18,117.0,1.0,680,Churned
17983.0,1,108,171.71,108.0,1.0,394,Churned
17984.0,5,939,1152.19,187.8,0.25295109612141653,144,Churned
17985.0,1,171,631.35,171.0,1.0,21,Active
17986.0,1,10,20.8,10.0,1.0,55,Active
17987.0,5,981,965.4399999999999,196.2,0.4109589041095891,184,Churned
17988.0,14,186,489.54,13.285714285714286,0.5833333333333334,11,Active
17989.0,1,300,207.32999999999998,300.0,1.0,378,Churned
17990.0,6,777,1527.6100000000001,129.5,0.36363636363636365,236,Churned
17991.0,3,93,300.3,31.0,0.24590163934426232,224,Churned
17992.0,1,130,252.88,130.0,1.0,388,Churned
17993.0,1,108,225.99,108.0,1.0,616,Churned
17994.0,11,2181,2270.0299999999997,198.27272727272728,0.6613226452905812,121,Churned
17995.0,3,263,495.48,87.66666666666667,0.8571428571428571,281,Churned
17996.0,3,587,482.33,195.66666666666666,0.5421686746987951,379,Churned
17997.0,8,2273,1962.46,284.125,2.696629213483146,73,Active
17998.0,3,561,639.24,187.0,0.25139664804469275,379,Churned
17999.0,3,286,528.46,95.33333333333333,0.26392961876832843,36,Active
18000.0,1,109,124.25,109.0,1.0,563,Churned
18001.0,6,874,924.14,145.66666666666666,0.2482758620689655,11,Active
18002.0,4,71,244.37,17.75,0.3380281690140845,375,Churned
18003.0,1,297,353.51,297.0,1.0,375,Churned
18004.0,1,75,157.92,75.0,1.0,361,Churned
18005.0,2,86,226.47,43.0,1.3953488372093024,3,Active
18006.0,4,395,969.51,98.75,0.17167381974248927,22,Active
18007.0,1,246,215.22,246.0,1.0,392,Churned
18008.0,23,7825,19759.079999999998,340.2173913043478,1.0917721518987342,69,Active
18009.0,8,651,2144.23,81.375,0.5755395683453237,234,Churned
18010.0,1,60,174.8,60.0,1.0,256,Churned
18011.0,2,125,410.79,62.5,0.30927835051546393,372,Churned
18012.0,1,63,115.3,63.0,1.0,722,Churned
18013.0,2,285,187.29,142.5,2.0,154,Churned
18014.0,1,66,162.22,66.0,1.0,27,Active
18015.0,1,157,120.03,157.0,1.0,3,Active
18016.0,7,1207,1954.56,172.42857142857142,0.32407407407407407,31,Active
18017.0,4,400,688.0,100.0,0.34285714285714286,80,Active
18018.0,4,186,297.99,46.5,0.3846153846153846,107,Churned
18019.0,1,7,38.45,7.0,1.0,51,Active
18020.0,1,67,190.48000000000002,67.0,1.0,543,Churned
18021.0,2,168,216.41,84.0,2.0,509,Churned
18022.0,5,1311,1507.25,262.2,0.29411764705882354,35,Active
18024.0,2,184,389.78,92.0,2.0,152,Churned
18025.0,6,1053,1177.72,175.5,0.7531380753138075,379,Churned
18026.0,2,530,2074.07,265.0,2.0,500,Churned
18027.0,1,78,115.31,78.0,1.0,98,Churned
18028.0,1,133,192.05,133.0,1.0,582,Churned
18029.0,1,253,433.77,253.0,1.0,641,Churned
18030.0,2,67,230.64999999999998,33.5,1.5789473684210527,3,Active
18031.0,1,298,451.3,298.0,1.0,378,Churned
18032.0,1,42,73.5,42.0,1.0,333,Churned
18033.0,1,252,93.82000000000001,252.0,1.0,64,Active
18034.0,3,951,754.2,317.0,0.254957507082153,21,Active
18035.0,5,1134,1260.23,226.8,0.42979942693409745,35,Active
18036.0,11,741,1545.49,67.36363636363636,0.4789550072568941,31,Active
18037.0,15,37,167.42,2.466666666666667,0.7718696397941681,153,Churned
18038.0,1,80,141.48,80.0,1.0,555,Churned
18039.0,4,555,548.22,138.75,0.45112781954887216,373,Churned
18040.0,2,148,357.20000000000005,74.0,0.26548672566371684,18,Active
18041.0,38,7316,8018.7699999999995,192.52631578947367,1.6691068814055638,11,Active
18042.0,2,69,281.15,34.5,0.12295081967213116,53,Active
18043.0,3,265,529.29,88.33333333333333,0.2631578947368421,24,Active
18044.0,18,1598,3505.61,88.77777777777777,0.972972972972973,3,Active
18045.0,1,138,178.34,138.0,1.0,44,Active
18046.0,1,44,189.63,44.0,1.0,649,Churned
18047.0,2,130,326.09,65.0,2.0,380,Churned
18048.0,3,256,394.93,85.33333333333333,0.3103448275862069,202,Churned
18049.0,2,402,500.92,201.0,0.3921568627450981,436,Churned
18050.0,2,250,412.06,125.0,1.8181818181818181,358,Churned
18051.0,7,1661,2282.28,237.28571428571428,2.1875,633,Churned
18052.0,1,17766,10877.18,17766.0,1.0,564,Churned
18053.0,3,409,571.07,136.33333333333334,0.19736842105263158,70,Active
18054.0,1,96,176.5,96.0,1.0,392,Churned
18055.0,14,3534,10142.64,252.42857142857142,1.0344827586206897,6,Active
18056.0,2,334,554.6,167.0,0.18181818181818182,287,Churned
18057.0,3,970,1188.46,323.3333333333333,0.30303030303030304,392,Churned
18058.0,3,394,774.06,131.33333333333334,0.13698630136986303,9,Active
18059.0,3,258,306.46,86.0,2.0454545454545454,22,Active
18060.0,2,902,1185.46,451.0,0.3846153846153846,407,Churned
18061.0,28,3359,6083.81,119.96428571428571,1.1781206171107994,21,Active
18062.0,6,831,1632.67,138.5,0.42452830188679247,172,Churned
18063.0,2,48,186.60000000000002,24.0,0.24793388429752067,390,Churned
18064.0,11,2685,4481.83,244.0909090909091,0.6077348066298343,132,Churned
18065.0,29,2265,5866.63,78.10344827586206,1.201657458563536,5,Active
18066.0,3,535,1440.4,178.33333333333334,0.2647058823529412,74,Active
18067.0,1,189,396.33,189.0,1.0,39,Active
18068.0,1,6,101.7,6.0,1.0,288,Churned
18069.0,11,3168,4464.92,288.0,0.5305466237942122,25,Active
18070.0,1,86,314.1,86.0,1.0,668,Churned
18071.0,6,678,1169.68,113.0,0.3773584905660377,257,Churned
18072.0,1,288,247.44,288.0,1.0,185,Churned
18073.0,12,3102,3859.82,258.5,4.390243902439025,113,Churned
18074.0,2,361,1019.44,180.5,0.45801526717557256,373,Churned
18075.0,20,3281,5783.29,164.05,1.263157894736842,22,Active
18076.0,1,164,151.49,164.0,1.0,379,Churned
18077.0,18,3020,4078.79,167.77777777777777,0.7458563535911602,7,Active
18078.0,4,370,725.53,92.5,0.29268292682926833,216,Churned
18079.0,5,8730,4203.93,1746.0,0.3363228699551569,44,Active
18080.0,2,642,1231.5,321.0,0.26905829596412556,18,Active
18081.0,3,195,343.45,65.0,0.9278350515463918,35,Active
18082.0,1,608,680.84,608.0,1.0,25,Active
18083.0,1,268,463.53,268.0,1.0,397,Churned
18084.0,3,755,795.2299999999999,251.66666666666666,0.24193548387096772,15,Active
18085.0,4,507,1341.8500000000001,126.75,0.40268456375838924,329,Churned
18086.0,1,106,101.34,106.0,1.0,273,Churned
18087.0,17,7775,14761.52,457.3529411764706,0.796875,97,Churned
18088.0,1,107,166.03,107.0,1.0,60,Active
18089.0,1,95,428.45,95.0,1.0,446,Churned
18090.0,1,307,321.9,307.0,1.0,421,Churned
18091.0,1,539,360.85,539.0,1.0,592,Churned
18092.0,18,8298,14693.72,461.0,0.7366984993178718,1,Active
18093.0,8,3429,4452.71,428.625,0.45714285714285713,92,Churned
18094.0,13,4164,6391.52,320.3076923076923,0.630048465266559,81,Active
18095.0,5,1623,2303.09,324.6,0.5244755244755245,312,Churned
18096.0,6,1409,1657.87,234.83333333333334,0.3592814371257485,11,Active
18097.0,11,2716,4627.92,246.9090909090909,0.46153846153846156,7,Active
18098.0,1,215,527.94,215.0,1.0,395,Churned
18099.0,1,149,168.31,149.0,1.0,126,Churned
18100.0,1,440,451.56,440.0,1.0,549,Churned
18101.0,5,247,622.01,49.4,0.22658610271903323,10,Active
18102.0,145,181645,580987.04,1252.7241379310344,5.89430894308943,0,Active
18103.0,1,23,105.8,23.0,1.0,548,Churned
18104.0,1,362,754.64,362.0,1.0,36,Active
18105.0,1,46,113.48000000000002,46.0,1.0,37,Active
18106.0,6,506,1441.06,84.33333333333333,0.4945054945054945,329,Churned
18107.0,1,65,165.88,65.0,1.0,441,Churned
18108.0,3,261,848.8100000000001,87.0,0.18633540372670807,253,Churned
18109.0,38,4822,9555.71,126.89473684210526,2.17557251908397,1,Active
18110.0,2,169,392.28000000000003,84.5,0.1534526854219949,19,Active
18111.0,1,232,405.85,232.0,1.0,588,Churned
18112.0,4,443,773.36,110.75,0.22263450834879409,11,Active
18113.0,1,72,76.32000000000001,72.0,1.0,368,Churned
18114.0,1,55,220.1,55.0,1.0,289,Churned
18115.0,1,3,9.700000000000001,3.0,1.0,697,Churned
18116.0,13,1267,2134.4900000000002,97.46153846153847,1.1370262390670554,67,Active
18117.0,1,605,315.65,605.0,1.0,25,Active
18118.0,29,3184,6221.02,109.79310344827586,2.3513513513513513,10,Active
18119.0,1,124,180.7,124.0,1.0,367,Churned
18120.0,1,31,111.15,31.0,1.0,213,Churned
18121.0,2,438,653.3,219.0,2.0,148,Churned
18122.0,6,1225,1793.06,204.16666666666666,1.267605633802817,7,Active
18123.0,3,616,666.64,205.33333333333334,0.18404907975460122,23,Active
18124.0,1,47,102.65,47.0,1.0,471,Churned
18125.0,4,800,1131.75,200.0,0.4195804195804196,29,Active
18126.0,1,135,200.92000000000002,135.0,1.0,60,Active
18127.0,4,250,556.13,62.5,0.3125,18,Active
18128.0,1,216,399.29,216.0,1.0,536,Churned
18129.0,1,48,112.55000000000001,48.0,1.0,242,Churned
18130.0,3,824,1059.39,274.6666666666667,2.1951219512195124,14,Active
18131.0,1,552,222.95999999999998,552.0,1.0,631,Churned
18132.0,1,212,220.13,212.0,1.0,503,Churned
18133.0,1,1350,931.5,1350.0,1.0,211,Churned
18134.0,2,128,445.0,64.0,0.625,597,Churned
18135.0,10,753,1249.6200000000001,75.3,0.4958677685950413,28,Active
18136.0,5,860,1631.3600000000001,172.0,0.38759689922480617,62,Active
18137.0,2,59,145.99,29.5,2.0,550,Churned
18138.0,1,38,152.65,38.0,1.0,294,Churned
18139.0,6,5557,8438.34,926.1666666666666,6.0,17,Active
18140.0,1,395,536.41,395.0,1.0,473,Churned
18141.0,2,433,882.47,216.5,0.32085561497326204,401,Churned
18142.0,2,1276,1019.52,638.0,1.0344827586206897,156,Churned
18143.0,2,570,1000.16,285.0,2.0,116,Churned
18144.0,19,2144,4892.95,112.84210526315789,0.7972027972027973,7,Active
18145.0,11,5104,5609.74,464.0,0.4596100278551532,12,Active
18146.0,2,153,160.35,76.5,0.759493670886076,140,Churned
18147.0,2,203,179.34,101.5,0.9677419354838709,45,Active
18148.0,1,63,112.85000000000001,63.0,1.0,646,Churned
18149.0,7,869,1553.96,124.14285714285714,0.35958904109589046,50,Active
18150.0,3,332,566.58,110.66666666666667,0.5325443786982248,31,Active
18151.0,6,986,1879.44,164.33333333333334,0.3522504892367906,134,Churned
18152.0,1,75,426.69,75.0,1.0,645,Churned
18153.0,1,200,246.22,200.0,1.0,658,Churned
18154.0,5,626,932.6,125.2,0.30800821355236135,2,Active
18155.0,3,266,371.62,88.66666666666667,0.41666666666666663,74,Active
18156.0,2,283,675.64,141.5,0.16853932584269662,12,Active
18157.0,1,145,213.9,145.0,1.0,570,Churned
18158.0,2,354,453.4,177.0,0.759493670886076,8,Active
18159.0,1,139,530.15,139.0,1.0,300,Churned
18160.0,3,519,1003.88,173.0,0.27439024390243905,56,Active
18161.0,6,965,1803.1000000000001,160.83333333333334,0.4945054945054945,14,Active
18162.0,1,332,371.51,332.0,1.0,731,Churned
18163.0,1,452,728.84,452.0,1.0,583,Churned
18164.0,1,184,399.65,184.0,1.0,36,Active
18165.0,1,254,302.46,254.0,1.0,176,Churned
18166.0,1,90,175.5,90.0,1.0,623,Churned
18167.0,3,382,1384.8600000000001,127.33333333333333,1.0975609756097562,22,Active
18168.0,16,1995,3435.5,124.6875,0.8571428571428571,175,Churned
18169.0,1,61,202.65,61.0,1.0,60,Active
18170.0,9,1184,2878.0,131.55555555555554,0.4047976011994003,32,Active
18171.0,9,991,2437.31,110.11111111111111,0.4192546583850932,58,Active
18172.0,52,7407,17467.24,142.44230769230768,2.1848739495798317,14,Active
18173.0,5,1730,2696.36,346.0,0.28517110266159695,86,Active
18174.0,2,80,162.5,40.0,0.10067114093959731,6,Active
18175.0,1,70,176.1,70.0,1.0,675,Churned
18176.0,1,283,476.35,283.0,1.0,357,Churned
18177.0,9,1238,2216.32,137.55555555555554,0.3901734104046243,30,Active
18178.0,11,3850,6103.74,350.0,0.6226415094339622,128,Churned
18179.0,8,1811,2547.55,226.375,0.36697247706422015,8,Active
18180.0,6,1721,1843.75,286.8333333333333,1.3138686131386863,4,Active
18181.0,5,510,1188.34,102.0,0.2112676056338028,23,Active
18182.0,1,167,291.13,167.0,1.0,462,Churned
18183.0,2,371,632.07,185.5,1.2765957446808511,226,Churned
18184.0,1,60,49.8,60.0,1.0,14,Active
18185.0,1,183,304.25,183.0,1.0,248,Churned
18186.0,1,338,329.58000000000004,338.0,1.0,722,Churned
18187.0,1,310,724.89,310.0,1.0,631,Churned
18188.0,6,1888,3280.59,314.6666666666667,0.2960526315789474,14,Active
18189.0,3,836,1403.73,278.6666666666667,0.1642335766423358,77,Active
18190.0,5,490,745.62,98.0,0.2857142857142857,191,Churned
18191.0,2,332,529.4,166.0,0.27906976744186046,261,Churned
18192.0,1,339,957.97,339.0,1.0,71,Active
18193.0,3,926,1207.35,308.6666666666667,0.3249097472924188,164,Churned
18194.0,6,1774,4162.04,295.6666666666667,0.30150753768844224,81,Active
18195.0,1,60,101.16,60.0,1.0,386,Churned
18196.0,4,1038,1457.19,259.5,0.223463687150838,94,Churned
18197.0,1,166,230.1,166.0,1.0,575,Churned
18198.0,17,4074,5425.56,239.64705882352942,1.536144578313253,3,Active
18199.0,1,99,344.75,99.0,1.0,683,Churned
18200.0,1,104,150.35,104.0,1.0,105,Churned
18201.0,1,191,447.53000000000003,191.0,1.0,722,Churned
18202.0,3,581,1396.99,193.66666666666666,0.8108108108108107,199,Churned
18203.0,4,111,492.52,27.75,0.20942408376963348,156,Churned
18204.0,3,1190,1975.35,396.6666666666667,0.7438016528925621,70,Active
18205.0,2,192,517.36,96.0,1.5789473684210527,35,Active
18206.0,1,246,314.65999999999997,246.0,1.0,552,Churned
18207.0,1,325,544.47,325.0,1.0,498,Churned
18208.0,1,82,360.08,82.0,1.0,565,Churned
18209.0,1,58,139.10000000000002,58.0,1.0,28,Active
18210.0,7,1499,2768.83,214.14285714285714,0.5511811023622047,1,Active
18211.0,5,359,600.07,71.8,0.5952380952380952,25,Active
18212.0,2,158,514.37,79.0,0.17094017094017094,325,Churned
18213.0,1,232,232.48000000000002,232.0,1.0,236,Churned
18214.0,4,989,1780.34,247.25,4.0,530,Churned
18215.0,5,1131,2232.4900000000002,226.2,0.28089887640449435,88,Active
18216.0,1,200,481.75,200.0,1.0,30,Active
18217.0,4,740,945.04,185.0,0.24193548387096772,28,Active
18218.0,4,1028,1121.84,257.0,0.26785714285714285,210,Churned
18219.0,17,1586,3352.7000000000003,93.29411764705883,0.6995884773662551,2,Active
18220.0,6,1352,1921.76,225.33333333333334,0.36217303822937624,226,Churned
18221.0,6,1000,1424.94,166.66666666666666,0.4904632152588556,21,Active
18222.0,1,335,443.0,335.0,1.0,92,Churned
18223.0,26,6644,14000.85,255.53846153846155,1.0684931506849316,4,Active
18224.0,1,69,158.95000000000002,69.0,1.0,263,Churned
18225.0,26,7282,13014.8,280.0769230769231,1.06703146374829,2,Active
18226.0,26,7883,11878.88,303.1923076923077,1.3,43,Active
18227.0,2,22,388.75,11.0,0.22556390977443608,217,Churned
18228.0,2,238,779.9,119.0,2.0,56,Active
18229.0,28,3071,10150.51,109.67857142857143,1.160220994475138,11,Active
18230.0,9,1996,4291.06,221.77777777777777,0.5232558139534884,8,Active
18231.0,28,2915,6854.17,104.10714285714286,1.6600790513833992,191,Churned
18232.0,4,302,592.97,75.5,1.0434782608695652,81,Active
18233.0,1,4,440.0,4.0,1.0,325,Churned
18234.0,1,80,179.6,80.0,1.0,551,Churned
18235.0,3,1578,1796.48,526.0,0.6206896551724138,71,Active
18236.0,12,696,1795.3500000000001,58.0,0.6282722513089005,29,Active
18237.0,5,622,987.1,124.4,1.1450381679389314,2,Active
18238.0,1,114,270.92,114.0,1.0,514,Churned
18239.0,6,844,1712.26,140.66666666666666,0.8823529411764706,218,Churned
18240.0,1,126,422.58,126.0,1.0,45,Active
18241.0,21,1471,2986.9900000000002,70.04761904761905,1.036184210526316,9,Active
18242.0,8,2021,3605.21,252.625,0.384,71,Active
18243.0,1,221,515.78,221.0,1.0,413,Churned
18244.0,2,856,568.64,428.0,0.8333333333333334,430,Churned
18245.0,20,5098,6324.9800000000005,254.9,0.947867298578199,6,Active
18246.0,3,214,758.8199999999999,71.33333333333333,0.15358361774744025,23,Active
18247.0,3,335,839.73,111.66666666666667,0.41666666666666663,414,Churned
18248.0,2,511,804.02,255.5,0.9523809523809523,122,Churned
18249.0,1,128,95.34,128.0,1.0,16,Active
18250.0,1,199,349.27,199.0,1.0,309,Churned
18251.0,9,39639,26278.86,4404.333333333333,0.42857142857142855,86,Active
18252.0,7,932,1533.69,133.14285714285714,0.31343283582089554,50,Active
18253.0,1,128,317.88,128.0,1.0,642,Churned
18254.0,1,188,267.9,188.0,1.0,580,Churned
18255.0,2,201,303.15,100.5,0.1639344262295082,88,Active
18256.0,1,180,110.69999999999999,180.0,1.0,387,Churned
18257.0,12,2369,4600.15,197.41666666666666,0.5815831987075929,38,Active
18258.0,6,1981,2059.67,330.1666666666667,1.6666666666666665,463,Churned
18259.0,7,1274,3941.9,182.0,0.297029702970297,24,Active
18260.0,23,5244,9947.26,228.0,1.2522686025408347,172,Churned
18261.0,2,146,324.24,73.0,1.1538461538461537,42,Active
18262.0,3,552,577.54,184.0,0.19480519480519481,139,Churned
18263.0,3,1468,1213.16,489.3333333333333,0.39823008849557523,25,Active
18264.0,1,241,603.25,241.0,1.0,498,Churned
18265.0,2,311,801.51,155.5,0.7058823529411764,71,Active
18266.0,1,138,251.1,138.0,1.0,433,Churned
18267.0,1,135,269.37,135.0,1.0,672,Churned
18268.0,6,711,1490.23,118.5,0.30303030303030304,133,Churned
18269.0,1,76,168.6,76.0,1.0,365,Churned
18270.0,3,209,444.55,69.66666666666667,0.2284263959390863,37,Active
18271.0,2,319,680.85,159.5,0.49586776859504134,609,Churned
18272.0,9,2880,4385.9800000000005,320.0,0.42056074766355145,2,Active
18273.0,4,140,357.0,35.0,0.2040816326530612,1,Active
18274.0,1,88,175.92,88.0,1.0,29,Active
18275.0,2,417,741.85,208.5,0.39473684210526316,577,Churned
18276.0,6,1246,1656.52,207.66666666666666,0.26277372262773724,43,Active
18277.0,5,449,1180.05,89.8,0.3440366972477064,57,Active
18278.0,2,140,414.20000000000005,70.0,0.18181818181818182,73,Active
18279.0,1,630,231.34,630.0,1.0,518,Churned
18280.0,2,194,488.15000000000003,97.0,0.5172413793103449,277,Churned
18281.0,2,146,201.14,73.0,0.15113350125944586,180,Churned
18282.0,2,103,178.05,51.5,0.5084745762711864,7,Active
18283.0,22,1679,2664.9,76.31818181818181,1.0091743119266054,3,Active
18284.0,1,494,461.68,494.0,1.0,431,Churned
18285.0,1,145,427.0,145.0,1.0,660,Churned
18286.0,2,608,1296.43,304.0,0.24291497975708504,476,Churned
18287.0,7,3013,4182.99,430.42857142857144,0.3977272727272727,42,Active
