StockCode,Description,ProductRevenue,ProductDemandFrequency
22423,Regency Cakestand 3 Tier,277656.25,3317
85123A,White Hanging Heart T-Light Holder,247203.36000000002,4895
23843,"Paper Craft , Little Birdie",168469.6,1
85099B,Jumbo Bag Red White Spotty,167920.64,3260
M,Manual,151777.67,620
POST,Postage,124648.04,1803
84879,Assorted Colour Bird Ornament,124351.86,2652
47566,Party Bunting,103283.38,2077
23166,Medium Ceramic Top Storage Jar,81416.73000000001,195
22086,Paper Chain Kit 50'S Christmas,76598.18000000001,1691
79321,Chilli Lights,69084.3,922
22386,Jumbo Bag Pink With White Spots,67769.76,1767
48138,Door Mat Union Flag,64269.95,1511
85099F,Jumbo Bag Strawberry,64127.77,1514
21137,Black Record Cover Frame,63092.12,539
20685,Red Spotty Coir Doormat,60546.64,1478
20725,Lunch Bag Red Spotty,59375.1,2579
22197,"Popcorn Holder , Small",58267.74,1752
21843,Retro Spot Cake Stand,57946.189999999995,1279
84347,Rotating Silver Angels T-Light Hldr,55880.17,525
22502,Picnic Basket Wicker Small,54565.1,568
82484,Wood Black Board Ant White Finish,54525.36,1048
21621,Vintage Union Jack Bunting,54432.62,1121
15056N,Edwardian Parasol Natural,54332.61,863
85099C,Jumbo  Bag Baroque Black White,52188.18,1449
23084,Rabbit Night Light,51251.24,801
20914,Set/5 Red Spotty Lid Glass Bowls,50195.33,1790
22470,Heart Of Wicker Large,49859.5,1743
21733,Red Hanging Heart T-Light Holder,48850.6,1631
21181,Please One Person  Metal Sign,47835.3,1549
21931,Jumbo Storage Bag Suki,47760.99,1714
22139,Retro Spot Tea Set Ceramic 11 Pc,47531.450000000004,1838
22189,Cream Heart Card Holder,47414.200000000004,1129
15056BL,Edwardian Parasol Black,45885.07,788
22178,Victorian Glass Hanging T-Light,45746.75,1442
22112,Chocolate Hot Water Bottle,45601.340000000004,1447
22411,Jumbo Shopper Vintage Red Paisley,45059.13,1680
22910,Paper Chain Kit Vintage Christmas,44998.270000000004,1233
21623,Vintage Union Jack Memoboard,44785.83,499
48194,Doormat Hearts,44784.46,1138
48187,Door Mat New England,43982.29,1151
21212,Pack Of 72 Retro Spot Cake Cases,43390.03,2508
22469,Heart Of Wicker Small,43316.53999999999,1779
21929,Jumbo Bag Pink Vintage Paisley,43313.9,1228
71477,Colour Glass. Star T-Light Holder,43297.22,686
22138,Baking Set 9 Piece Retrospot,43070.91,1742
22111,Scottie Dog Hot Water Bottle,42463.200000000004,1457
21754,Home Building Block Word,42453.11,1831
21175,Gin + Tonic Diet Metal Sign,42059.240000000005,1422
21731,Red Toadstool Led Night Light,41824.259999999995,1043
22090,Paper Bunting Retro Spots,41656.490000000005,1265
21928,Jumbo Bag Scandinavian Paisley,41473.83,1172
21232,Strawberry Ceramic Trinket Box,40994.71,1893
21523,Fancy Font Home Sweet Home Doormat,40929.840000000004,893
22326,"Round Snack Boxes ,Set4, Woodland",40414.520000000004,1147
22457,Natural Slate Heart Chalkboard,40276.170000000006,1637
82494L,Wooden Frame Antique White,39909.170000000006,1773
20727,Lunch Bag  Black Skull.,39904.0,1997
21915,Red  Harmonica In Box,39870.65,884
48185,Door Mat Fairy Cake,39464.68,736
84997D,Pink 3 Piece Mini Dots Cutlery Set,38082.82,992
22383,Lunchbag Suki  Design,38007.55,2004
23203,Jumbo Bag Doiley Patterns,37646.94,1080
21166,Cook With Wine Metal Sign,37029.340000000004,1225
82482,Wooden Picture Frame White Finish,37011.100000000006,1658
84946,Antique Silver Tea Glass Etched,36716.86,1323
20728,Lunch Bag Cars Blue,36644.28,1797
82486,Wood S/3 Cabinet Ant White Finish,36487.88,1188
84078A,Set/4 White Retro Storage Cubes,36259.65,234
22629,Spaceboy Lunch Box,36150.99,1108
23298,Spotty Bunting,36144.25,1009
23284,Doormat Keep Calm And Come In,35880.85,648
85066,Cream Sweetheart Mini Chest,35264.729999999996,809
22083,Paper Chain Kit Retro Spot,35216.41,1075
20713,Jumbo Bag Owls,35162.42,920
22114,Hot Water Bottle Tea And Sympathy,34479.62,1298
21485,Red Spot Heart Hot Water Bottle,34116.63,1225
22328,"Round Snack Boxes ,Set 4, Fruits",33918.04,990
22960,Jam Making Set With Jars,33833.72,903
22720,Set Of 3 Cake Tins Pantry Design,33298.3,1146
21524,Spotty  Home Sweet Home Doormat,33122.69,1000
22699,Roses Regency Teacup And Saucer,33037.350000000006,1070
20726,Lunch Bag Woodland,33004.76,1585
84997B,Red 3 Piece Mini Dots Cutlery Set,32788.13,932
22384,Lunchbag Pink Retrospot,32293.95,1845
84029E,Red Woolly Hottie White Heart.,31876.47,956
21755,Love Building Block Word,31590.41,1485
84997C,Blue 3 Piece Mini Dots Cutlery Set,31521.77,883
22382,Lunchbag Spaceboy Design,31154.3,1919
22630,Dolly Girl Lunch Box,30921.64,998
22727,Alarm Clock Bakelike Red,30703.09,1144
85152,Hand Over The Chocolate   Sign,30615.93,1300
22385,Jumbo Bag Spaceboy Design,29810.15,971
48184,Door Mat English Rose,29642.23,755
85014B,Red/White Dots Ruffled Umbrella,29235.27,794
20712,Jumbo Bag Woodland Animals,29105.5,915
15036,Assorted Colours Silk Fan,28766.32,634
47590B,Pink Happy Birthday Bunting,28581.4,810
20679,Edwardian Parasol Red,28557.920000000002,622
82483,Wood 2 Drawer Cabinet White Finish,27952.22,1053
22379,Recycling Bag Retrospot,27893.78,1013
22865,Hand Warmer Owl Design,27514.63,1058
22188,Black Heart Card Holder,27324.45,487
22622,Box Of Vintage Alphabet Blocks,27251.26,511
22666,Recipe Box Pantry Yellow Design,27222.52,1277
22077,6 Ribbons Rustic Charm,27031.039999999997,1361
48188,Door Mat Welcome Puppies,27013.77,597
22492,Mini Paint Set Vintage,26614.79,635
22659,Lunchbox I Love London,26598.67,764
23245,Set Of 3 Regency Cake Tins,26566.280000000002,718
23199,Jumbo Bag Apples,26426.3,718
21977,Pack Of 60 Pink Paisley Cake Cases,26407.35,1578
22467,Gumball Coat Rack,26149.13,928
20750,Red/White Dot Mini Cases,25936.48,867
72741,Grand Chocolatecandle,25895.4,823
84991,60 Teatime Fairy Cake Cases,25785.92,1765
22752,Set 7 Babushka Nesting Boxes,25620.99,577
21217,Red Spotty Round Cake Tins,25441.85,768
22726,Alarm Clock Bakelike Green,24898.96,1041
71459,Hanging Jam Jar T-Light Holder,24673.32,884
82600,No Singing Metal Sign,24620.820000000003,1005
23355,Hot Water Bottle Keep Calm,24302.55,719
47566B,Tea Time Party Bunting,24255.3,655
22149,Feltcraft 6 Flower Friends,24248.29,1189
23201,Jumbo Bag Alphabet,24160.44,752
22624,Ivory Kitchen Scales,24137.48,1065
84077,World War 2 Gliders Asstd Designs,24098.03,920
22697,Green Regency Teacup And Saucer,23979.74,946
20972,Pink Cream Felt Craft Trinket Box,23812.52,1224
37503,Tea Time Cake Stand In Gift Box,23784.8,465
84755,Colour Glass T-Light Holder Hanging,23598.510000000002,1100
20971,Pink Blue Felt Craft Trinket Box,23554.3,1003
47590A,Blue Happy Birthday Bunting,23531.47,633
22866,Hand Warmer Scotty Dog Design,23436.660000000003,939
48111,Door Mat 3 Smiley Cats,23414.47,572
84836,Zinc Metal Heart Decoration,23331.43,1244
21108,Fairy Cake Flannel Assorted Colour,23322.62,408
22551,Plasters In Tin Spaceboy,23194.949999999997,1156
22507,Memo Board Retrospot  Design,23083.44,737
22084,Paper Chain Kit Empire,23049.95,704
21527,Retro Spot Traditional Teapot,23041.74,729
23173,Regency Teapot Roses,23033.52,354
82583,Hot Baths Metal Sign,23010.120000000003,820
21930,Jumbo Storage Bag Skulls,22795.28,997
48173C,Door Mat Black Flock,22541.26,460
21080,Set/20 Red Spotty Paper Napkins,22539.48,1671
22158,3 Hearts Hanging Decoration Rustic,22471.86,646
22961,Jam Making Set Printed,22328.95,903
22867,Hand Warmer Bird Design,22168.33,907
23243,Set Of Tea Coffee Sugar Tins Pantry,22109.079999999998,385
84978,Hanging Heart Jar T-Light Holder,22079.739999999998,1087
21231,Sweetheart Ceramic Trinket Box,21793.25,1171
21481,Fawn Blue Hot Water Bottle,21779.5,834
22734,Set Of 6 Ribbons Vintage Christmas,21490.170000000002,599
22171,3 Hook Photo Shelf Antique White,21458.42,544
22835,Hot Water Bottle I Am So Poorly,21398.28,815
22728,Alarm Clock Bakelike Pink,21369.98,772
22087,Paper Bunting White Lace,21336.350000000002,663
84406B,Cream Cupid Hearts Coat Hanger,21256.0,724
85014A,Black/Blue Dots Ruffled Umbrella,21174.690000000002,640
20749,Assorted Colour Mini Cases,21169.64,726
21955,Union Jack Guns & Roses  Doormat,21078.23,576
22607,Wooden Rounders Garden Set,20978.47,643
22113,Grey Heart Hot Water Bottle,20977.78,913
22556,Plasters In Tin Circus Parade,20950.159999999996,1100
23202,Jumbo Bag Vintage Leaf,20921.55,772
84029G,Knitted Union Flag Hot Water Bottle,20838.9,758
22605,Wooden Croquet Garden Set,20813.809999999998,548
23209,Lunch Bag Doiley Pattern,20786.21,1006
22698,Pink Regency Teacup And Saucer,20713.640000000003,755
21210,Set Of 72 Retro Spot Paper  Doilies,20600.32,931
21314,Small Glass Heart Trinket Pot,20588.260000000002,711
22722,Set Of 6 Spice Tins Pantry Design,20506.300000000003,654
20724,Red Spotty Charlotte Bag,20503.2,1495
22554,Plasters In Tin Woodland Animals,20471.679999999997,1097
21936,Red/White Spot Picnic Bag,20437.41,783
20711,Jumbo Bag Toys,20283.78,671
22969,Homemade Jam Scented Candles,20204.8,577
37449,Ceramic Cake Stand + Hanging Cakes,20204.579999999998,410
22632,Hand Warmer Red Polka Dot,20148.72,721
21790,Vintage Snap Cards,19957.34,1480
22585,Pack Of 6 Birdy Gift Tags,19950.85,950
84970S,Hanging Heart Zinc T-Light Holder,19821.96,1141
22617,Baking Set Spaceboy Design,19719.21,883
22294,Heart Filigree Dove  Small,19686.6,707
22941,Christmas Lights 10 Reindeer,19590.9,406
22273,Feltcraft Doll Molly,19332.93,701
22570,Feltcraft Cushion Rabbit,19282.55,677
22625,Red Kitchen Scales,19149.63,781
21791,Vintage Heads And Tails Card Game,19147.65,1050
22568,Feltcraft Cushion Owl,19128.13,771
22569,Feltcraft Cushion Butterfly,18865.21,679
22413,Metal Sign Take It Or Leave It,18863.02,766
85150,Ladies & Gentlemen Metal Sign,18847.98,889
84997A,Green 3 Piece Mini Dots Cutlery Set,18834.65,544
48116,Door Mat Multicolour Stripe,18811.91,385
22693,Grow A Flytrap Or Sunflower In Tin,18798.98,281
22501,Picnic Basket Wicker Large,18794.25,497
48129,Door Mat Topiary,18752.76,488
85048,15Cm Christmas Glass Ball 20 Lights,18618.75,432
21622,Vintage Union Jack Cushion Cover,18495.47,550
21559,Strawberry Lunchbox With Cutlery,18469.04,951
22558,Clothes Pegs Retrospot Pack 24,18411.739999999998,1017
21213,Pack Of 72 Skull Cake Cases,18319.18,1156
22499,Wooden Union Jack Bunting,18251.280000000002,632
23206,Lunch Bag Apple Design,18220.5,866
21121,Set/10 Red Spotty Party Candles,18065.4,788
21908,Chocolate This Way Metal Sign,18041.24,801
22555,Plasters In Tin Strongman,18021.44,867
84949,Silver Hanging T-Light Holder,18001.35,612
21340,Classic Metal Birdcage Plant Holder,17888.71,383
22561,Wooden School Colouring Set,17861.219999999998,838
21174,Pottering In The Shed Metal Sign,17814.51,855
22456,Natural Slate Chalkboard Large,17637.16,595
23344,Jumbo Bag 50'S Christmas,17636.04,586
22427,Enamel Flower Jug Cream,17471.23,702
79323W,White Cherry Lights,17384.8,313
22061,Large Cake Stand  Hanging Strawbery,17354.85,443
22147,Feltcraft Butterfly Hearts,17238.05,1026
84947,Antique Silver Tea Glass Engraved,17162.93,559
22847,"Bread Bin, Diner Style, Ivory",17018.54,445
22381,Toy Tidy Pink Retrospot,16980.58,791
21479,White Skull Hot Water Bottle,16917.32,738
21136,Painted Metal Pears Assorted,16907.51,714
22633,Hand Warmer Union Jack,16857.36,790
22560,Traditional Modelling Clay,16851.64,655
84945,Multi Colour Silver T-Light Holder,16833.35,585
47591D,Pink Fairy Cake Child'S Apron,16736.52,1034
22169,Family Album White Picture Frame,16676.94,570
22505,Memo Board Cottage Design,16599.89,655
21218,Red Spotty Biscuit Tin,16431.45,588
23240,Set Of 4 Knick Knack Tins Doiley,16394.899999999998,485
84992,72 Sweetheart Fairy Cake Cases,16178.47,1176
21156,Red Spotty Childs Apron,16044.97,797
21216,"Set 3 Red Spot Tin Tea,Coffee,Sugar",15981.77,522
21035,Set/2 Red Spotty Tea Towels,15895.86,619
21164,Home Sweet Home Metal Sign,15888.490000000002,630
22352,Lunchbox With Cutlery Retrospot,15883.390000000001,836
21535,Retro Spot Small Milk Jug,15877.2,956
22297,Heart Ivory Trellis Small,15836.59,646
22191,Eau De Nil Diner Wall Clock,15764.1,592
22424,Enamel Bread Bin Cream,15621.65,559
22557,Plasters In Tin Vintage Paisley,15614.589999999998,991
22900,Set 2 Tea Towels I Love London,15566.6,507
71053,White Metal Lantern,15508.81,595
22355,"Charlotte Bag , Suki Design",15502.35,1191
21877,Home Sweet Home Mug,15399.56,650
22690,Doormat Home Sweet Home Blue,15329.57,401
22662,Lunch Bag Dolly Girl Design,15305.19,872
84970L,Single Heart Zinc T-Light Holder,15241.51,821
22296,Heart Ivory Trellis Large,15218.079999999998,739
72760B,Vintage Cream 3 Basket Cake Stand,15172.6,444
21533,Retro Spot Large Milk Jug,15154.45,845
22041,"Record Frame 7"" Single Size",15088.77,319
20719,Woodland Charlotte Bag,15030.64,1062
22634,Childs Breakfast Set Spaceboy,15021.4,464
22333,Retro Sport Party Bag + Sticker Set,15014.779999999999,597
22952,72 Cake Cases Vintage Christmas,14997.359999999999,904
22193,Red Diner Wall Clock,14986.09,555
22366,Doormat Airmail,14935.06,434
22652,Travel Sewing Kit,14859.81,716
21975,Pack Of 60 Dinosaur Cake Cases,14818.01,1133
22635,Childs Breakfast Set Dolly Girl,14787.949999999999,450
21430,Set/3 Red Gingham Rose Storage Box,14719.35,578
22776,Sweetheart Cakestand 3 Tier,14710.0,595
21914,Blue Harmonica In Box,14667.47,815
22170,Picture Frame Wood Triple Portrait,14658.65,510
17003,Brocade Ring Purse,14640.96,387
21122,Set/10 Pink Spotty Party Candles,14615.49,739
21891,Traditional Wooden Skipping Rope,14603.13,664
82582,Area Patrolled Metal Sign,14563.1,696
84375,Set Of 20 Kids Cookie Cutters,14558.970000000001,626
21889,Wooden Box Of Dominoes,14430.66,869
22837,Hot Water Bottle Babushka,14425.25,368
21258,Victorian Sewing Box Large,14406.63,344
20718,Red Spotty Shopper Bag,14359.26,866
22367,Childs Apron Spaceboy Design,14294.64,1003
21844,Retro Spot Mug,14293.85,422
22487,White Wood Garden Plant Ladder,14256.96,808
22993,Set Of 4 Pantry Jelly Moulds,14151.42,866
22759,Set Of 3 Notebooks In Parcel,14138.399999999998,634
21484,Chick Grey Hot Water Bottle,14071.27,676
21165,Beware Of The Cat Metal Sign,14070.08,779
22619,Set Of 6 Soldier Skittles,14010.85,577
85232B,Set/3 Russian Doll Stacking Tins,13949.800000000001,441
21770,Open Closed Metal Sign,13926.810000000001,580
84378,Set Of 3 Heart Cookie Cutters,13862.84,944
21380,Wooden Happy Birthday Garland,13770.150000000001,540
22365,Doormat Respectable House,13762.55,348
22150,3 Stripey Mice Feltcraft,13756.75,829
22606,Wooden Skittles Garden Set,13722.74,337
35004C,Set Of 3 Coloured  Flying Ducks,13577.15,229
22940,Feltcraft Christmas Fairy,13462.18,547
21169,You'Re Confusing Me Metal Sign,13438.58,621
22667,Recipe Box Retro Spot Design,13376.150000000001,820
47556B,Tea Time Tea Towels,13363.35,408
22356,"Charlotte Bag , Pink/White Spots",13323.29,1108
84050,Pink Heart Shape Egg Frying Pan,13316.63,557
22271,Feltcraft Doll Rosie,13244.460000000001,691
79323P,Pink Cherry Lights,13198.1,229
22295,Heart Filigree Dove Large,13184.069999999998,620
22692,Doormat Welcome To Our Home,13103.81,460
21094,Set/6 Red Spotty Paper Plates,13068.56,692
23200,Jumbo Bag Pears,13034.92,470
23108,Set Of 10 Led Dolly Lights,12972.73,351
23313,Vintage Christmas Bunting,12960.12,359
23356,Love Hot Water Bottle,12954.75,449
22236,Cake Stand 3 Tier Magic Garden,12951.9,391
22730,Alarm Clock Bakelike Ivory,12951.5,616
22804,Candleholder Pink Hanging Heart,12876.880000000001,587
21390,Filigris Heart With Butterfly,12849.14,482
22173,Metal 4 Hook Hanger French Chateau,12846.140000000001,714
35970,Zinc Folkart Sleigh Bells,12806.27,545
15044A,Pink Paper Parasol,12803.78,194
22621,Traditional Knitting Nancy,12780.57,719
21704,Bag 250G Swirly Marbles,12750.539999999999,464
22636,Childs Breakfast Set Circus Parade,12716.380000000001,460
22946,Wooden Advent Calendar Cream,12588.449999999999,208
22655,Vintage Red Kitchen Cabinet,12550.0,52
C2,Carriage,12546.0,248
21871,Save The Planet Mug,12515.44,600
23301,Gardeners Kneeling Pad Keep Calm,12463.779999999999,756
62018,Sombrero,12413.8,123
21259,Victorian Sewing Box Small,12409.960000000001,553
22749,Feltcraft Princess Charlotte Doll,12407.83,621
21672,White Spot Red Ceramic Drawer Knob,12354.22,625
22766,Photo Frame Cornice,12280.18,580
21155,Red Spotty Peg Bag,12240.67,724
22584,Pack Of 6 Pannetone Gift Boxes,12239.390000000001,512
22627,Mint Kitchen Scales,12219.99,558
22303,Coffee Mug Apples Design,12179.95,480
75049L,Large Circular Mirror Mobile,12173.5,230
21912,Vintage Snakes & Ladders,12157.97,615
22485,Set Of 2 Wooden Market Crates,12146.25,341
22909,Set Of 20 Vintage Christmas Napkins,12124.119999999999,889
21669,Blue Stripe Ceramic Drawer Knob,12115.21,639
21539,Retro Spots Butter Dish,12091.050000000001,585
85042,Antique Lily Fairy Lights,12081.0,281
21124,Set/10 Blue Spotty Party Candles,12052.47,599
23207,Lunch Bag Alphabet Design,11994.41,647
22846,Bread Bin Diner Style Red,11929.91,311
22553,Plasters In Tin Skulls,11913.749999999998,905
DOT,Dotcom Postage,11906.36,16
21888,Bingo Set,11877.45,626
15056P,Edwardian Parasol Pink,11872.810000000001,321
22838,3 Tier Cake Tin Red And Cream,11850.78,228
84380,Set Of 3 Butterfly Cookie Cutters,11818.65,814
84212,"Assorted Flower Colour ""Leis""",11759.77,258
20723,Strawberry Charlotte Bag,11654.8,988
23077,Doughnut Lip Gloss,11615.7,308
22654,Deluxe Sewing Kit,11611.27,440
23174,Regency Sugar Bowl Green,11567.24,268
22464,Hanging Metal Heart Lantern,11530.56,645
22179,Set 10 Lights Night Owl,11501.14,401
22243,"Hook, 5 Hanger ,Magic Toadstool Red",11476.8,321
21668,Red Stripe Ceramic Drawer Knob,11446.75,614
21787,Rain Poncho With Red Spots,11385.18,350
22192,Blue Diner Wall Clock,11358.78,511
47567B,Tea Time Kitchen Apron,11321.320000000002,320
22207,Frying Pan Union Flag,11283.86,324
22646,Ceramic Strawberry Cake Money Bank,11187.26,697
22950,36 Doilies Vintage Christmas,11186.949999999999,307
22082,Ribbon Reel Stripes Design,11166.78,819
20969,Red Floral Feltcraft Shoulder Bag,11155.41,518
22623,Box Of Vintage Jigsaw Blocks,11129.42,500
20975,12 Pencils Small Tube Red Spotty,11109.7,763
22750,Feltcraft Princess Lola Doll,11094.51,597
21906,Pharmacie First Aid Tin,11093.9,311
22088,Paper Bunting Coloured Lace,11086.900000000001,478
21673,White Spot Blue Ceramic Drawer Knob,11022.43,563
84987,Set Of 36 Teatime Paper Doilies,11012.88,642
22444,Grow Your Own Plant In A Can,10976.56,328
20676,Red Spotty Bowl,10973.06,720
22151,Place Setting White Heart,10910.31,645
47599A,Pink Party Bags,10841.48,325
22301,Coffee Mug Cat + Bird Design,10831.29,466
21498,Red Spots  Wrap,10829.24,799
22631,Circus Parade Lunchbox,10793.779999999999,469
72351B,Set/6 Pink  Butterfly T-Lights,10779.640000000001,426
21671,Red Spot Ceramic Drawer Knob,10762.47,568
84988,Set Of 72 Pink Heart Paper Doilies,10729.4,618
35400,Wooden Box Advent Calendar,10710.1,331
21260,First Aid Tin,10675.6,442
21428,Set3 Book Box Green Gingham Flower,10667.05,363
22649,Strawberry Fairy Cake Teapot,10657.15,414
21937,Strawberry   Picnic Bag,10572.95,499
22198,"Popcorn Holder , Large",10530.699999999999,478
22616,Pack Of 12 London Tissues,10519.359999999999,633
22417,Pack Of 60 Spaceboy Cake Cases,10465.49,911
22943,Christmas Lights 10 Vintage Baubles,10432.08,286
22988,Soldiers Egg Cup,10415.22,349
21172,Party Metal Sign,10392.72,804
22740,Polka Dot Pen,10378.429999999998,205
22637,Piggy Bank Retrospot,10377.02,496
21868,Potting Shed Tea Mug,10353.86,719
21326,Aged Glass Silver T-Light Holder,10338.6,532
22580,Advent Calendar Gingham Sack,10338.230000000001,388
21749,Large Red Spot Windmill,10331.4,215
21242,Red Spotty Plate,10326.43,519
22109,Full English Breakfast Plate,10321.92,389
22768,Family Photo Frame Cornice,10310.19,320
21907,I'M On Holiday Metal Sign,10306.150000000001,694
22729,Alarm Clock Bakelike Orange,10300.44,500
22488,Natural Slate Rectangle Chalkboard,10285.609999999999,653
22508,Doorstop Retrospot Heart,10283.5,577
22468,Babushka Lights String Of 10,10229.64,335
22274,Feltcraft Doll Emily,10227.310000000001,578
22663,Jumbo Bag Dolly Girl Design,10206.78,526
23170,Regency Tea Plate Roses,10170.99,328
22302,Coffee Mug Pears  Design,10043.41,352
21624,Vintage Union Jack Doorstop,9987.98,350
22791,T-Light Glass Fluted Antique,9985.630000000001,332
22834,Hand Warmer Babushka Design,9962.630000000001,484
20828,Glitter Butterfly Clips,9951.0,499
23208,Lunch Bag Vintage Leaf Design,9950.35,597
23300,Gardeners Kneeling Pad Cup Of Tea,9933.689999999999,635
21429,Red Gingham Rose Jewellery Box,9907.5,764
22418,10 Colour Spaceboy Pen,9898.5,473
21670,Blue Spot Ceramic Drawer Knob,9894.93,580
22595,Christmas Gingham Heart,9817.66,640
21833,Camouflage Led Torch,9797.310000000001,337
82001S,Vinyl Record Frame Silver,9787.06,196
21982,Pack Of 12 Suki Tissues,9774.279999999999,521
22620,4 Traditional Spinning Tops,9763.68,654
23343,Jumbo Bag Vintage Christmas,9742.1,385
22348,Tea Bag Plate Red Spotty,9667.21,690
23076,Ice Cream Sundae Lip Gloss,9638.16,248
22840,Round Cake Tin Vintage Red,9632.68,377
21922,Union Stripe With Fringe  Hammock,9624.04,330
22970,London Bus Coffee Mug,9582.150000000001,276
21257,Victorian Sewing Box Medium,9550.49,360
21086,Set/6 Red Spotty Paper Cups,9513.300000000001,621
16014,Small Chinese Style Scissor,9512.68,92
22966,Gingerbread Man Cookie Cutter,9497.91,610
22795,Sweetheart Recipe Book Stand,9465.55,402
22968,Rose Cottage Keepsake Box,9409.199999999999,243
21974,Set Of 36 Paisley Flower Doilies,9374.96,557
20829,Glitter Hanging Butterfly String,9350.390000000001,404
21890,S/6 Wooden Skittles In Cotton Bag,9347.16,411
20979,36 Pencils Tube Red Spotty,9332.73,518
20754,Retro Red Spotty Washing Up Gloves,9329.220000000001,679
84792,Enchanted Bird Coathanger 5 Hook,9326.33,437
22064,Pink Doughnut Trinket Pot,9302.099999999999,479
22656,Vintage Blue Kitchen Cabinet,9290.0,37
22120,Welcome  Wooden Block Letters,9289.2,316
22668,Pink Baby Bunting,9236.86,381
21558,Skull Lunchbox With Cutlery,9236.1,532
84880,White Wire Egg Holder,9227.800000000001,327
21531,Retro Spot Sugar Jam Bowl,9213.75,612
23171,Regency Tea Plate Green,9184.9,270
22978,Pantry Rolling Pin,9180.529999999999,197
21756,Bath Building Block Word,9164.78,519
20682,Red Spotty Childs Umbrella,9134.66,478
22694,Wicker Star,9115.800000000001,720
22904,Calendar Paper Cut Design,9110.29,398
22466,Fairy Tale Cottage Nightlight,9106.8,308
82552,Washroom Metal Sign,9080.01,654
22349,"Dog Bowl , Chasing Ball Design",9052.75,318
22380,Toy Tidy Spaceboy,9044.0,549
22767,Triple Photo Frame Cornice,9035.63,279
22300,Coffee Mug Dog + Ball Design,9021.390000000001,411
23175,Regency Milk Jug Pink,8995.0,272
21745,Gaolers Keys Decorative Garden,8980.54,460
21735,Two Door Curio Cabinet,8960.1,202
22992,Revolver Wooden Ruler,8944.439999999999,285
22942,Christmas Lights 10 Santas,8912.95,217
22180,Retro Spot Lamp,8868.1,358
22429,Enamel Measuring Jug Cream,8867.29,526
47570B,Tea Time Table Cloth,8852.880000000001,188
22131,Food Container Set 3 Love Heart,8846.17,496
22089,Paper Bunting Vintage Paisley,8842.150000000001,421
21892,Traditional Wooden Catch Cup Game,8814.42,601
22549,Picture Dominoes,8813.74,540
20970,Pink Floral Feltcraft Shoulder Bag,8796.77,504
22144,Christmas Craft Little Friends,8790.7,535
22741,Funky Diva Pen,8672.109999999999,196
21781,Ma Campagne Cutlery Box,8609.25,314
22844,Vintage Cream Dog Food Container,8515.99,366
23582,Vintage Doily Jumbo Bag Red,8508.220000000001,234
23581,Jumbo Bag Paisley Park,8498.04,302
22947,Wooden Advent Calendar Red,8459.95,162
21980,Pack Of 12 Red Spotty Tissues,8456.279999999999,569
21985,Pack Of 12 Hearts Design Tissues,8441.64,734
79000,Moroccan Tea Glass,8407.609999999999,333
22725,Alarm Clock Bakelike Chocolate,8367.84,419
23318,Box Of 6 Mini Vintage Crackers,8345.43,329
22121,Noel Wooden Block Letters,8343.19,386
21385,Ivory Hanging Decoration  Heart,8324.58,505
79323LP,Light Pink Cherry Lights,8311.0,159
22989,Set 2 Pantry Design Tea Towels,8310.17,311
51008,Afghan Slipper Sock Pair,8251.15,72
35961,Folkart Zinc Heart Christmas Dec,8229.67,397
21243,Pink  Spotty Plate,8224.59,395
22244,"Hook, 3 Hanger ,Magic Garden",8205.3,281
84839,Sweetheart Key Cabinet,8201.7,351
84030E,English Rose Hot Water Bottle,8191.91,408
21154,Red Spotty Oven Glove,8179.32,593
23319,Box Of 6 Mini 50'S Crackers,8169.4800000000005,365
22812,Pack 3 Boxes Christmas Pannetone,8162.2699999999995,351
21135,Victorian  Metal Postcard Spring,8155.09,380
23322,Large White Heart Of Wicker,8137.500000000001,511
23256,Childrens Cutlery Spaceboy,8115.4800000000005,324
23082,Set 6 Paper Table Lantern Hearts,8110.68,263
22895,Set Of 2 Tea Towels Apple And Pears,8091.740000000001,354
23078,Ice Cream Pen Lip Gloss,8077.31,213
84508A,Camoflage Design Teddy,8073.75,104
20974,12 Pencils Small Tube Skull,8049.150000000001,684
21777,Recipe Box With Metal Heart,8046.150000000001,312
22357,Kings Choice Biscuit Tin,8044.09,316
21933,Pink Vintage Paisley Picnic Bag,8034.86,469
20677,Pink Spotty Bowl,8030.2300000000005,545
22215,Cake Stand White Two Tier Lace,8007.3,319
22751,Feltcraft Princess Olivia Doll,7965.29,414
21769,Vintage Post Office Cabinet,7954.87,48
22771,Clear Drawer Knob Acrylic Edwardian,7947.11,383
23080,Red Metal Box Top Secret,7920.78,221
21488,Red White Scarf  Hot Water Bottle,7914.150000000001,301
21935,Suki  Shoulder Bag,7898.07,452
37370,Retro Coffee Mugs Assorted,7897.5,344
21042,Red Spotty Apron,7848.450000000001,336
21381,Mini Wooden Happy Birthday Garland,7845.81,376
21588,Retro Spot Giant  Tube Matches,7748.55,284
21716,Boys Vintage Tin Seaside Bucket,7744.58,306
22078,Ribbon Reel Lace Design,7739.6,385
21186,White Dove Honeycomb Paper Garland,7729.049999999999,274
22079,Ribbon Reel Hearts Design,7670.64,542
21658,Glass  Beurre Dish,7590.450000000001,345
23439,Hand Warmer Red Love Heart,7574.1,371
21715,Girls Vintage Tin Seaside Bucket,7566.87,317
21098,Christmas Toilet Roll,7534.29,412
22072,Tea Cup And Saucer Retro Spot,7514.55,402
21874,Gin And Tonic Mug,7509.76,455
22195,Heart Measuring Spoons Large,7496.069999999999,520
23328,Set 6 School Milk Bottles In Crate,7495.29,281
22796,Photo Frame 3 Classic Hanging,7484.4,293
22329,Round Container Set Of 5 Retrospot,7468.15,421
22354,Retro Spot Padded Seat Cushion,7465.42,237
21875,Kings Choice Mug,7450.17,326
22327,Round Snack Boxes Set Of 4 Skulls,7440.6,464
85049E,Scandinavian Reds Ribbons,7427.48,681
85067,Cream Sweetheart Wall Cabinet,7417.259999999999,154
21244,Blue  Spotty Plate,7414.91,363
22212,Four Hook  White Lovebirds,7412.31,608
82551,Laundry 15C Metal Sign,7401.59,550
72807C,Set/3 Vanilla Scented Candle In Box,7364.91,238
21737,Set 3 Wicker Log Baskets,7320.15,163
22275,Weekend Bag Vintage Rose Paisley,7315.950000000001,280
22242,"Hook, 5 Hanger , Magic Toadstool",7267.349999999999,305
21932,Scandinavian Paisley Picnic Bag,7260.76,494
22748,Poppy'S Playhouse Kitchen,7192.01,616
22665,Recipe Box Blue Sketchbook Design,7172.81,507
85049A,Traditional Christmas Ribbons,7171.83,562
22689,Doormat Merry Christmas Red,7171.64,211
22890,Novelty Biscuits Cake Stand 3 Tier,7164.469999999999,230
22827,Giant Seventeen Drawer Sideboard,7150.0,35
21411,Gingham Heart  Doorstop Red,7146.39,507
21870,I Can Only Please One Person Mug,7124.67,539
23238,Set Of 4 Knick Knack Tins London,7116.65,233
22493,Paint Your Own Canvas Set,7107.329999999999,352
22813,Pack 3 Boxes Bird Pannetone,7076.28,290
21976,Pack Of 60 Mushroom Cake Cases,7073.63,713
22809,Set Of 6 T-Lights Santa,7053.760000000001,327
22628,Picnic Boxes Set Of 3 Retrospot,7051.25,250
21463,Mirrored Disco Ball,7051.150000000001,280
23007,Spaceboy Baby Gift Set,7048.549999999999,142
72351A,Set/6 Turquoise Butterfly T-Lights,7035.59,352
48189,Door Mat Friendship,7033.74,207
22219,Lovebird Hanging Decoration White,7009.55,726
22073,Retro Spot Storage Jar,7005.51,360
21238,Red Spotty Cup,7004.22,700
84692,Box Of 24 Cocktail Parasols,6964.39,721
22371,Airline Bag Vintage Tokyo 78,6962.48,505
21497,Fancy Fonts Birthday Wrap,6957.0,483
23215,Jingle Bell Heart Antique Silver,6955.8,197
22784,Lantern Cream Gazebo,6932.82,323
21114,Lavender Scented Fabric Heart,6920.43,460
23320,Giant 50'S Christmas Cracker,6907.52,310
85064,Cream Sweetheart Letter Rack,6897.62,239
22489,Pack Of 12 Traditional Crayons,6889.77,609
22283,6 Egg House Painted Wood,6881.6900000000005,297
21984,Pack Of 12 Pink Paisley Tissues,6880.0,350
85220,Small Fairy Cake Fridge Magnets,6875.0,5
23543,Keep Calm Wall Art,6869.47,94
22550,Holiday Fun Ludo,6869.0,346
21981,Pack Of 12 Woodland Tissues,6855.19,386
20675,Blue Spotty Bowl,6847.13,533
21561,Dinosaur Lunchbox With Cutlery,6821.7300000000005,441
22745,Poppy'S Playhouse Bedroom,6820.150000000001,556
22991,Giraffe Wooden Ruler,6816.84,234
23321,Small White Heart Of Wicker,6798.099999999999,582
23236,Doiley Storage Tin,6782.07,284
22029,Space Boy Birthday Card,6773.84,861
22563,Happy Stencil Craft,6756.4,481
22588,Cardholder Gingham Heart,6756.17,400
21115,Rose Caravan Doorstop,6753.91,356
23493,Vintage Doily Travel Sewing Kit,6736.2,349
23083,Set 6 Paper Table Lantern Stars,6735.88,209
22839,"Cake Tin, 3 Tier Mint/Ivory",6735.3099999999995,188
85065,Cream Sweetheart Trays,6734.5,232
22055,Mini Cake Stand  Hanging Strawbery,6731.23,476
22592,Cardholder Holly Wreath Metal,6730.6,251
22938,Cupcake Lace Paper Set 6,6722.629999999999,251
22353,Lunchbox With Cutlery Fairy Cakes,6713.400000000001,371
21746,Small Red Spot  Windmill,6705.78,381
82580,Bathroom Metal Sign,6683.860000000001,927
23297,Set 40 Heart Shape Petit Four Cases,6677.0,140
23254,Childrens Cutlery Dolly Girl,6674.950000000001,276
22465,Hanging Metal Star Lantern,6656.829999999999,386
22085,Paper Chain Kit Skulls,6651.900000000001,192
10002,Inflatable Political Globe,6638.2699999999995,297
22626,Black Kitchen Scales,6619.43,305
22779,Wooden Owls Light Garland,6610.1,191
22618,Cooking Set Retrospot,6609.839999999999,224
11001,Asstd Design Racing Car Pen,6608.8099999999995,178
85014D,Pink/Brown Dots Ruffled Umbrella,6607.6,86
23283,Doormat Vintage Leaves Design,6600.27,209
22350,Cat Bowl,6598.56,251
21903,Man Flu Metal Sign,6574.380000000001,346
22567,20 Dolly Pegs Retrospot,6568.75,431
23008,Dolly Girl Baby Gift Set,6534.049999999999,120
21592,Retro Spot  Cigar Box Matches,6533.71,466
16156S,Wrap Pink Fairy Cakes,6527.12,417
22907,Pack Of 20 Napkins Pantry Design,6497.87,675
23109,Led Tea Lights,6484.9,228
47599B,Blue Party Bags,6476.54,262
22358,Kings Choice Tea Caddy,6468.580000000001,384
21033,Jumbo Bag Charlie And Lola Toys,6463.67,293
23293,Set Of 12 Fairy Cake Baking Cases,6457.0,465
23103,Bell Heart Decoration,6442.949999999999,316
22738,Ribbon Reel Snowy Village,6431.68,352
21361,Love Large Wood Letters,6422.85,250
23134,Large Zinc Heart Wall Organiser,6414.48,37
21563,Red Heart Shape Love Bucket,6408.870000000001,302
22645,Ceramic Heart Fairy Cake Money Bank,6401.29,556
21500,Pink Spots  Wrap,6401.0,489
84568,Girls Alphabet Iron On Patches,6399.57,72
37450,Ceramic Cake Bowl + Hanging Cakes,6398.55,313
22661,Charlotte Bag Dolly Girl Design,6365.84,536
20717,Strawberry Shopper Bag,6353.53,500
22221,Cake Stand Lovebird 2 Tier Pink,6339.0,138
23229,Vintage Donkey Tail Game,6336.43,219
22528,Gardeners Kneeling Pad,6329.83,449
23534,Stop For Tea Wall Art,6320.88,194
37448,Ceramic Cake Design Spotted Mug,6308.0199999999995,433
47502,Polkadot Cutlery 24 Pcs In Tray,6307.15,58
21041,Red Spotty Oven Glove Double,6298.6,330
22199,Frying Pan Red Polkadot,6281.71,273
22783,Set 3 Wicker Oval Baskets W Lids,6277.17,44
22414,Doormat Neighbourhood Witch,6275.2,162
22669,Red Baby Bunting,6266.75,334
22332,Skulls Party Bag + Sticker Set,6264.049999999999,334
22360,"Glass Jar, English Confectionery",6254.700000000001,303
22141,Christmas Craft Tree Top Angel,6249.280000000001,434
23553,Landmark Frame Camden Town,6244.85,62
22220,Cake Stand Lovebird 2 Tier White,6230.049999999999,244
22798,Antique Glass Dressing Table Pot,6228.360000000001,258
21876,Pottering Mug,6222.47,403
22826,Love Seat Antique White Metal,6210.0,41
22432,Watering Can Pink Bunny,6204.5,430
22059,Ceramic Strwberry Design Mug,6194.63,365
22577,Wooden Heart Christmas Scandinavian,6155.45,727
23382,Box Of 6 Christmas Cake Decorations,6155.04,163
23541,Wall Art Classic Puddings,6154.69,120
22780,Light Garland Butterfiles Pink,6142.09,177
22526,Wheelbarrow For Children,6133.62,187
85175,Cacti T-Light Candles,6128.12,409
37500,Tea Time Teapot In Gift Box,6126.7699999999995,216
23480,Mini Lights Woodland Mushrooms,6118.59,173
85068,Cream Sweetheart Shelf + Hooks,6097.56,173
22810,Set Of 6 T-Lights Snowmen,6088.130000000001,280
22080,Ribbon Reel Spots Design,6081.25,438
21584,Retro Spot Small Tube Matches,6058.5,347
21499,Blue Spots  Wrap,6048.5,458
85047,White Beaded Garland String 20Light,6043.099999999999,201
22582,Pack Of 6 Sweetie Gift Boxes,6025.360000000001,252
22945,Christmas Metal Tags Assorted,6025.21,278
22739,"Ribbon Reel, Xmas Sock/Bauble",6024.84,426
22224,White Lovebird Lantern,6016.950000000001,304
22644,Ceramic Cherry Cake Money Bank,6016.429999999999,465
22174,Photo Cube,6011.24,303
22431,Watering Can Blue Elephant,6004.75,498
21201,Tropical  Honeycomb Paper Garland,5980.35,183
21586,Kings Choice Giant Tube Matches,5977.950000000001,236
47559B,Tea Time Oven Glove,5977.87,609
22504,Cabin Bag Vintage Retrospot,5976.95,76
23307,Set Of 60 Pantry Design Cake Cases,5974.389999999999,504
21989,Pack Of 20 Skull Paper Napkins,5973.09,468
22045,Space Boy Gift Wrap,5929.14,469
22430,Enamel Watering Can Cream,5916.4400000000005,303
23535,Bicycle Saftey Wall Art,5898.61,162
21107,Cream Slice Flannel Pink Spot,5873.55,228
22849,"Bread Bin, Diner Style, Mint",5872.66,151
22596,Christmas Star Wish List Chalkboard,5853.92,402
22187,Green Christmas Tree Card Holder,5838.0199999999995,290
22491,Pack Of 12 Coloured Pencils,5831.36,360
23169,Classic Glass Sweet Jar,5829.65,262
84884A,Ant White Wire Heart Spiral,5817.66,269
23172,Regency Tea Plate Pink,5793.28,224
85062,Pearl Crystal Pumpkin T-Light Hldr,5792.07,278
22979,Pantry Washing Up Brush,5785.71,304
22435,Set Of 9 Heart Shaped Balloons,5783.04,445
85178,Victorian Sewing Kit,5777.54,254
20973,12 Pencil Small Tube Woodland,5776.55,514
23247,Biscuit Tin 50'S Christmas,5760.52,271
22142,Christmas Craft White Fairy,5741.94,429
84032B,Charlie + Lola Red Hot Water Bottle,5741.6,405
22377,Bottle Bag Retrospot,5741.29,288
72802C,Vanilla Scent Candle Jewelled Box,5725.34,234
22185,Slate Tile Natural Hanging,5723.599999999999,375
23485,Botanical Gardens Wall Clock,5719.0,80
22498,Wooden Regatta Bunting,5704.45,294
22130,Party Cone Christmas Decoration,5704.04,358
23113,Pantry Chopping Board,5695.860000000001,43
22841,Round Cake Tin Vintage Green,5691.7300000000005,286
23296,Set Of 6 Tea Time Baking Cases,5684.650000000001,319
21918,Set 12 Kids Colour  Chalk Sticks,5681.2,585
20751,Funky Washing Up Gloves Assorted,5652.120000000001,408
22781,Gumball Magazine Rack,5633.54,225
23204,Charlotte Bag Apples Design,5632.15,425
21625,Vintage Union Jack Apron,5630.64,245
85174,S/4 Cacti Candles,5606.82,229
22971,Queens Guard Coffee Mug,5603.570000000001,233
22311,Office Mug Warmer Black+Silver,5576.95,190
23311,Vintage Christmas Stocking,5564.25,281
22364,Glass Jar Digestive Biscuits,5556.55,224
21988,Pack Of 6 Skull Paper Plates,5544.05,350
22855,Fine Wicker Heart,5541.56,345
22063,Ceramic Bowl With Strawberry Design,5532.55,258
23312,Vintage Christmas Gift Sack,5523.0,193
22848,Bread Bin Diner Style Pink,5467.55,133
22331,Woodland Party Bag + Sticker Set,5456.36,345
22951,72 Cake Cases Dolly Girl Design,5455.46,517
22898,Childrens Apron Apple Design,5455.099999999999,374
22065,Christmas Pudding Trinket Pot,5453.99,333
21240,Blue  Spotty Cup,5440.98,568
16161P,Wrap English Rose,5435.4,440
72756,Fairy Cake Candles,5432.66,127
22148,Easter Craft 4 Chicks,5430.3,243
21110,Large Cake Towel Pink Spots,5426.45,229
21703,Bag 125G Swirly Marbles,5416.09,452
22119,Peace Wooden Block Letters,5409.46,330
23118,Parisienne Jewellery Drawer,5399.02,225
22578,Wooden Star Christmas Scandinavian,5394.48,664
23135,Small Zinc Heart Wall Organiser,5378.8,42
22899,Childrens Apron Dolly Girl,5367.08,354
22168,"Organiser Wood, Antique White",5349.3,304
21768,Wall Mounted Vintage Organiser,5339.79,123
21207,Skull And Crossbones  Garland,5337.2,212
37495,Fairy Cake Birthday Candle Set,5337.0,288
22575,Metal Merry Christmas Wreath,5321.849999999999,299
23531,Wall Art Big Love,5319.36,97
21432,Set Of 3 Cases Woodland Design,5298.650000000001,227
22746,Poppy'S Playhouse Livingroom,5292.02,460
22964,3 Piece Spaceboy Cookie Cutter Set,5288.740000000001,321
22060,Large Cake Stand Hanging Hearts,5285.22,143
21667,Glass Cake Cover And Plate,5272.549999999999,141
23126,Dollcraft Girl Amelie Kit,5272.28,271
22070,Small Retro Spot Mug In Box  Red,5267.26,275
22845,Vintage Cream Cat Food Container,5257.78,295
22341,Love Garland Painted Zinc,5252.599999999999,139
23583,Lunch Bag Paisley Park,5251.25,298
21239,Pink  Spotty Cup,5234.22,551
22441,Grow Your Own Basil In Enamel Mug,5215.5,390
22437,Set Of 9 Black Skull Balloons,5197.6,358
23192,Bundle Of 3 Alphabet Exercise Books,5197.169999999999,312
22854,Cream Sweetheart Egg Holder,5177.95,216
22282,12 Egg House Painted Wood,5176.67,143
21491,Set Of Three Vintage Gift Wraps,5167.049999999999,222
22460,Embossed Glass Tealight Holder,5162.34,289
21934,Skull Shoulder Bag,5155.7,345
79067,Corona Mexican Tray,5143.7,275
23133,Large Ivory Heart Wall Organiser,5142.91,134
22564,Alphabet Stencil Craft,5137.01,312
22660,Doormat I Love London,5136.67,148
22670,French Wc Sign Blue Metal,5136.36,315
84832,Zinc Willie Winkie  Candle Stick,5127.219999999999,442
21587,Cosy Hour Giant Tube Matches,5127.150000000001,255
23158,Set Of 5 Lucky Cat Magnets,5117.32,187
20983,12 Pencils Tall Tube Red Spotty,5107.9,546
23188,Vintage  2 Meter Folding Ruler,5100.16,282
21495,Skulls Wrap,5098.3,375
21078,Set/20 Strawberry Paper Napkins,5097.7699999999995,537
84520B,Pack 20 English Rose Paper Napkins,5096.74,528
21900,"Key Fob , Shed",5094.29,654
22763,Key Cabinet Ma Campagne,5089.59,119
21452,Toadstool Money Box,5083.250000000001,328
22483,Red Gingham Teddy Bear,5080.68,302
79029,Glass Honeypot Wasp Catcher,5073.15,292
22842,Biscuit Tin Vintage Red,5068.1,219
84971S,Small Heart Flowers Hook,5053.259999999999,325
22117,Metal Sign Her Dinner Is Served,5051.6,196
23157,Set Of 6 Nativity Magnets,5031.55,145
23177,Treasure Island Book Box,5029.8,214
22165,"Diamante Heart Shaped Wall Mirror,",5020.41,127
46000S,Polyester Filler Pad 40X40Cm,5003.95,369
35832,Woolly Hat Sock Glove Advent String,4995.85,162
21872,Glamorous  Mug,4993.0,285
23132,Small Ivory Heart Wall Organiser,4989.08,141
21112,"Swiss Roll Towel, Pink  Spots",4972.63,128
22687,Doormat Christmas Village,4966.929999999999,113
40016,Chinese Dragon Paper Lanterns,4961.12,196
22534,Magic Drawing Slate Spaceboy,4954.26,467
21730,Glass Star Frosted T-Light Holder,4952.09,259
22030,Swallows Greeting Card,4948.05,601
22443,Grow Your Own Herbs Set Of 3,4945.4400000000005,238
35004B,Set Of 3 Black Flying Ducks,4937.8,120
21528,Dairy Maid Traditional Teapot,4937.650000000001,215
22602,Christmas Retrospot Heart Wood,4936.99,405
85038,6 Chocolate Love Heart T-Lights,4935.76,282
22737,Ribbon Reel Christmas Present,4925.54,381
23154,Set Of 4 Jam Jar Magnets,4922.01,214
23556,Landmark Frame Covent Garden,4912.05,52
21069,Vintage Billboard Tea Mug,4909.400000000001,178
22335,Heart Decoration Painted Zinc,4895.1,336
23310,Bubblegum Ring Assorted,4894.83,213
22957,Set 3 Paper Vintage Chick Paper Egg,4872.3,196
22175,Pink Owl Soft Toy,4867.4800000000005,296
22894,Tablecloth Red Apples Design,4861.95,173
22196,Small Heart Measuring Spoons,4860.7,565
22378,Wall Tidy Retrospot,4850.66,288
85132C,Charlie And Lola Figures Tins,4843.53,191
22186,Red Star Card Holder,4840.84,284
22433,Watering Can Green Dinosaur,4833.92,352
21832,Chocolate Calculator,4833.23,281
84937,Kashmir Folkart Tumblers,4827.82,83
22156,Heart Decoration With Pearls,4816.42,414
23263,Set Of 3 Wooden Heart Decorations,4791.58,389
23162,Regency Tea Strainer,4789.24,142
21700,Big Doughnut Fridge Magnets,4786.83,325
22610,Pens Assorted Funny Face,4764.98,223
84032A,Charlie+Lola Pink Hot Water Bottle,4745.26,346
23555,Landmark Frame Notting Hill,4730.65,48
23554,Landmark Frame Oxford Street,4730.65,54
22906,12 Message Cards With Envelopes,4716.0,346
85061W,White Jewelled Heart Decoration,4714.5199999999995,330
22956,36 Foil Heart Cake Cases,4699.370000000001,225
82599,Fanny'S Rest Stopmetal Sign,4695.3,354
23052,Recycled Acapulco Mat Turquoise,4694.75,221
21056,Doctor'S Bag Soft Toy,4681.63,179
22896,Peg Bag Apple Design,4680.37,291
37446,Mini Cake Stand With Hanging Cakes,4677.4,311
23295,Set Of 12 Mini Loaf Baking Cases,4670.63,359
22412,Metal Sign Neighbourhood Witch,4661.1,308
22399,Magnets Pack Of 4 Childhood Memory,4659.84,255
20978,36 Pencils Tube Skulls,4654.17,396
22434,Balloon Pump With 10 Balloons,4654.13,262
22442,Grow Your Own Flowers Set Of 3,4653.66,164
21577,Save The Planet Cotton Tote Bag,4648.5,330
22472,Tv Dinner Tray Dolly Girl,4644.27,203
22998,Travel Card Wallet Keep Calm,4641.32,437
22509,Sewing Box Retrospot Design,4640.4,172
22115,Metal Sign Empire Tea,4639.530000000001,350
23314,Vintage Christmas Tablecloth,4638.52,104
84270,Asstd Design Bubble Gum Ring,4622.099999999999,385
22688,Doormat Peace On Earth Blue,4621.360000000001,85
21896,Potting Shed Twine,4618.08,226
23165,Large Ceramic Top Storage Jar,4617.9,220
21407,Brown Check Cat Doorstop,4606.25,329
23558,Landmark Frame London Bridge,4604.2,47
22200,Frying Pan Pink Polkadot,4602.79,230
22691,Doormat Welcome Sunrise,4602.26,182
22562,Monsters Stencil Craft,4600.54,362
21544,Skulls  Water Transfer Tattoos,4599.5,366
22128,Party Cones Candy Assorted,4588.65,186
85049G,Chocolate Box Ribbons,4570.5,459
21116,Owl Doorstop,4569.54,246
23234,Biscuit Tin Vintage Christmas,4567.38,232
23159,Set Of 5 Pancake Day Magnets,4562.7300000000005,195
22305,Coffee Mug Pink Paisley Design,4559.8,126
23286,Blue Vintage Spot Beaker,4528.29,164
22604,Set Of 4 Napkin Charms Cutlery,4512.610000000001,221
22222,Cake Plate Lovebird White,4512.45,297
21363,Home Small Wood Letters,4509.45,331
23569,Tradtional Alphabet Stamp Set,4497.3,174
22772,Pink Drawer Knob Acrylic Edwardian,4496.91,214
22241,"Garland , Wooden  "" Happy Easter""",4483.06,335
47568,English Rose Design Peg Bag,4478.78,320
21713,Citronella Candle Flowerpot,4472.25,325
21986,Pack Of 12 Pink Spot Tissues,4469.15,376
22583,Pack Of 6 Handbag Gift Boxes,4455.6,284
85063,Cream Sweetheart Magazine Rack,4455.25,150
22304,Coffee Mug Blue Paisley Design,4455.110000000001,142
21614,Set Of 12 Rose Botanical T-Lights,4452.650000000001,178
85184D,S/4 Blue Round Decoupage Boxes,4445.139999999999,52
23010,Circus Parade Baby Gift Set,4444.75,89
48197,Door Mat Bird On The Wire,4437.95,137
21718,Red Metal Beach Spade,4412.57,308
22218,Cake Stand Lace White,4406.75,183
22027,Tea Party Birthday Card,4395.65,636
84467,English Rose Design Quilted Throw,4391.1,45
22203,Milk Pan Red Retrospot,4386.64,270
23285,Pink Vintage Spot Beaker,4384.83,132
22672,French Bathroom Sign Blue Metal,4382.669999999999,298
15044B,Blue Paper Parasol,4376.400000000001,148
23176,Abc Treasure Book Box,4373.26,186
22276,Wash Bag Vintage Rose Paisley,4372.5,303
20977,36 Pencils Tube Woodland,4357.64,357
23526,Dog Licence Wall Art,4346.82,91
23198,Pantry Magnetic  Shopping List,4341.19,374
21313,Glass Heart T-Light Holder,4338.75,258
82581,Toilet Metal Sign,4337.97,728
22571,Rocking Horse Red Christmas,4336.8099999999995,379
21706,"Folding Umbrella , Red/White Spot",4334.53,184
21471,Strawberry Raffia Food Cover,4324.95,229
84968A,S/16 Vintage Rose Cutlery,4302.45,116
21071,Vintage Billboard Drink Me Mug,4299.7,314
23275,Set Of 3 Hanging Owls Ollie Beak,4291.17,270
22318,Five Heart Hanging Decoration,4281.150000000001,286
21578,Woodland Design  Cotton Tote Bag,4275.0,276
22374,Airline Bag Vintage Jet Set Red,4273.34,341
21878,Pack Of 6 Sandcastle Flags Assorted,4273.17,290
22732,3D Vintage Christmas Stickers,4263.59,243
23288,Green Vintage Spot Beaker,4261.889999999999,134
84968C,S/16 Vintage Pistachio Cutlery,4254.299999999999,97
15044D,Red Paper Parasol,4252.84,188
22908,Pack Of 20 Napkins Red Apples,4246.44,410
21967,Pack Of 12 Skull Tissues,4246.29,371
22593,Christmas Gingham Star,4246.11,311
23503,Playing Cards Keep Calm & Carry On,4242.96,327
22361,Glass Jar Daisy Fresh Cotton Wool,4242.650000000001,264
23530,Wall Art Only One Person,4241.25,74
21564,Pink  Heart Shape Love Bucket,4237.47,254
22892,Salt And Pepper Shakers Toadstools,4236.81,274
22110,Bird House Hot Water Bottle,4233.11,323
21249,Woodland  Height Chart Stickers,4233.05,189
22611,Vintage Union Jack Shopping Bag,4227.6,185
84509A,English Rose Placemats,4224.89,270
22071,Small Retro Spot Mug In Box  White,4220.7,236
20747,Piccadilly Tea Set,4212.55,70
21916,Set 12 Retro White Chalk Sticks,4211.9800000000005,537
23237,Set Of 4 Knick Knack Tins Leaves,4208.05,169
23494,Vintage Doily Deluxe Sewing Kit,4194.900000000001,176
23389,Spaceboy Mini Backpack,4188.45,205
21506,"Fancy Font Birthday Card,",4186.92,544
22291,"Spring Dec , Hanging Chick Cream",4185.3,209
23167,Small Ceramic Top Storage Jar,4184.18,177
22801,Antique Glass Pedestal Bowl,4175.85,226
22653,Button Box,4158.36,231
22299,Pig Keyring With Light & Sound,4147.69,128
15060B,Fairy Cake Design Umbrella,4138.17,274
20681,Pink Spotty Childs Umbrella,4135.75,274
21590,Kings Choice Cigar Box Matches,4128.78,280
21609,Set 12 Lavender  Botanical T-Lights,4127.450000000001,207
21591,Cosy Hour Cigar Box Matches,4124.33,356
79341,Willow Branch Lights.,4121.25,63
85184C,S/4 Valentine Decoupage Heart Box,4117.08,255
23404,Home Sweet Home Blackboard,4108.58,136
23205,Charlotte Bag Vintage Alphabet,4105.0199999999995,345
21899,"Key Fob , Garage Design",4090.93,523
22733,3D Stickers Traditional Christmas,4080.04,253
22476,Empire Union Jack Tv Dinner Tray,4079.47,188
16161U,"Wrap,Suki And Friends",4074.42,317
22426,Enamel Wash Bowl Cream,4073.3,273
21534,Dairy Maid Large Milk Jug,4071.75,295
23397,Foot Stool Home Sweet Home,4069.9,176
23241,Treasure Tin Gymkhana Design,4060.0,284
21474,Sweetheart Cream Steel Foldin Bench,4049.85,92
22451,Silk Purse Russian Doll Red,4048.8500000000004,197
10135,Colouring Pencils Brown Tube,4048.14,249
22760,"Tray, Breakfast In Bed",4041.1499999999996,103
22075,6 Ribbons Elegant Christmas,4031.2699999999995,256
22285,"Decoration Hen On Nest, Hanging",4028.5499999999997,212
21537,Retro Spots Pudding Bowl,4024.75,226
22601,Christmas Retrospot Angel Wood,4016.0699999999997,330
22833,Hall Cabinet With 3 Drawers,4013.59,11
22127,Party Cones Carnival Assorted,3998.45,146
84968D,S/16 Vintage Red Cutlery,3983.37,59
21355,Toast Its - I Love You,3982.15,278
22574,Heart Wooden Christmas Decoration,3980.62,309
22959,Wrap Christmas Village,3960.96,281
23163,Regency Sugar Tongs,3949.7000000000003,134
22053,Empire Design Rosette,3948.9199999999996,66
22721,Set Of 3 Cake Tins Sketchbook,3942.82,246
79320,Flamingo Lights,3940.7000000000003,122
21811,Christmas Hanging Heart With Bell,3937.97,270
21707,"Folding Umbrella , Black/Blue  Spot",3933.62,132
23129,Heart Shaped Holly Wreath,3933.1800000000003,165
22851,Set 20 Napkins Fairy Cakes Design,3931.8599999999997,451
21245,Green  Spotty Plate,3930.74,254
22474,Spaceboy Tv Dinner Tray,3928.14,189
20982,12 Pencils Tall Tube Skulls,3899.93,487
22278,Overnight Bag Vintage Rose Paisley,3899.05,239
85132A,Charlie + Lola Biscuits Tins,3896.65,147
22449,Silk Purse Russian Doll Pink,3886.53,234
22612,Tea Cosy Vintage Union Jack,3885.93,96
72807B,Set/3 Ocean Scent Candle Jewel Box,3884.51,162
22790,"Mirror, Arched Georgian",3884.000000000001,1
23144,Zinc T-Light Holder Stars Small,3879.98,237
23340,Vintage Christmas Cake Frill,3879.45,122
22425,Enamel Collander Cream,3879.26,261
23486,Antique Heart Shelf Unit,3879.15,68
37447,Ceramic Cake Design Spotted Plate,3876.97,264
22548,Heads And Tails Sporting Fun,3873.1,375
23557,Landmark Frame Baker Street,3867.85,29
72802B,Ocean Scent Candle In Jewelled Box,3862.88,189
22530,Magic Drawing Slate Dolly Girl,3862.44,375
23255,Childrens Cutlery Circus Parade,3852.44,143
46000M,Polyester Filler Pad 45X45Cm,3851.75,342
20961,Strawberry Bath Sponge,3850.66,314
21987,Pack Of 6 Skull Paper Cups,3848.8,347
22736,"Ribbon Reel, Making Snowmen",3834.2599999999998,298
21901,"Key Fob , Back Door",3833.42,575
21153,Red Spotty Tablecloth,3832.5,123
84279P,Cherry Blossom  Decorative Flask,3831.27,241
22167,"Wall Mirror , Diamante Oval Shape",3830.9,166
23306,Set Of 36 Doilies Pantry Design,3819.9399999999996,209
21143,Antique Glass Heart Decoration,3819.45,152
21068,Vintage Billboard Love/Hate Mug,3817.23,257
22600,Christmas Retrospot Star Wood,3793.3599999999997,345
71038,White Hanging Beads Candle Holder,3789.25,144
22747,Poppy'S Playhouse Bathroom,3789.0,327
51014A,"Feather Pen,Hot Pink",3787.7599999999998,247
22639,Set Of 4 Napkin Charms Hearts,3776.2200000000003,248
20967,Grey Floral Feltcraft Shoulder Bag,3771.09,272
23012,Glass Apothecary Bottle Perfume,3763.6400000000003,198
23050,Recycled Acapulco Mat Green,3763.55,176
21679,Skulls  Stickers,3756.47,268
22359,Glass Jar Kings Choice,3755.77,155
22926,Ivory Giant Garden Thermometer,3753.55,201
23193,Buffalo Bill Treasure Book Box,3750.57,137
23184,Bull Dog Bottle Opener,3749.5,197
23130,Mistletoe Heart Wreath Green,3748.42,167
20674,Green Spotty Bowl,3748.09,360
22454,Measuring Tape Russian Doll Red,3744.7000000000003,163
22573,Star Wooden Christmas Decoration,3739.3399999999997,290
72349B,Set/6 Purple Butterfly T-Lights,3734.0400000000004,237
20963,Apple Bath Sponge,3729.29,293
22782,Set 3 Wicker Storage Baskets,3712.2999999999997,84
22797,Chest Of Drawers Gingham Heart,3711.24,125
22800,Antique Tall Swirlglass Trinket Pot,3709.63,189
21714,Citronella Candle Garden Pot,3707.37,322
85040B,Set/4 Blue Flower Candles In Bowl,3703.95,232
21810,Christmas Hanging Star With Bell,3698.65,241
23309,Set Of 60 I Love London Cake Cases,3697.7,294
23351,Roll Wrap 50'S Christmas,3694.02,271
20981,12 Pencils Tall Tube Woodland,3691.47,427
21034,Rex Cash+Carry Jumbo Shopper,3689.7999999999997,1857
72802A,Rose Scent Candle In Jewelled Box,3689.2799999999997,169
21470,Flower Vine Raffia Food Cover,3687.1800000000003,266
22723,Set Of 6 Herb Tins Sketchbook,3686.1400000000003,235
22272,Feltcraft Doll Maria,3684.9100000000003,276
84968E,S/16 Vintage Black Cutlery,3682.8599999999997,62
23194,Gymkhanna Treasure Book Box,3679.67,170
84950,Assorted Colour T-Light Holder,3677.1400000000003,221
23110,Parisienne Key Cabinet,3673.7,219
21472,Ladybird + Bee Raffia Food Cover,3669.45,235
85053,French Enamel Candleholder,3667.29,277
22284,Hen House Decoration,3665.2499999999995,233
22594,Christmas Gingham Tree,3661.12,290
22980,Pantry Scrubbing Brush,3656.9399999999996,242
21494,Rotating Leaves T-Light Holder,3655.28,241
22823,Chest Natural Wood 20 Drawers,3655.0,18
47580,Tea Time Des Tea Cosy,3651.91,263
21795,Set Of 3 Blue Stripe Basket,3632.9700000000003,76
23131,Mistletoe Heart Wreath Cream,3632.63,108
85049C,Romantic Pinks Ribbons,3630.32,459
22830,Utilty Cabinet With Hooks,3623.2,16
21064,Boom Box Speaker Boys,3620.65,103
22775,Purple Drawerknob Acrylic Edwardian,3620.06,183
22965,3 Traditional Biscuit Cutters  Set,3618.32,228
23064,Cinderella Chandelier,3617.6000000000004,22
22544,Mini Jigsaw Spaceboy,3613.4,261
22788,Brocante Coat Rack,3609.95,68
21911,Garden Metal Sign,3609.8999999999996,256
23032,Drawer Knob Crackle Glaze Ivory,3606.8999999999996,182
23081,Green Metal Box Army Supplies,3606.39,115
22458,Cast Iron Hook Garden Fork,3599.6099999999997,151
22843,Biscuit Tin Vintage Green,3598.48,162
21109,"Large Cake Towel, Chocolate Spots",3596.1,162
21913,Vintage Seaside Jigsaw Puzzles,3590.02,204
22398,Magnets Pack Of 4 Swallows,3573.95,394
23049,Recycled Acapulco Mat Red,3572.75,169
23092,Large Antique White Photo Frame,3568.26,125
22245,"Hook, 1 Hanger ,Magic Garden",3563.5499999999997,273
23299,Food Cover With Beads Set 2,3556.42,122
35924,Hanging Fairy Cake Decoration,3554.4,100
22704,Wrap Red Apples,3553.0,293
84598,Boys Alphabet Iron On Patches,3542.61,41
ADJUST,Adjustment By John On 26/01/2010 16,3538.52,32
22536,Magic Drawing Slate Purdey,3537.7200000000003,327
22292,"Spring Dec , Hanging Chick  Yellow",3529.8999999999996,181
22125,Union Jack Hot Water Bottle,3514.6000000000004,157
22497,Set Of 2 Tins Vintage Bathroom,3511.5,205
23497,Classic Chrome Bicycle Bell,3508.75,172
23127,Dollcraft Girl Nicole,3506.3900000000003,182
70006,Love Heart Pocket Warmer,3495.5,171
23089,Glass Bon Bon Jar,3495.27,134
23191,Bundle Of 3 Retro Note Books,3492.3499999999995,245
22744,Make Your Own Monsoon Card Kit,3489.4900000000002,254
22057,Ceramic Plate Strawberry Design,3484.35,173
22591,Cardholder Gingham Christmas Tree,3474.14,174
84968B,S/16 Vintage Ivory Cutlery,3471.0,80
22118,Joy Wooden Block Letters,3466.03,243
23111,Parisienne Sewing Box,3464.8,124
22334,Dinosaur Party Bag + Sticker Set,3460.24,246
23349,Roll Wrap Vintage Christmas,3450.39,246
84558A,3D Dog Picture Playing Cards,3445.4500000000003,169
23542,70'S Alphabet Wall Art,3442.68,70
23085,Antique Silver Bauble Lamp,3437.7000000000003,72
23112,Parisienne Curio Cabinet,3437.3,183
23232,Wrap Vintage Petals  Design,3436.92,238
85206A,Cream Felt Easter Egg Basket,3436.2,283
21992,Vintage Paisley Stationery Set,3436.04,308
20692,Floral Elephant Soft Toy,3434.25,116
21743,Star Portable Table Light,3433.55,139
20665,Red Spotty Purse,3419.9500000000003,222
23091,Zinc Herb Garden Container,3419.5,192
22445,Pencil Case Life Is Beautiful,3417.5000000000005,212
21509,Cowboys And Indians Birthday Card,3396.07,498
22320,Birds Mobile Vintage Design,3390.46,169
22202,Milk Pan Pink Retrospot,3389.1,156
22227,"Decoration, Hanging Heart+Mirror",3379.55,381
20748,Kensington Coffee Set,3371.25,114
22764,"Rustic Wooden Cabinet, Glass Doors",3362.5699999999997,24
21717,Easter Tin Bucket,3355.95,143
22777,Glass Cloche Large,3341.3500000000004,76
22047,Empire Gift Wrap,3340.5,260
23294,Set Of 6 Snack Loaf Baking Cases,3336.94,291
22478,Birdhouse Garden Marker,3336.85,216
23552,Bicycle Puncture Repair Kit,3336.7200000000003,103
22743,Make Your Own Flowerpower Card Kit,3334.51,263
47505,Minature Coloured Gardening Set,3331.7000000000003,160
22731,3D Christmas Stamps Stickers,3329.68,203
72807A,Set/3 Rose Candle In Jewelled Box,3320.31,137
23189,Set Of 12 Fork Candles,3319.35,113
22314,Office Mug Warmer Choc+Blue,3315.5400000000004,180
23210,White Rocking Horse Hand Painted,3311.5,154
84596B,Small Dolly Mix Design Orange Bowl,3304.59,509
21067,Vintage Red Teatime Mug,3302.7200000000003,180
23571,Traditional Naughts & Crosses,3300.8999999999996,216
23156,Set Of 5 Mini Grocery Magnets,3297.2200000000003,184
18097C,White Tall Porcelain T-Light Holder,3293.7,159
22962,Jam Jar With Pink Lid,3293.65,257
23168,Classic Sugar Dispenser,3284.42,220
21556,Ceramic Strawberry Money Box,3281.1,174
23536,Village Show Wall Art,3274.03,74
22778,Glass Cloche Small,3271.46,144
23009,I Love London Baby Gift Set,3262.5499999999997,61
22807,Set Of 6 T-Lights Toadstools,3257.0400000000004,183
23332,Ivory Wicker Heart Large,3255.7499999999995,267
21039,Red Spotty Shopping Bag,3253.11,200
21902,"Key Fob , Front  Door",3244.59,408
22579,Wooden Tree Christmas Scandinavian,3242.74,460
22603,Christmas Retrospot Tree Wood,3239.65,301
21507,"Elephant, Birthday Card,",3232.8,470
84352,Silver Christmas Tree Bauble Stand,3232.1,118
84580,Mouse Toy With Pink T-Shirt,3228.8,312
21794,Classic French Style Basket Natural,3226.87,152
21917,Set 12 Kids  White Chalk Sticks,3226.38,381
22967,Set 3 Song Bird Paper Eggs Assorted,3224.65,131
22440,Balloon Water Bomb Pack Of 35,3224.52,258
22939,Apron Apple Delight,3222.33,152
22461,Savoy Art Deco Clock,3214.2999999999997,130
22176,Blue Owl Soft Toy,3212.8500000000004,217
23013,Glass Apothecary Bottle Tonic,3211.09,180
22765,Newspaper Stand,3210.2999999999997,42
21123,Set/10 Ivory Spotty Party Candles,3202.94,189
21732,Red Hanging Metal Star Tlight Hldr,3199.17,56
22769,Chalkboard Kitchen Organiser,3198.8,35
22589,Cardholder Gingham Star,3197.39,197
23230,Wrap Alphabet Design,3196.5,232
21349,Ivy Heart Wreath,3193.0,127
21211,Set Of 72 Skull Paper  Doilies,3192.6499999999996,184
22312,Office Mug Warmer Polkadot,3186.7900000000004,188
23426,Metal Sign Drop Your Pants,3186.7799999999997,171
20966,Sandwich Bath Sponge,3182.0,232
20702,Pink Padded Mobile,3178.0,237
21845,Dairy Maid Stripe Mug,3176.05,144
21993,Floral Folk Stationery Set,3171.4,282
22822,Cream Wall Planter Heart Shaped,3169.41,168
22459,Cast Iron Hook Garden Trowel,3164.96,148
20886,Box Of 9 Pebble Candles,3161.4,244
84356,Pompom Curtain,3155.0,94
23350,Roll Wrap Vintage Spot,3154.4,246
23388,Woodland Mini Backpack,3154.3500000000004,135
21469,Polka Dot Raffia Food Cover,3148.16,176
23239,Set Of 4 Knick Knack Tins Poppies,3142.4,155
21648,Assorted Tutti Frutti Small Purse,3141.88,120
22531,Magic Drawing Slate Circus Parade,3134.4,336
85040A,S/4 Pink Flower Candles In Bowl,3131.0899999999997,314
22700,Black And White Dog Bowl,3114.27,92
21054,Nurse'S Bag Soft Toy,3112.5,163
23065,Large Deco Jewellery Stand,3102.8,92
79323GR,Green Cherry Lights,3100.2000000000003,76
22494,Emergency First Aid Tin,3099.4,294
22702,Black And White Cat Bowl,3097.7999999999997,82
23308,Set Of 60 Vintage Leaf Cake Cases,3091.61,305
22902,Tote Bag I Love London,3091.54,140
23253,16 Piece Cutlery Set Pantry Design,3082.1,47
20992,Jazz Hearts Purse Notebook,3069.62,377
23353,6 Gift Tags Vintage Christmas,3068.82,253
21830,Assorted Creepy Crawlies,3059.95,225
21466,Red Flower Crochet Food Cover,3057.89,240
22475,Skull Design Tv Dinner Tray,3052.9,200
23342,Mint Diner Wall Clock,3051.5,155
21246,Red Spotty Big Bowl,3045.3,137
22122,Set Of 2 Fancy Font Tea Towels,3042.3500000000004,156
84975,Heart Shaped Mirror,3041.07,167
21179,No Junk Mail Metal Sign,3040.07,359
21364,Peace Small Wood Letters,3031.65,144
22076,6 Ribbons Empire,3030.4199999999996,240
37410,Black And White Paisley Flower Mug,3019.57,18
21351,Cinammon & Orange Wreath,3018.7,135
37501,Tea Time Tea Set In Gift Box,3006.2000000000003,146
22863,Soap Dish Brocante,3002.9,148
85232D,Set/3 Decoupage Stacking Tins,2998.95,175
22862,Love Heart Napkin Box,2993.0,184
22136,Love Heart Sock Hanger,2990.0999999999995,191
22406,Money Box Kings Choice Design,2987.78,174
23231,Wrap Doiley Design,2986.5,257
21473,Sweetheart Cream Steel Table Rect,2972.5499999999997,86
23346,Spaceboy Beaker,2970.75,138
22477,Watering Can Garden Marker,2967.45,183
22402,Magnets Pack Of 4 Vintage Collage,2962.81,239
21477,String Of 20 Rose Lights,2962.5,37
22107,Pizza Plate In Box,2957.3,185
23323,White Wicker Star,2954.7000000000003,270
23014,Glass Apothecary Bottle Elixir,2951.78,160
21864,Union Jack Flag Passport Cover,2947.02,259
21333,Classic White Frame,2946.65,197
21829,Dinosaur Keyrings Assorted,2940.0299999999997,300
22347,Pizza Slice Dish,2936.4500000000003,76
84849B,Fairy Soap Soap Holder,2932.99,226
22972,Children'S Spaceboy Mug,2921.0599999999995,191
22774,Red Drawer Knob Acrylic Edwardian,2918.71,135
22194,Black Diner Wall Clock,2918.05,142
23035,Drawer Knob Ceramic Ivory,2915.5899999999997,166
84837,White Sweethearts Cabinet 4 Drawers,2915.25,133
21812,Garland With Hearts And Bells,2913.15,124
22428,Enamel Fire Bucket Cream,2910.9300000000003,158
23461,Sweetheart Bird House,2908.55,83
21467,Cherry Crochet Food Cover,2905.27,212
22313,Office Mug Warmer Pink,2899.54,106
21055,Tool Box Soft Toy,2889.64,176
23242,Treasure Tin Buffalo Bill,2886.0800000000004,187
21705,Bag 500G Swirly Marbles,2883.2099999999996,183
21447,12 Ivory Rose Peg Place Settings,2882.33,228
82578,Kitchen Metal Sign,2879.3500000000004,544
23390,Dolly Girl Mini Backpack,2872.15,146
21519,Gin & Tonic Diet Greeting Card,2868.66,436
21100,Charlie And Lola Charlotte Bag,2864.05,159
23393,Home Sweet Home Cushion Cover,2861.25,201
22794,Sweetheart Wire Magazine Rack,2851.5,183
22309,Tea Cosy Red  Stripe,2850.93,169
15039,Sandalwood Fan,2848.9,180
21192,White Bell Honeycomb Paper,2842.25,113
22172,Metal Shelf With Rail,2839.0,156
18098C,Porcelain Butterfly Oil Burner,2832.8500000000004,177
84828,Jungle Popsicles Ice Lolly Holders,2826.81,233
85049D,Bright Blues Ribbons,2826.39,372
84279B,Cherry Blossom Decorative Flask,2820.15,188
21206,Strawberry Honeycomb  Garland,2819.7,190
21990,Modern Floral Stationery Set,2818.3,233
22154,Angel Decoration 3 Buttons,2816.16,227
22944,Christmas Metal Postcard With Bells,2813.03,102
23182,Toilet Sign Occupied Or Vacant,2807.69,254
22037,Robot Birthday Card,2806.0,474
21354,Toast Its - Best Mum,2797.25,169
23329,Decorative Wicker Heart Large,2794.6499999999996,215
23056,Flowers Chandelier T-Light Holder,2789.66,37
22710,Wrap I Love London,2787.68,168
84909A,Pink Paisley Quilt,2784.8,29
22712,Card Dolly Girl,2777.73,345
47504K,English Rose Garden Secateurs,2769.64,263
21796,Set Of 3 Red Stripe Baskets,2769.44,66
21626,Vintage Union Jack Pennant,2759.25,159
23290,Spaceboy Childrens Bowl,2757.15,174
85114B,Ivory Enchanted Forest Placemat,2756.45,157
84969,Assorted Colour Set 6 Teaspoons,2755.49,168
23345,Dolly Girl Beaker,2754.5,133
22963,Jam Jar With Blue Lid,2752.58,222
23354,6 Gift Tags 50'S Christmas,2750.9300000000003,261
22925,Blue Giant Garden Thermometer,2743.77,171
22949,36 Doilies Dolly Girl,2742.75,143
22674,French Toilet Sign Blue Metal,2741.48,243
23051,Recycled Acapulco Mat Blue,2741.35,133
22095,Lads Only Tissue Box,2741.16,188
22955,36 Foil Star Cake Cases,2740.04,156
22480,Red Tea Towel Classic Design,2730.56,245
21820,Glitter Heart Garland With Bells,2724.71,134
84813,Set Of 4 Diamond Napkin Rings,2722.47,69
22067,Choc Truffle Gold Trinket Pot,2717.1299999999997,180
22757,Large Red Babushka Notebook,2703.73,223
21272,Salle De Bain Hook,2703.11,230
22416,36 Doilies Spaceboy Design,2702.15,154
21328,Balloons  Writing Set,2691.3999999999996,374
23190,Bundle Of 3 School Exercise Books,2691.14,179
22897,Oven Mitt Apple Design,2683.2599999999998,248
21949,Set Of 6 Strawberry Chopsticks,2682.79,135
22162,Heart Garland Rustic Padded,2671.15,133
21728,Metal Medina Lantern,2670.6,36
84510A,Set Of 4 English Rose Coasters,2670.54,307
22990,Cotton Apron Pantry Design,2670.54,140
23147,Single Antique Rose Hook Ivory,2669.95,250
21682,Large Medina Stamped Metal Bowl,2667.21,141
90057,Diamante Ring Assorted In Box.,2660.88,34
22450,Silk Purse Russian Doll Blue,2660.3,166
22066,Love Heart Trinket Pot,2654.64,254
22436,12 Coloured Party Balloons,2637.85,255
21329,Dinosaurs  Writing Set,2635.99,369
23427,Stool Home Sweet Home,2635.9,106
22754,Small Red Babushka Notebook,2635.81,379
22277,Cosmetic Bag Vintage Rose Paisley,2633.42,189
23211,Red Rocking Horse Hand Painted,2631.5,116
21360,Joy Large Wood Letters,2631.35,92
22482,Blue Tea Towel Classic Design,2627.09,201
22755,Small Purple Babushka Notebook,2624.6,395
84596F,Small Marshmallows Pink Bowl,2623.46,410
22983,"Card, Billboard Font",2618.19,409
21765,Hanging Metal Bird Bath,2613.9,119
21508,Vintage Kid Dolly Card,2611.57,409
21683,Medium Medina Stamped Metal Bowl,2607.7000000000003,132
22046,Tea Party  Wrapping Paper,2603.0,207
22675,French Kitchen Sign Blue Metal,2599.91,226
22671,French Laundry Sign Blue Metal,2599.4599999999996,190
21709,Folding Umbrella  Choc/White  Spot,2597.41,79
22773,Green Drawer Knob Acrylic Edwardian,2591.46,171
23053,Recycled Acapulco Mat Pink,2589.9,129
21897,Potting Shed Candle Citronella,2588.27,100
85049B,Lush Greens Ribbons,2585.36,317
85227,Set/6 3D Kit Cards For Kids,2584.98,289
85183B,Charlie & Lola Wastepaper Bin Flora,2583.5,154
22293,"Spring Dec , Hanging Chick  Green",2582.25,154
22473,Tv Dinner Tray Vintage Paisley,2580.44,166
22177,5 Hook Blackboard Organiser,2579.64,102
23164,Regency Cake Slice,2579.21,80
21214,Set Of 72 Ivory Paper Doilies,2578.2,125
23212,Heart Wreath Decoration With Bell,2577.63,145
22696,Wicker Wreath Large,2577.2599999999998,245
21439,Basket Of Toadstools,2576.23,162
79164,Black Wine Glass,2573.7599999999998,67
85132B,Charlie And Lola Table Tins,2573.35,100
21589,Swallow Giant Tube Matches,2573.25,86
21096,Set/6 Fruit Salad  Paper Plates,2572.34,101
22145,Christmas Craft Heart Stocking,2566.0,169
85049F,Baby Boom Ribbons,2565.14,295
22828,Regency Mirror With Shutters,2565.0,11
23100,Silver Bells Table Decoration,2562.1,213
22572,Rocking Horse Green Christmas,2560.39,264
22452,Measuring Tape Russian Doll Pink,2559.7500000000005,165
21788,Kids Rain Mac Blue,2559.0299999999997,174
23395,Belle Jardiniere Cushion Cover,2555.73,175
22519,Childs Garden Brush Pink,2554.98,203
22372,Airline Bag Vintage World Champion,2554.08,228
21742,Large Round Wicker Platter,2552.55,189
21786,Rain Hat With Red Spots,2552.29,216
22905,Calendar In Season Design,2541.6400000000003,143
37340,Multicolour Spring Flower Mug,2539.31,95
20956,Porcelain T-Light Holders Assorted,2538.43,140
22762,Cupboard 3 Drawer Ma Campagne,2531.75,107
20985,Heart Calculator,2531.53,216
23266,Set Of 3 Wooden Stocking Decoration,2529.64,274
23146,Triple Hook Antique Ivory Rose,2526.02,211
22208,Wood Stamp Set Thank You,2525.87,311
22132,Red Love Heart Shape Cup,2521.88,238
22415,White Tissue Ream,2520.15,204
84012,Magic Sheep Wool Growing From Paper,2516.75,155
22518,Childs Garden Brush Blue,2515.38,201
22930,Baking Mould Heart Milk Chocolate,2513.12,145
23489,"Garland, Vintage Bells",2512.44,137
21688,Silver Plate Candle Bowl Small,2507.5000000000005,108
22974,Childrens Dolly Girl Mug,2502.5399999999995,163
15058A,Blue White Spots Garden Parasol,2499.05,106
23333,Ivory Wicker Heart Medium,2498.65,216
84944,Set Of 6 Kashmir Folkart Baubles,2493.75,149
21111,"Swiss Roll Towel, Chocolate  Spots",2493.3,128
22152,Place Setting White Star,2493.11,219
21327,Skulls Writing Set,2492.3999999999996,333
84519A,Tomato Charlie+Lola Coaster Set,2488.8900000000003,158
23292,Space Boy Childrens Cup,2486.37,164
84849D,Hot Baths Soap Holder,2484.78,227
21923,Red/Cream Stripe Fringe Hammock,2483.75,108
23196,Retro Leaves Magnetic Notepad,2479.0,233
22927,Green Giant Garden Thermometer,2474.6,140
22664,Toy Tidy Dolly Girl Design,2474.38,178
22028,Penny Farthing Birthday Card,2474.29,365
85035C,Rose 3 Wick Morris Box Candle,2470.82,168
21486,Pink Heart Dots Hot Water Bottle,2466.87,168
21188,3D Hearts  Honeycomb Paper Garland,2463.6000000000004,94
21171,Bathroom Metal Sign,2461.2999999999997,226
21818,Glitter Christmas Heart,2457.12,261
22576,Swallow Wooden Christmas Decoration,2456.77,243
21465,Pink Flower Crochet Food Cover,2456.36,157
22479,Daisy Garden Marker,2453.7,154
21422,Porcelain Rose Small,2448.36,107
47480,Hanging Photo Clip Rope Ladder,2441.68,99
22816,Card Motorbike Santa,2438.4,299
21224,Set/4 Skull Badges,2437.4,207
23681,Lunch Bag Red Vintage Doily,2432.55,118
22439,6 Rocket Balloons,2431.95,307
22914,Blue Coat Rack Paris Fashion,2429.19,149
15044C,Purple Paper Parasol,2428.5,160
23407,Set Of 2 Trays Home Sweet Home,2426.72,118
22792,Fluted Antique Candle Holder,2421.25,171
22937,Baking Mould Chocolate Cupcakes,2420.09,136
84509F,New England Placemats,2418.0,43
22503,Cabin Bag Vintage Paisley,2417.15,35
22081,Ribbon Reel Flora + Fauna,2411.87,212
21324,Hanging Medina Lantern Small,2410.7000000000003,126
21821,Glitter Star Garland With Bells,2408.85,107
22650,Ceramic Pirate Chest Money Bank,2403.45,221
85041,Set/4 Pink Orchid Candles In Bowl,2397.7799999999997,79
21653,Glass Etched T-Light Holder Large,2397.3,100
23264,Set Of 3 Wooden Sleigh Decorations,2396.7,249
22986,Gingham Rose Wrap,2388.22,203
21693,Small Hammered Silver Candlepot,2387.1000000000004,99
22500,Set Of 2 Tins Jardin De Provence,2383.85,177
21792,Classic French Style Basket Green,2368.1,132
22891,Tea For One Polkadot,2362.0099999999998,155
22651,Gentleman Shirt Repair Kit,2356.63,150
22419,Lipstick Pen Red,2350.86,287
21898,Potting Shed Rose Candle,2349.88,88
21813,Garland With Stars And Bells,2345.4,87
22146,Easter Craft Ivy Wreath With Chick,2342.85,99
22231,Jigsaw Tree With Birdhouse,2340.58,220
84754,S/15 Silver Glass Baubles In Bag,2338.06,161
21204,Daisies  Honeycomb Garland,2337.8999999999996,144
22540,Mini Jigsaw Circus Parade,2337.06,151
22217,T-Light Holder Hanging Lace,2336.02,172
82597,Bombs Away Metal Sign,2332.7400000000002,163
22315,200 Red + White Bendy Straws,2325.86,296
21191,Large White Honeycomb Paper Bell,2323.7000000000003,115
22495,Set Of 2 Round Tins Camembert,2322.3300000000004,189
51014C,"Feather Pen,Coal Black",2321.47,175
22818,Card Christmas Village,2319.48,288
23341,Pink Diner Wall Clock,2317.1,98
20752,Retro Blue Spotty Washing Up Gloves,2315.7000000000003,270
22270,Happy Easter Hanging Decoration,2314.41,129
22811,Set Of 6 T-Lights Cacti,2310.9300000000003,69
22448,Pin Cushion Russian Doll Red,2309.4100000000003,104
21924,Blue/Cream Stripe Fringe Hammock,2307.8,112
22537,Magic Drawing Slate Dinosaur,2304.78,285
22155,Star Decoration Rustic,2304.54,221
85206B,Pink Felt Easter Egg Basket,2303.2999999999997,162
22613,Pack Of 20 Spaceboy Napkins,2302.48,226
23437,50'S Christmas Gift Bag Large,2302.25,111
37502,Tea Time Mug In Gift Box,2300.9,148
22758,Large Purple Babushka Notebook,2299.64,221
22310,Knitted Mug Cosy Ivory Colour,2299.29,110
21948,Set Of 6 Cake Chopsticks,2298.31,114
21686,Medina Stamped Metal Stool,2296.9500000000003,29
23570,Traditional Pick Up Sticks Game,2295.0,231
85036A,Gardenia 1 Wick Morris Boxed Candle,2293.17,155
22911,Paper Chain Kit London,2292.9900000000002,143
22789,T-Light Holder Sweetheart Hanging,2292.09,180
20668,Disco Ball Christmas Decoration,2292.04,309
84912A,Pink Rose Washbag,2291.25,97
21747,Small Skull Windmill,2289.03,128
22581,Wood Stocking Christmas Scandispot,2282.2799999999997,263
21431,Green Gingham Flower Jewellery Box,2281.7999999999997,225
23396,Butterfly Cushion Cover,2278.23,164
21784,Shoe Shine Box,2275.25,135
22933,Baking Mould Easter Egg Milk Choc,2272.2000000000003,91
22597,Christmas Musical Zinc Heart,2271.23,205
21642,Assorted Tutti Frutti Pen,2270.85,184
23412,Heart Mirror Antique White,2269.14,71
22805,Blue Drawer Knob Acrylic Edwardian,2266.68,148
21464,Disco Ball Rotator Battery Operated,2265.5,214
22094,Red Polka Dot Tissue Box,2255.19,232
21973,Set Of 36 Mushroom Paper Doilies,2253.9,161
84795C,Ocean Stripe Hammock,2253.3,105
22566,"Feltcraft Hairband S/2, Pink/Purple",2251.7,250
23436,Gift Bag Large Vintage Christmas,2251.65,92
85015,Set Of 12  Vintage Postcard Set,2250.87,144
23048,Set Of 10 Lanterns Fairy Light Star,2248.14,85
23400,Shelf With 4 Hooks Home Sweet Home,2247.36,95
21789,Kids Rain Mac Pink,2245.68,177
22153,Angel Decoration Stars On Dress,2243.2200000000003,191
72799E,Ivory Pillar Candle Silver Flock,2242.84,132
85035B,Chocolate 3 Wick Morris Box Candle,2242.12,98
21616,4 Pear Botanical Dinner Candles,2241.25,155
21203,Butterflies  Honeycomb Garland,2240.25,106
85034B,3 White Choc Morris Boxed Candles,2232.73,111
21352,Eucalyptus & Pinecone  Wreath,2232.7000000000003,82
22129,Party Cones Candy Tree Decoration,2231.84,106
22642,Set Of 4 Napkin Charms Stars,2230.7000000000003,130
21462,"Nursery A,B,C Painted Letters",2230.15,157
22742,Make Your Own Playtime Card Kit,2227.4400000000005,161
21823,Painted Metal Heart With Holly Bell,2224.24,166
85034C,3 Rose Morris Boxed Candles,2223.73,158
84031A,Charlie+Lola Red Hot Water Bottle,2223.32,133
85199S,Small Hanging Ivory/Red Wood Bird,2222.99,291
21437,24 Hanging Easter Eggs Floral Tub,2222.1,99
22609,Pens Assorted Spaceball,2221.1,152
22713,Card I Love London,2214.2799999999997,240
22852,Enamel Dog Bowl Cream,2212.9,142
84912B,Green Rose Washbag,2212.5,84
23316,Red Refectory Clock,2212.25,95
21809,Christmas Hanging Tree With Bell,2202.69,148
21323,Hanging Medina Lantern Large,2201.25,54
72800E,4 Ivory Dinner Candles Silver Flock,2200.2,226
23498,Classic Bicycle Clips,2200.15,86
23079,Toadstool Bedside Light,2198.6,104
21540,Dairy Maid Ceramic Butter Dish,2195.5,73
85183A,Charlie & Lola Wastepaper Bin Blue,2194.75,132
84840,Sweetheart Carry-All Basket,2194.7,126
22281,Easter Tree Yellow Birds,2192.25,98
21873,If You Can'T Stand The Heat Mug,2191.75,150
23054,Recycled Acapulco Mat Lavender,2189.7,109
23330,Decorative Wicker Heart Medium,2181.19,195
21680,Woodland  Stickers,2179.3199999999997,149
22711,Wrap Circus Parade,2178.84,178
21819,Glitter Christmas Star,2173.7599999999998,231
22409,Money Box Biscuits Design,2172.8999999999996,123
22375,Airline Bag Vintage Jet Set Brown,2171.25,194
20960,Watermelon Bath Sponge,2169.95,141
79072,Teatime Cake Tin With Handle,2168.5,63
85014C,Blue/Brown Dots Ruffled Umbrella,2167.85,65
21696,Small Silver Trellis Candlepot,2165.3,95
21681,Giant Medina Stamped Metal Bowl,2164.2,74
22831,White Brocante Soap Dish,2157.8500000000004,118
22306,Silver Mug Bone China Tree Of Life,2157.17,148
22829,Brocante Shelf With Hooks,2156.2999999999997,104
23401,Rustic Mirror With Lace Heart,2155.51,70
21615,4 Lavender Botanical Dinner Candles,2154.5,134
35001W,Hand Open Shape Deco.White,2154.2400000000002,108
22824,3 Tier Sweetheart Garden Shelf,2153.9500000000003,48
23265,Set Of 3 Wooden Tree Decorations,2153.71,246
23252,Vintage Red Enamel Trim Jug,2153.34,125
22091,Empire Tissue Box,2152.81,242
22539,Mini Jigsaw Dolly Girl,2150.5699999999997,169
23406,Home Sweet Home Key Holder,2148.54,94
23360,Set 8 Candles Vintage Doiley,2148.2999999999997,107
22376,Airline Bag Vintage Jet Set White,2148.09,191
21126,Set Of 6 Girls Celebration Candles,2147.93,209
22735,Ribbon Reel Socks And Mittens,2146.38,159
22525,Childrens Garden Gloves Pink,2145.85,240
85034A,3 Gardenia Morris Boxed Candles,2145.11,110
23438,Red Spot Gift Bag Large,2143.5,98
21012,Antique All Glass Candlestick,2143.08,141
22524,Childrens Garden Gloves Blue,2142.91,232
22325,Mobile Vintage Hearts,2137.35,155
21468,Butterfly Crochet Food Cover,2136.67,118
84795B,Sunset Check Hammock,2135.85,83
21744,Snowflake Portable Table Light,2134.0400000000004,154
21330,Woodland Animal  Writing Set,2133.0499999999997,127
23445,Ice Cream Bubbles,2131.0099999999998,94
22708,Wrap Dolly Girl,2130.0,158
23093,Small Parisienne Heart Photo Frame,2122.67,123
84818,Danish Rose Photo Frame,2122.61,153
17091J,Vanilla Incense In Tin,2122.19,161
85107,Cut Glass T-Light Holder Octagon,2118.21,64
85035A,Gardenia 3 Wick Morris Boxed Candle,2112.17,154
21611,Set Of 12 Lily Botanical T-Lights,2110.65,134
22021,Blue Felt Easter Egg Basket,2106.45,208
23233,Wrap Poppies  Design,2105.5,158
23501,Key Ring Baseball Boot Union Jack,2103.3,85
85045,Green Christmas Tree String 20Light,2102.55,70
22676,"French Blue Metal Door Sign, 1",2102.39,221
47570,English Rose Table Cloth,2096.55,66
85199L,Large Hanging Ivory & Red Wood Bird,2092.23,188
23020,Glass  Songbird Storage Jar,2092.0,72
23046,Paper Lantern 9 Point Deluxe Star,2091.55,34
84469,Rose Des Padded Floor Cushion,2090.68,39
21125,Set 6 Football Celebration Candles,2087.77,199
22973,Childrens Circus Parade Mug,2086.18,120
23128,Feltcraft Boy Jean-Paul Kit,2085.13,129
85054,French Enamel Pot W Lid,2083.9100000000003,159
23029,Drawer Knob Crackle Glaze Green,2080.2,138
23504,Playing Cards Jubilee Union Jack,2073.73,190
21826,Eight Piece Dinosaur Set,2072.71,188
22024,Rainy Ladies Birthday Card,2069.53,292
21708,Folding Umbrella  Cream/Multi  Spot,2068.9,89
21866,Union Jack Flag Luggage Tag,2068.4,294
22716,Card Circus Parade,2066.43,341
21710,Folding Umbrella  Pink/White  Spot,2063.91,87
21638,Assorted Tutti Frutti Notebook,2062.2000000000003,118
21421,Porcelain Rose Large,2060.55,88
21651,Hanging Glass Etched Tealight,2060.25,107
22223,Cake Plate Lovebird Pink,2060.25,125
84670,Japanese Crocheted Animal,2045.04,168
21288,Stripey Chocolate Nesting Boxes,2036.8500000000001,130
84691,Pack 20 Dolly Pegs,2036.3999999999999,179
22363,Glass Jar Marmalade,2034.2900000000002,128
22342,Home Garland Painted Zinc,2029.1999999999998,115
21398,Red  Spotty Coffee  Mug,2028.75,97
22920,Herb Marker Basil,2027.0000000000002,195
21804,White Christmas Garland Stars Trees,2025.45,106
22400,Magnets Pack Of 4 Home Sweet Home,2024.81,224
21655,Hanging Ridge Glass T-Light Holder,2024.7,70
21408,Spotty Pink Duck Doorstop,2017.34,139
22471,Tv Dinner Tray Air Hostess,2017.33,122
22714,Card Birthday Cowboy,2016.93,253
84676,Bath Duck Watering Can,2016.52,98
22336,Dove Decoration Painted Zinc,2014.76,150
51014L,"Feather Pen,Light Pink",2014.56,164
21274,Embossed Heart 3 Drawer Shelf,2012.85,89
84509B,Fairy Cake Placemats,2009.8500000000001,139
21808,"Christmas Garland Stars,Trees",2008.75,79
84990,60 Gold And Silver Fairy Cake Cases,2006.23,161
40018F,Cherry Design Paperlanterns,2000.4399999999998,97
23326,Hanging Mini Coloured Bottles,1999.59,55
21215,Ivory Paper Cup Cake Cases,1999.09,182
23152,Ivory Sweetheart Wire Letter Rack,1998.51,149
21291,Small Spotty Chocolate Gift Bag,1995.07,126
47503J,Set/3 Floral Garden Tools In Bag,1994.0,42
21077,Set/20 Woodland Paper Napkins,1990.53,167
23028,Drawer Knob Crackle Glaze Blue,1990.29,114
23031,Drawer Knob Crackle Glaze Pink,1987.8,138
21106,Cream Slice Flannel Chocolate Spot,1982.3000000000002,120
23302,Kneeling Mat Housework  Design,1980.7099999999998,187
23403,Letter Holder Home Sweet Home,1980.31,110
23268,Set Of 2 Ceramic Christmas Reindeer,1980.1799999999998,78
22514,Childs Garden Spade Blue,1978.68,193
21905,More Butter Metal Sign,1977.8500000000001,195
21617,4 Lily  Botanical Dinner Candles,1970.0,142
17084R,Assorted Incense Pack,1968.45,66
23424,Gingham Recipe Book Box,1966.95,103
23490,T-Light Holder Hanging Love Bird,1965.63,95
22935,Baking Mould Rose Milk Chocolate,1964.25,52
23066,Small Deco Jewellery Stand,1963.65,76
15058C,Ice Cream Design Garden Parasol,1963.35,71
23352,Roll Wrap 50'S Red Christmas,1961.01,162
16237,Sleeping Cat Erasers,1959.3,340
23251,Vintage Red Enamel Trim Mug,1955.45,102
23529,Dolly Girl Wall Art,1952.3100000000002,30
22453,Measuring Tape Russian Doll Blue,1952.2500000000002,109
22932,Baking Mould Toffee Cup Chocolate,1950.9,64
21620,S/4 Rose    Botanical  Candle,1950.75,179
23197,Sketchbook Magnetic Shopping List,1950.74,183
23227,Filigree Heart Butterfly White,1947.06,87
21187,White Bell Honeycomb Paper Garland,1946.55,108
23374,Red Spot Paper Gift Bag,1944.08,122
21504,Skulls Greeting Card,1942.68,284
22023,Empire Birthday Card,1939.47,311
20703,Blue Padded Soft Mobile,1938.25,165
22286,"Decoration , Wobbly Rabbit , Metal",1937.0699999999997,144
22190,Local Cafe Mug,1935.93,124
79323S,Silver Cherry Lights,1933.25,46
84968F,S/16 Vintage Sky Blue Cutlery,1933.05,65
23500,Key Ring Baseball Boot Assorted,1928.8,84
23068,Aluminium Stamped Heart,1927.2500000000002,130
22903,Calendar Family Favorites,1924.88,54
22853,Enamel Cat Bowl Cream,1923.0,128
23213,Star Wreath Decoration With Bell,1921.94,121
15058B,Pink White Spots Garden Parasol,1920.95,91
23145,Zinc T-Light Holder Star Large,1919.34,150
21824,Painted Metal Star With Holly Bells,1918.1599999999999,159
22803,Ivory Embroidered Quilt,1915.65,30
22913,Red Coat Rack Paris Fashion,1914.39,105
21359,Relax Large Wood Letters,1913.9,67
21612,Set 12 Wildflower Botanical T-Light,1912.6000000000001,97
10133,Colouring Pencils Brown Tube,1910.79,203
23075,Double Ceramic Parlour Hook,1910.55,77
22515,Childs Garden Spade Pink,1908.48,166
22251,Birdhouse Decoration Magic Garden,1906.69,184
85162B,Black Retrodisc Lampshade,1905.15,13
84459B,Yellow Metal Chicken Heart,1903.05,137
23161,Regency Cake Fork,1896.6,68
23235,Storage Tin Vintage Leaf,1895.66,96
22859,Easter Tin Bunny Bouquet,1895.3999999999999,132
23315,Ivory Refectory Clock,1894.6999999999998,76
22362,Glass Jar Peacock Bath Salts,1893.9800000000002,177
16169E,Wrap 50'S  Christmas,1892.46,149
21348,Pink Spots Chocolate Nesting Boxes,1891.2,115
21482,Mushroom Blue Hot Water Bottle,1889.7500000000002,136
20984,12 Pencils Tall Tube Posy,1887.29,225
22405,Money Box Pocket Money Design,1884.05,192
84797A,Pink Hawaiian Picnic Hamper For 4,1883.55,25
22985,"Wrap, Billboard Fonts Design",1881.8,133
84536A,English Rose Notebook A7 Size,1881.58,413
23291,Dolly Girl Childrens Cup,1880.1399999999999,144
22832,Sweetheart Wire Wall Tidy,1875.55,77
85176,Sewing Susan 21 Needle Set,1875.4999999999998,174
22996,Travel Card Wallet Vintage Ticket,1875.12,292
22931,Baking Mould Heart White Chocolate,1873.51,110
21846,Pink Diamante Pen In Gift Box,1873.42,87
22321,Bird Decoration Red Spot,1870.12,157
23274,Star T-Light Holder Willie Winkie,1870.1099999999997,98
16016,Large Chinese Style Scissor,1864.75,105
23491,Vintage Jingle Bells Heart,1864.5,76
21476,Steel Sweetheart Round Table Cream,1864.0,74
21538,Dairy Maid  Pudding Bowl,1860.0,44
23289,Dolly Girl Childrens Bowl,1854.8500000000001,141
22799,Sweetheart Wire Fruit Bowl,1853.1,96
85106,Cut Glass Hexagon T-Light Holder,1849.0,44
72799F,Ivory Pillar Candle Gold Flock,1846.95,72
22521,Childs Garden Trowel Pink,1846.32,324
21085,Set/6 Woodland Paper Cups,1843.1200000000001,56
82567,"Airline Lounge,Metal Sign",1840.91,290
22520,Childs Garden Trowel Blue,1840.09,327
21627,Elephant Carnival Pouffe,1837.8999999999999,54
23094,Le Grand Tray Chic Set,1837.5,74
84509G,Fairy Cake Placemats,1836.75,125
21070,Vintage Billboard Mug,1836.16,163
23359,Set Of 12 T-Lights Vintage Doiley,1834.8,76
21619,4 Vanilla Botanical Candles,1832.5,168
23357,Hot Water Bottle Sex Bomb,1832.0,88
20770,Abstract Circle Journal,1831.2,113
21692,Silver Lattice Vanilla Candle Pot,1830.03,104
21389,Ivory Hanging Decoration  Bird,1826.9299999999998,194
21058,Party Invites Woodland,1824.32,207
22695,Wicker Wreath Small,1822.02,184
22133,Pink Love Heart Shape Cup,1819.9399999999998,171
20686,Dolly Mixture Children'S Umbrella,1817.63,160
21091,Set/6 Woodland Paper Plates,1817.16,34
79323G,Gold  Cherry Lights,1817.0,51
22522,Childs Garden Fork Blue,1815.1299999999999,307
21761,Wood And Glass Medicine Cabinet,1814.75,24
85114A,Black Enchanted Forest Placemat,1813.35,83
21741,Cosy Slipper Shoes Large Green,1803.9000000000003,132
23367,Set 12 Colour Pencils Spaceboy,1803.3,231
21613,S/12 Vanilla  Botanical T-Lights,1802.6000000000001,135
84856S,Small Tahiti Beach Bag,1802.49,29
47591C,Blue Fairy Cake Child'S Apron,1800.45,146
21287,Scented Velvet Lounge Candle,1799.82,83
21394,Red Spotty Beaker,1795.27,132
22677,"French Blue Metal Door Sign, 2",1793.76,189
22496,Set Of 2 Round Tins Dutch Cheese,1790.5400000000002,174
84327A,Pink Jumper Larry The Lamb,1788.72,117
22343,Party Pizza Dish Red White Spot,1785.54,132
21841,Baby Mouse Red Gingham Dress,1785.25,123
22523,Childs Garden Fork Pink,1783.4199999999998,313
20684,Strawberry Dream Childs Umbrella,1781.0,157
84763,Zinc Finish 15Cm Planter Pots,1778.27,148
23525,Buffalo Bill Wall Art,1777.89,44
21983,Pack Of 12 Blue Paisley Tissues,1776.84,263
20931,Blue Pot Plant Candle,1776.2500000000002,102
23371,Set 36 Colour Pencils Spaceboy,1775.22,133
85162C,White Retrodisc Lampshade,1775.1,41
47585A,Pink Fairy Cake Cushion Cover,1773.75,83
23005,Travel Card Wallet I Love London,1767.72,175
21082,Set/20 Fruit Salad Paper Napkins,1764.3,117
22338,Star Decoration Painted Zinc,1763.25,180
21557,Set Of 6 Funky Beakers,1758.39,133
21241,Green Spotty Cup,1756.6,215
23148,Miniature Antique Rose Hook Ivory,1752.3500000000001,234
85217,Assorted Ice Cream Fridge Magnets,1751.91,136
22785,Cushion Cover Pink Union Flag,1751.29,95
85216,Assorted Cakes Fridge Magnets,1744.38,149
21760,French Style Wall Dresser,1740.0,12
21424,Woodland Storage Box Large,1739.5400000000002,61
21445,12 Pink Rose Peg Place Settings,1733.58,115
35001G,Hand Open Shape Gold,1731.42,60
22858,Easter Tin Keepsake,1727.1,112
23228,Filigree Heart Bird White,1726.3,78
21200,Multicolour Honeycomb Paper Garland,1724.35,75
22948,Metal Decoration Naughty Children,1724.31,130
85232A,Set/3 Polka Dot Stacking Tins,1723.65,122
21088,Set/6 Fruit Salad Paper Cups,1723.3300000000002,104
23090,Vintage Glass T-Light Holder,1722.7900000000002,122
20764,Abstract Circles Sketchbook,1721.88,144
20772,Garden Path Journal,1721.56,130
84031B,Charlie Lola Blue Hot Water Bottle,1720.04,109
22533,Magic Drawing Slate Bake A Cake,1719.42,198
21280,Vintage Kitchen Print Vegetables,1714.2,53
20871,Opulent Velvet Set/3 Candles,1713.3,76
22535,Magic Drawing Slate Bunnies,1709.58,257
21947,Set Of 6 Heart Chopsticks,1708.17,169
22074,6 Ribbons Shimmering Pinks,1707.59,152
22210,Wood Stamp Set Best Wishes,1707.56,226
22546,Mini Jigsaw Fido,1707.43,135
20716,Party Food Shopper Bag,1705.8,169
22098,Boudoir Square Tissue Box,1702.83,231
22559,Seaside Frisbee,1701.3600000000001,136
23244,Round Storage Tin Vintage Leaf,1692.9099999999999,105
22706,Wrap Cowboys,1690.3,123
21640,Assorted Tutti Frutti  Fob Notebook,1689.2199999999998,135
85172,Hyacinth Bulb T-Light Candles,1688.52,137
23358,Hot Stuff Hot Water Bottle,1686.15,67
22246,"Garland, Magic Garden 1.8M",1685.8799999999999,105
23073,Georgian Trinket Box,1681.5,59
21677,Hearts  Stickers,1677.83,197
21695,Small Silver Flower Candle Pot,1677.8000000000002,75
22513,Doorstop Football Design,1675.96,143
22614,Pack Of 12 Spaceboy Tissues,1673.6499999999999,298
23155,Knickerbockerglory Magnet Assorted,1669.38,111
90167,Beaded Love Heart Jewellery Set,1667.86,75
85221,Assorted Colour Silk Coin Purse,1667.5900000000001,43
21547,Ceramic Birdhouse Crested Tit Small,1662.45,90
22753,Small Yellow Babushka Notebook,1662.09,331
20658,Red Spotty Luggage Tag,1661.69,223
22586,Feltcraft Hairband Pink And Blue,1660.03,235
22587,"Feltcraft Hairband, S/2, Red/Blue",1658.31,245
20785,Fuschia Retro Bar Stool,1657.8,17
85059,French Enamel Water Basin,1655.31,142
21647,Assorted Tutti Frutti Large Purse,1654.8000000000002,109
84797B,Blue Savannah Picnic Hamper For 4,1654.5,24
85049H,Urban Black Ribbons,1653.3,210
23160,Regency Tea Spoon,1651.8,60
84581,Dog Toy With Pink Crochet Skirt,1650.19,177
23057,Gemstone Chandelier T-Light Holder,1646.14,41
84796B,Blue Savannah Picnic Hamper For 2,1645.3,32
23370,Set 36 Colour Pencils Doiley,1643.8600000000001,106
22307,Gold Mug Bone China Tree Of Life,1640.4099999999999,101
85060,Wood Fan With Flower Design,1638.43,74
22279,Pocket Bag Blue Paisley Red Spot,1636.86,121
22438,Balloon Art Make Your Own Flowers,1636.65,129
35953,Folkart Star Christmas Decorations,1636.1599999999999,106
21397,Blue  Spotty Egg Cup,1635.54,116
22319,Hairclips Forties Fabric Assorted,1635.01,163
35971,Rose Folkart Heart Decorations,1633.45,122
21357,Toast Its - Dinosaur,1630.42,164
21593,Swallow Cigar Box Matches,1628.06,93
20846,Zinc Heart Lattice T-Light Holder,1627.97,127
21643,Assorted Tutti Frutti Mirror,1627.2,103
21652,Glass Etched T-Light Holder Medium,1625.85,72
22211,Wood Stamp Set Flowers,1625.28,202
23214,Jingle Bell Heart Antique Gold,1624.83,92
23434,3 Raffia Ribbons 50'S Christmas,1624.5,134
84507B,Stripes Design Monkey Doll,1622.85,89
22166,"Wall Mirror , Rect Diamante, Pink/",1622.6100000000001,41
21687,Silver Plate Candle Bowl Large,1619.58,78
21158,Moody Girl Door Hanger,1614.31,260
23270,Set Of 2 Ceramic Painted Hearts,1612.85,118
21161,Keep Out Boys Door Hanger,1611.1699999999998,161
22565,Feltcraft Hairbands Pink + White,1610.8899999999999,220
22184,Cake Stand Victorian Filigree Large,1609.2,71
22678,"French Blue Metal Door Sign, 3",1608.68,172
22035,Vintage Caravan Greeting Card,1608.22,244
23096,Petit Tray Chic,1606.7299999999998,117
21865,Pink Union Jack  Passport Cover,1601.5800000000002,207
22026,Banquet Birthday  Card,1592.88,261
22922,Fridge Magnets Us Diner Assorted,1592.6999999999998,99
21659,Glass Cake Stand,1591.7,56
22161,Heart Decoration Rustic Hanging,1590.98,219
35160,Buddha Incense Holder Assorted,1587.24,53
22928,Yellow Giant Garden Thermometer,1583.17,91
22410,Money Box Housekeeping Design,1582.73,170
84459A,Pink Metal Chicken Heart,1582.7,107
22201,Frying Pan Blue Polkadot,1581.75,106
85231B,Cinammon Set Of 9 T-Lights,1581.56,286
20990,Spring Flower Chopsticks Set/5,1581.1499999999999,87
22254,Felt Toadstool Large,1581.02,112
79302M,"Art Lights,Funk Monkey",1579.95,76
85185B,Pink Horse Sock Puppet,1579.5000000000002,145
22673,French Garden Sign Blue Metal,1577.34,168
21163,Do Not Touch My Stuff Door Hanger,1577.34,212
85036C,Rose 1 Wick Morris Boxed Candle,1575.68,120
84535B,Fairy Cakes Notebook A6 Size,1570.97,248
23101,Silver Stars Table Decoration,1569.6200000000001,190
22163,Heart String Memo Holder Hanging,1569.19,104
20996,Jazz Hearts Address Book,1568.46,270
23217,Laurel Heart Antique Silver,1567.0,84
21793,Classic French Style Basket Brown,1564.44,93
85173,Set/6 Frog Prince T-Light Candles,1563.27,102
10125,Mini Funky Design Tapes,1562.7,120
40001,White Bamboo Ribs Lampshade,1559.56,73
22705,Wrap Green Pears,1554.0,147
23122,Party Charms 50 Pieces,1552.65,94
21281,Vintage Kitchen Print Seafood,1552.2,37
22680,"French Blue Metal Door Sign, 5",1551.22,163
85114C,Red Enchanted Forest Placemat,1549.6499999999999,127
21645,Assorted Tutti Frutti Round Box,1549.35,114
21529,Retro Spot Ceramic Toastrack,1548.9,115
23317,Blue Refectory Clock,1547.95,70
20767,Blue Paisley Journal,1546.52,148
23280,Folding Butterfly Mirror Hot Pink,1546.0800000000002,133
21276,Two Embossed Heart Mini Drawers,1544.2,28
85103,Silver T-Light Setting,1543.6000000000001,54
21895,Potting Shed Sow 'N' Grow Set,1540.25,70
23399,Home Sweet Home Hanging Heart,1539.6299999999999,176
21637,Assorted Sanskrit Mini Notebook,1537.78,45
21548,Ceramic Birdhouse Finch Blue Roof,1535.6000000000001,77
85222,Assorted Colour Silk Cosmetic Purse,1535.4,41
21657,Milk Bottle With Glass Stopper,1534.7,92
23273,Heart T-Light Holder Willie Winkie,1533.84,97
21391,French Emroidr Lavender Scent Heart,1533.3,132
79160,Heart Shape Wireless Doorbell,1530.18,137
16033,Mini Highlighter Pens,1530.12,49
84519B,Carrot Charlie+Lola Coaster Set,1528.79,156
22934,Baking Mould Easter Egg White Choc,1527.2,69
21545,Ceramic Birdhouse Butterfly Small,1527.05,64
23483,Hanging  Butterfly T-Light Holder,1526.62,66
22421,Lipstick Pen Fuschia,1526.48,239
75131,Metal Tube Chime On Bamboo,1526.26,62
82615,Pink Marshmallow Scarf Knitting Kit,1526.25,76
22209,Wood Stamp Set Happy Birthday,1524.82,193
22025,Ring Of Roses Birthday Card,1523.22,203
23372,Set 36 Colour Pencils Dolly Girl,1520.22,99
21043,Apron Modern Vintage Cotton,1519.95,89
21618,4 Wildflower Botanical Candles,1519.0,98
21694,Small Regal  Silver Candlepot,1516.2000000000003,61
15059A,English Rose Edwardian Parasol,1515.0,1
21099,Set/6 Strawberry Paper Cups,1506.6000000000001,29
21092,Set/6 Strawberry Paper Plates,1504.94,18
72803A,Rose Scent Candle Jewelled Drawer,1498.19,91
85036B,Chocolate 1 Wick Morris Box Candle,1498.06,79
21283,Natural Bark Candle Small,1496.75,68
21628,Triangular Pouffe Vintage,1494.5,40
21610,Set 12 Pear Botanical T-Lights,1493.3500000000001,87
21000,Rose Du Sud Cosmetics Bag,1493.0,40
22516,Childs Garden Rake Blue,1490.58,126
85039B,S/4 Ivory Mini Rose Candle In Bowl,1488.4299999999998,110
23181,Bull Dog Bottle Top Wall Clock,1484.25,69
21581,Skulls  Design  Cotton Tote Bag,1484.1499999999999,128
23462,Rococo Wall Mirror White,1482.1499999999999,44
22686,"French Blue Metal Door Sign, No",1480.95,116
23226,Filigree Heart Daisy White,1478.59,71
21927,Blue/Cream Stripe Cushion Cover,1478.55,171
21275,Zinc Top  2 Door Wooden Shelf,1477.9,48
22770,Mirror Cornice,1477.3999999999999,63
22262,Felt Egg Cosy Chicken,1477.02,185
21448,12 Daisy Pegs In Wood Box,1476.7499999999998,178
21162,Toxic Area  Door Hanger,1475.9499999999998,239
72008,Frosted Box 9 White T-Light Candles,1470.42,193
23394,Poste France Cushion Cover,1470.0,119
21541,Dinosaurs Water Transfer Tattoos,1469.8999999999999,147
21384,Ivory Hanging Decoration  Butterfly,1466.81,113
21294,Etched Glass Coaster,1465.3799999999999,116
21785,Rain Poncho,1465.1999999999998,78
84789,Enchanted Bird Plant Cage,1464.0,112
22929,School Desk And Chair,1459.75,17
84795A,Pastel Stripe Hammock,1458.3000000000002,56
22517,Childs Garden Rake Pink,1458.18,125
85016,Set Of 6 Vintage Notelets Kit,1457.3999999999999,70
21205,Multicolour 3D Balls Garland,1455.0,109
22802,Faux Fur Chocolate Throw,1454.7,46
23391,I Love London Mini Backpack,1454.0,69
21146,Antique Glass Ridged Hanging Ball,1453.6499999999999,52
21251,Dinosaur Height Chart Sticker Set,1453.5000000000002,102
22975,Spaceboy Childrens Egg Cup,1453.47,147
84472,Pink And Lilac Quilted Throw,1450.4,25
21972,Set Of 36 Dinosaur Paper Doilies,1450.0,133
21925,Union Stripe Cushion Cover,1449.7,154
21284,Retro Spot Candle  Small,1447.45,95
23287,Red Vintage Spot Beaker,1445.5,146
22679,"French Blue Metal Door Sign, 4",1444.32,156
84619,Blue Gingham Rose Quilt,1444.15,26
21542,Woodland Water Transfer Tattoos,1443.3999999999999,145
21332,Moroccan Beaten Metal Mirror,1442.9,42
85177,Basket Of Flowers Sewing Kit,1442.11,112
23524,Horse & Pony Wall Art,1441.98,51
22204,Milk Pan Blue Retrospot,1439.41,97
22183,Cake Stand Victorian Filigree Med,1438.05,63
21550,Ceramic Birdhouse Crested Tit Large,1437.75,56
21262,White Goose Feather Christmas Tree,1435.1000000000001,81
44230,Square Mirror Curtain,1434.18,44
21446,12 Red Rose Peg Place Settings,1433.38,182
21399,Blue  Spotty  Coffee Mug,1433.04,95
21869,Potting Shed Coffee Mug,1430.85,103
90062,Carnival Bracelet,1430.5,38
21066,Vintage Red Mug,1429.96,110
23267,Set Of 4 Santa Place Settings,1427.34,91
22052,Vintage Caravan Gift Wrap,1427.32,124
21634,Assorted Mini Madras Notebook,1425.1,49
21382,Set/4 Spring Flower Decoration,1423.2,114
79323B,Black Cherry Lights,1421.45,48
85198,Assorted Farmyard Animals In Bucket,1421.24,38
22157,Angel Decoration With Lace Padded,1420.35,112
22288,"Decoration , Hanging Metal Rabbit",1416.25,86
22261,Felt Egg Cosy White Rabbit,1412.57,150
21631,Hippy Chic Decorative Parasol,1412.1000000000001,42
21711,Folding Umbrella  White/Red  Spot,1411.45,54
21356,Toast Its - Fairy Flower,1410.95,177
48195,Door Mat Green Paisley,1409.11,73
22137,Bathroom Set Love Heart Design,1407.85,31
21286,Retro Spot Candle  Large,1407.82,67
21292,Small Stripes Chocolate Gift Bag,1407.1299999999999,82
84919,L Blue C/Cover W Pink/Yellow Flower,1407.0,21
84006,Magic Tree -Paper Flowers,1406.75,142
22608,Pens Assorted Funky Jeweled,1406.29,98
21894,Potting Shed Seed Envelopes,1400.13,151
85194L,Hanging Spring Flower Egg Large,1399.8899999999999,109
21392,Red Spotty Pudding Bowl,1398.21,37
47503A,Ass Floral Print Multi Screwdriver,1396.61,191
23368,Set 12 Colour Pencils Dolly Girl,1396.4,178
23527,Animals And Nature Wall Art,1394.97,43
37343,Spots Design Mug W Pink Inside,1392.3,73
84795D,Seaside Stripe Hammock,1387.05,73
22323,Pink Polkadot Kids Bag,1383.8999999999999,73
23528,Spaceboy Wall Art,1381.38,34
21662,Vintage Glass Coffee Caddy,1380.1000000000001,78
85170A,Set/6 Ivory Bird T-Light Candles,1378.32,62
22390,Paperweight Childhood Memories,1378.22,73
85180A,Red Hearts Light Chain,1377.53,66
84843,White Soap Rack With 2 Bottles,1376.05,86
22599,Christmas Musical Zinc Star,1374.74,131
22682,"French Blue Metal Door Sign, 7",1370.61,138
22719,"Gumball Coathook., Black & White",1370.55,109
22316,200 Bendy Skull Straws,1370.4,95
21282,Natural Bark Candle Large,1369.25,59
22103,Mirror Mosaic T-Light Holder Round,1368.54,50
23086,Zinc  Star T-Light Holder,1367.79,36
23546,Wrap Paisley Park,1365.0,120
84665,Square Cherry Blossom Cabinet,1364.7,47
23348,Childrens Toy Cooking Utensil Set,1363.16,122
84965B,Blue Kashmiri Coffee Table,1359.95,4
84819,Danish Rose Round Sewing Box,1359.79,94
22976,Circus Parade Childrens Egg Cup,1358.59,118
23250,Vintage Red Trim Enamel Bowl,1358.59,89
85167B,Black Grand Baroque Photo Frame,1358.4,52
21532,Dairy Maid Sugar Jam Bowl,1358.3999999999999,76
20768,Green Fern Journal,1357.81,117
23104,Ivory Pantry Hanging Lamp,1355.5,44
22050,Pink Paisley Rose Gift Wrap,1354.0,115
22093,Motoring Tissue Box,1353.21,247
21278,Vintage Kitchen Print Puddings,1352.25,70
22912,Yellow Coat Rack Paris Fashion,1351.44,98
23414,Zinc Box Sign Home,1348.01,62
20766,Garden Path Sketchbook,1345.98,123
23334,Ivory Wicker Heart Small,1345.5,95
21279,Vintage Kitchen Print Fruits,1343.85,56
22396,Magnets Pack Of 4 Retro Photo,1342.94,159
22681,"French Blue Metal Door Sign, 6",1341.82,132
21579,Lolita  Design  Cotton Tote Bag,1340.15,91
21395,Blue Spotty Beaker,1340.04,100
22545,Mini Jigsaw Bunnies,1339.53,132
21426,Woodland Storage Box Small,1338.6000000000001,51
21675,Butterflies Stickers,1336.9099999999999,160
85071A,Blue Charlie+Lola Personal Doorsign,1336.41,124
21991,Bohemian Collage Stationery Set,1333.98,137
21576,Lets Go Shopping Cotton Tote Bag,1333.67,144
21910,Way Out Metal Sign,1331.6999999999998,101
22099,Caravan Square Tissue Box,1329.17,214
22068,Black Pirate Treasure Chest,1328.4299999999998,179
22317,Five Cats Hanging Decoration,1324.0200000000002,96
23470,Card Holder Love Bird Large,1323.4,75
85160A,White Bird Garden Design Mug,1323.2,22
23040,Paper Lantern 9 Point Snow Star,1318.5,36
22287,"Decoration , Wobbly Chicken, Metal",1317.6599999999999,89
22051,Blue Scandinavian Paisley Wrap,1317.5,116
21289,Large Stripes Chocolate Gift Bag,1315.15,60
23034,Drawer Knob Ceramic Black,1314.95,78
22324,Blue Polkadot Kids Bag,1314.81,67
23271,Christmas Table Candle Silver Spike,1314.33,75
21051,Ribbons Purse,1308.23,93
22683,"French Blue Metal Door Sign, 8",1308.07,137
37441,Assorted White Embossed China Mugs,1307.4,39
22982,Pantry Pastry Brush,1307.05,146
21159,Moody Boy  Door Hanger,1306.4399999999998,214
20993,Jazz Hearts Memo Pad,1305.49,24
21198,White Heart Confetti In Tube,1304.4599999999998,82
84854,Girly Pink Tool Set,1302.0,57
35809A,Enamel Pink Tea Container,1297.81,110
84616,Silver Roccoco Chandelier,1297.75,22
22984,"Card, Gingham Rose",1295.5,184
21059,Party Invites Dinosaurs,1294.1,198
47503K,Assorted Floral Secateurs,1293.75,33
72816,Set/3 Christmas Decoupage Candles,1293.32,75
22337,Angel Decoration Painted Zinc,1292.05,82
22393,Paperweight Vintage Collage,1289.23,89
23055,Ivory Chandelier T-Light Holder,1286.72,36
84510B,Set Of 4 Fairy Cakes Coasters,1285.8,96
21837,Cross Stitch Alphabet Cushion Cover,1285.2,70
21828,Eight Piece Snake  Set,1283.96,146
22685,"French Blue Metal Door Sign, 0",1283.15,127
35810A,Enamel Pink Coffee Container,1282.3600000000001,104
35241,Enamel Blue Rim Biscuit Bin,1281.25,94
85006,Set 4 Nursery Des Round Boxes,1280.45,35
21661,Vintage Glass Tea Caddy,1279.0500000000002,78
35004G,Set Of 3 Gold Flying Ducks,1278.2099999999998,64
23119,Pack Of 6 Large Fruit Straws,1275.71,116
21358,Toast Its - Happy Birthday,1275.3,158
23000,Travel Card Wallet Transport,1274.76,205
23249,Vintage Red Enamel Trim Plate,1274.6999999999998,68
23538,Wall Art Vintage Heart,1273.92,27
22308,Tea Cosy Blue Stripe,1273.39,98
21199,Pink  Heart Confetti In Tube,1271.4599999999998,93
23378,Pack Of 12 50'S Christmas Tissues,1270.59,144
20738,Green Mini Tape Measure,1270.55,65
20760,Garden Path Pocket Book,1270.2,59
21157,Red Spotty Washbag,1267.68,109
85141,Jardin Etched Glass Fruitbowl,1267.4,69
21684,Small Medina Stamped Metal Bowl,1258.01,88
21644,Assorted Tutti Frutti Heart Box,1257.5,116
21842,Pink Heart Candy Button Calculator,1257.15,38
23469,Card Holder Love Bird Small,1255.76,63
17091A,Lavender Incense In Tin,1255.65,110
22267,Easter Decoration Egg Bunny,1255.43,105
85200,Bunny Egg Box,1253.95,94
21807,White Christmas Star Decoration,1251.36,132
35637A,Ivory String Curtain With Pole,1250.95,45
21011,Glitter Snow Pear Tree Decoration,1249.78,101
37342,Spotty Coffee Cup & Saucer,1248.49,71
20933,Yellow Pot Plant Candle,1245.15,42
22543,Mini Jigsaw Bake A Cake,1242.25,87
23373,Vintage Christmas Paper Gift Bag,1241.6599999999999,88
23221,Reindeer Heart Decoration Silver,1241.5900000000001,110
23505,Playing Cards I Love London,1238.5,104
85159B,"White Tea,Coffee,Sugar Jars",1236.1,68
22339,Christmas Tree Painted Zinc,1235.54,102
22123,Ping Microwave Apron,1233.95,91
21285,Retro Spot Candle  Medium,1232.42,73
84748,Folk Felt Hanging Multicol Garland,1231.8,31
84466,Top Secret Pen Set,1231.6999999999998,49
22756,Large Yellow Babushka Notebook,1231.21,172
22182,Cake Stand Victorian Filigree Small,1229.05,65
20825,Gold Wine Glass,1229.04,6
85071B,Red Charlie+Lola Personal Doorsign,1226.57,139
21689,Silver Vanilla  Flower Candle Pot,1226.31,55
21926,Red/Cream Stripe Cushion Cover,1224.8,136
22917,Herb Marker Rosemary,1224.3,198
85125,Small Round Cut Glass Candlestick,1222.95,43
21549,Ceramic Birdhouse Red Roof Small,1222.8500000000001,44
21867,Pink Union Jack  Luggage Tag,1214.21,200
22181,Snowstorm Photo Frame Fridge Magnet,1212.33,104
85162A,Silver Retrodisc Lampshade,1211.75,19
20893,Hanging Bauble T-Light Holder Small,1210.3500000000001,63
84823,Danish Rose Folding Chair,1210.0,29
23366,Set 12 Colouring Pencils Doily,1208.95,141
20761,Blue Paisley Sketchbook,1207.37,116
22786,Pillowcushion Cover Pink Union Jack,1207.3400000000001,75
72818,Christmas Decoupage Candle,1206.31,106
22923,Fridge Magnets Les Enfants Assorted,1204.9499999999998,84
79191C,Retro Plastic Elephant Tray,1204.3799999999999,131
23138,Single Wire Hook Ivory Heart,1201.8999999999999,75
20704,Mr Robot Soft Toy,1200.95,64
21383,Pack Of 12 Sticky Bunnies,1200.9,190
85032A,Romantic Images Gift Wrap Set,1200.55,118
23444,Next Day Carriage,1200.0,79
84816,Danish Rose Bedside Cabinet,1198.45,18
22916,Herb Marker Thyme,1197.65,193
35649,Vintage Bead Cosmetic Bag,1195.82,21
40003,White Bamboo Ribs Lampshade,1195.25,48
84830,Large English Arboretum,1195.15,7
22269,Egg Cup Natural Chicken,1194.64,149
72817,Set/2 Christmas Decoupage Candles,1193.09,122
21248,Door Hanger  Mum + Dads Room,1192.8,132
22977,Dolly Girl Childrens Egg Cup,1192.46,116
72232,Feng Shui Pillar Candle,1190.9199999999998,118
21190,Pink Hearts Paper Garland,1188.3999999999999,84
21317,Glass Sphere Candle Stand Medium,1181.25,64
22097,Swallow Square Tissue Box,1180.79,211
77101A,Union Flag Windsock,1180.48,69
23071,Marie Antoienett Trinket Box Gold,1180.1,17
20731,Posy Candy Bag,1179.0,46
22999,Travel Card Wallet Retro Petals,1178.34,185
23061,Vintage Embossed Heart,1177.46,88
84856L,Large Tahiti Beach Bag,1177.45,55
21438,Tub 24 Hanging Easter Eggs Spotty,1177.2,33
23598,Paper Bunting Vintage Party,1175.0,42
20986,Blue Calculator Ruler,1173.76,130
85098B,Blue Flying Singing Canary,1172.4,84
22106,Mirror Mosaic Hurricane Lamp,1171.85,36
20762,Green Fern Sketchbook,1171.71,111
20840,French Floral Cushion Cover,1170.83,60
85231G,Orange Scented Set/9 T-Lights,1170.0,208
84967B,Blue Kashmiri Occasional Table,1169.5,10
47503E,Ass Floral Print Scissors,1169.4,22
22290,Standing Metal Rabbit With Egg,1168.2,68
22252,Birdcage Decoration Magic Garden,1168.06,112
22048,Birthday Banquet Gift Wrap,1166.3,102
23392,Spaceboy Rocket Lolly Makers,1165.28,78
22684,"French Blue Metal Door Sign, 9",1163.15,115
22389,Paperweight Save The Planet,1160.16,80
21774,Decorative Cats Bathroom Bottle,1159.01,108
79030G,"Tumbler, New England",1158.84,93
84596G,Small Chocolates Pink Bowl,1157.93,222
21763,Vintage Wooden Bar Stool,1157.8999999999999,17
22915,Assorted Bottle Top  Magnets,1157.28,141
15034,Paper Pocket Traveling Fan,1156.1200000000001,172
72800B,S/4 Purple Dinner Candle Blk Flock,1155.28,77
21530,Dairy Maid Ceramic Toastrack,1154.92,130
20729,Red Spotty Candy Bag,1154.9,67
21904,House Wrecking Metal Sign,1152.0,130
23523,Treasure Ahoy Wall Art,1151.43,38
84536B,Fairy Cakes Notebook A7 Size,1149.68,224
22918,Herb Marker Parsley,1148.4,194
22232,3 Piece Jigsaw Toadstools,1147.03,114
22040,Botanical Rose Gift Wrap,1144.3,94
85116,Black Candelabra T-Light Holder,1139.66,52
21393,Blue  Spotty Pudding Bowl,1139.13,38
20802,Small Glass Sundae Dish Clear,1137.99,76
23142,Ivory Wire Kitchen Organiser,1137.65,36
23067,Hanging Engraved Metal Heart,1137.1000000000001,71
21063,Party Invites Jazz Hearts,1136.71,198
85164B,Black Baroque Cuckoo Clock,1134.75,41
21656,Ridged Glass Posy Vase,1132.85,83
85055,French Enamel Utensil Holder,1130.6,79
22481,Black Tea Towel Classic Design,1130.24,166
23539,Wall Art Loves' Secret,1129.71,35
22265,Easter Decoration Natural Chick,1129.65,134
22228,Bunny Wooden Painted With Bird,1129.4099999999999,175
23559,Woodland Bunnies Lolly Makers,1129.28,75
23507,Mini Playing Cards Buffalo Bill,1128.18,101
23405,Home Sweet Home 2 Drawer Cabinet,1128.05,57
85110,Black Silver Flower T-Light Holder,1124.68,19
20733,Gold Mini Tape Measure,1123.7,101
22924,Fridge Magnets La Vie En Rose,1121.1,81
21649,Assorted Tutti Frutti Photo Frame,1120.75,23
21738,Cosy Slipper Shoes Small  Red,1119.5,103
21773,Decorative Rose Bathroom Bottle,1118.96,106
21130,Colourful Standing Gnome,1115.7,39
70007,Hi Tec Alpine Hand Warmer,1114.8899999999999,104
23431,Natural Hanging Quilted Hearts,1113.13,67
23506,Mini Playing Cards Spaceboy,1106.28,127
21009,Etched Glass Star Tree Decoration,1106.25,79
20765,Chrysanthemum Sketchbook,1104.79,120
21822,Glitter Christmas Tree With Bells,1102.9,97
79163,Black Champagne Glass,1102.1699999999998,56
35598D,Pink/White Christmas Tree 60Cm,1099.12,52
23072,Marie Antoinette Trinket Box Silver,1099.0,22
22808,Set Of 6 T-Lights Easter Chicks,1098.9,61
22919,Herb Marker Mint,1098.8500000000001,197
21779,Ma Campagne Mini Wooden Chest,1097.8000000000002,22
21312,Large Chunky Glass Roman Bowl,1097.75,20
22253,6 Crochet Strawberries,1096.39,69
85039A,Set/4 Red Mini Rose Candle In Bowl,1095.35,90
37482B,Cubic Mug Blue Polka Dot,1093.95,7
84674,Flying Pig Watering Can,1093.8000000000002,92
35962,12 Ass Zinc Christmas Decorations,1092.0,60
23225,Cherub Heart Decoration Silver,1089.6000000000001,69
22709,Wrap Wedding Day,1089.5,76
22422,Toothpaste Tube Pen,1088.1000000000001,149
22921,Herb Marker Chives,1085.2,173
22615,Pack Of 12 Circus Parade Tissues,1084.09,136
22761,Chest 7 Drawer Ma Campagne,1083.75,31
22532,Magic Drawing Slate Leap Frog,1081.68,156
17096,Assorted Laquered Incense Holders,1081.65,35
21396,Red Spotty Egg Cup,1081.53,58
22715,Card Wedding Day,1081.08,168
85017B,Envelope 50 Blossom Images,1080.99,118
22249,Decoration White Chick Magic Garden,1080.71,142
85130A,Beaded Pearl Heart White Large,1079.9999999999998,74
20734,Silver Mini Tape Measure,1079.85,68
21806,White Christmas Heart Decoration,1079.1599999999999,104
23041,Paper Lantern 9 Point Snow Star,1079.0,48
16225,Rattle Snake Eggs,1078.64,112
22233,Jigsaw Rabbit And Birdhouse,1077.35,127
22268,Easter Decoration Sitting Bunny,1075.55,151
23515,Embroidered Ribbon Reel Daisy,1075.3799999999999,59
84562A,Pink/White Ribbed Melamine Jug,1073.25,63
23513,Embroidered Ribbon Reel Susie,1072.96,62
85118,Heart T-Light Holder,1072.1499999999999,62
84396,6 Hook Jewellery Stand Black Dress,1071.6,28
22214,Candle Plate Lace White,1069.3,52
23418,Lavender Toilette Bottle,1066.88,60
23269,Set Of 2 Ceramic Christmas Trees,1065.3999999999999,76
21739,Cosy Slipper Shoes Small Green,1064.5900000000001,100
85032D,Yuletide Images Gift Wrap Set,1063.06,90
21219,Set/4 Badges Balloon Girl,1062.94,102
21413,Periwinkle T-Light Holder,1062.1,34
84313C,Orange Tv Tray Table,1061.15,47
84658,White Stitched Cushion Cover,1060.78,56
22815,Card Psychedelic Apples,1060.44,165
85131A,Beaded Pearl Heart White On Stick,1060.43,77
35471D,Set Of 3 Bird Light Pink Feather,1060.0,205
23375,50'S Christmas Paper Gift Bag,1059.9399999999998,88
21817,Glitter Christmas Tree,1058.79,121
84910A,Pink Paisley Cushion Cover,1058.2,40
21839,Mummy Mouse Red Gingham Ribbon,1058.1000000000001,81
22817,Card Suki Birthday,1056.84,169
23369,Set 36 Colour Pencils Love London,1053.29,95
22819,"Birthday Card, Retro Spot",1052.64,168
20771,Chrysanthemum  Journal,1051.96,112
84609,Tall Rococo Candle Holder,1051.5,27
85224,Assorted Colour Silk Glasses Case,1051.14,47
84965A,Pink Kashmiri Coffee Table,1050.0,3
22806,Set Of 6 T-Lights Wedding Cake,1049.9,44
47587A,Pink Fairy Cake Coaster,1049.6399999999999,9
22062,Ceramic Bowl With Love Heart Design,1048.49,93
21490,Set Of Three 50'S Gift Wraps,1047.6,37
85144,Jardin Etched Glass Butter Dish,1046.85,70
23511,Embroidered Ribbon Reel Emily,1046.42,85
21803,Christmas Tree Star Decoration,1045.3799999999999,101
23432,Pretty Hanging Quilted Hearts,1045.2,70
16046,Teatime Pen Case & Pens,1043.53,45
84847,Floral Bathroom Set,1043.01,37
21090,Set/6 Collage Paper Plates,1042.03,159
72750B,"F.Fairy S/3 Candle/Glass,Lavender",1041.25,38
22403,Magnets Pack Of 4 Vintage Labels,1040.83,161
22997,Travel Card Wallet Union Jack,1038.9,181
21633,Sunflower Decorative Parasol,1038.45,34
47591B,Scotties Des Child'S Apron,1036.95,137
21410,Country Cottage  Doorstop Green,1036.75,101
16235,Recycled Pencil With Rabbit Eraser,1031.58,160
20755,Blue Paisley Pocket Book,1031.0,86
79066K,Retro Mod Tray,1030.86,173
72800F,4 Ivory Dinner Candles Gold Flock,1029.72,62
85025C,Pink Heart Shape Photo Frame,1029.1,92
23402,Home Sweeet Home 3 Peg Hanger,1027.92,55
21825,Painted Metal Tree With Holly Bells,1027.6999999999998,67
22340,Noel Garland Painted Zinc,1027.4099999999999,95
84989A,75 Green Fairy Cake Cases,1027.1,121
22256,Felt Farm Animal Chicken,1025.58,83
23516,Embroidered Ribbon Reel Sophie,1025.01,40
84688,Beach Hut Design Blackboard,1025.0,47
22102,Mirror Mosaic T-Light Holder,1024.5,41
23545,Wrap Red Doiley,1023.5,83
84815,Set Of 3 Danish Rose Planters,1022.5,36
21849,Silver Diamante Pen In Gift Box,1020.34,59
22718,Card Cat And Tree,1020.24,170
21195,Pink  Honeycomb Paper Ball,1018.6800000000001,55
18007,Essential Balm 3.5G Tin In Envelope,1017.18,51
23026,Drawer Knob Vintage Glass Star,1016.97,53
23411,Trellis Coat Rack,1016.5500000000001,46
21209,Multicolour Honeycomb Fan,1016.5199999999999,84
20777,Chrysanthemum Notebook,1016.25,94
23544,Wall Art Mid Century Modern,1015.78,20
16047,Pop Art Pen Case & Pens,1015.59,23
21883,Stars Gift Tape,1015.3600000000001,165
72819,Cupid Design Scented Candles,1015.1,64
22101,Mirror Mosaic Votive Holder,1014.72,49
23508,Mini Playing Cards Dolly Girl,1013.0400000000001,106
23327,Hanging Clear Mini Bottle,1012.02,34
21065,Boom Box Speaker Girls,1011.6,57
21666,Ridged Glass T-Light Holder,1011.5000000000001,68
37479B,Cubic Mug Flock Blue On Brown,1011.48,24
21040,Modern Vintage Cotton Shopping Bag,1011.45,46
21880,Red And White Spot Tape,1009.5400000000001,146
22446,Pin Cushion Russian Doll Pink,1009.19,84
21316,Small Chunky Glass Roman  Bowl,1008.19,34
21827,Eight Piece Creepy Crawlie Set,1007.94,119
21010,Etched Glass Bird Tree Decoration,1007.5,66
23460,Sweetheart Wall Tidy,1007.0799999999999,43
22857,Assorted Easter Gift Tags,1004.66,62
23433,Hanging Quilted Patchwork Apples,1003.1700000000001,82
21802,Christmas Tree Heart Decoration,1002.9599999999999,99
84569D,Pack 6 Heart/Ice-Cream Patches,1001.17,96
22258,Felt Farm Animal Rabbit,1000.77,71
85179B,White Bitty Light Chain,1000.0799999999999,39
23347,I Love London Beaker,999.75,70
85169A,Ivory Love Bird Candle,999.07,97
23087,Zinc  Heart T-Light Holder,997.1800000000001,49
23376,Pack Of 12 Vintage Christmas Tissue,995.4599999999999,113
23102,Silver Hearts Table Decoration,995.33,139
22049,Wrap Christmas Screen Print,994.75,112
20832,Red Flock Love Heart Photo Frame,994.0999999999999,103
21145,Antique Glass Place Setting,994.03,39
85136C,Red Shark Helicopter,993.75,80
23365,Set 12 Colour Pencils Love London,991.45,128
23452,Heart Mini Portrait Frame,990.9,81
85212,Mini Painted Garden Decoration,990.6199999999999,96
84964B,Blue Painted Kashmiri Table,990.0,2
84678,Classical Rose Small Vase,989.5500000000001,64
84559A,3D Sheet Of Dog Stickers,987.63,151
17021,Namaste Swagat Incense,982.44,75
22856,Assorted Easter Decorations  Bells,980.5600000000001,27
85124C,Green Juicy Fruit Photo Frame,979.95,97
22511,Doorstop Russian Doll Retrospot,976.85,101
23281,Folding Butterfly Mirror Red,976.22,91
21202,Dolly Honeycomb Garland,975.8999999999999,56
37424,White With Black Cats Mug,975.41,47
72815,3 Wick Christmas Briar Candle,975.0,59
22260,Felt Egg Cosy Blue Rabbit,973.0699999999999,108
21752,Glass Cake Stand Mirrored Base,972.6,30
20705,Mrs Robot Soft Toy,972.5500000000001,49
20866,Blue Rose Fabric Mirror,972.29,87
20784,Red Retro Bar Stool,970.7,8
84559B,3D Sheet Of Cat Stickers,969.0,150
21277,French Style Embossed Heart Cabinet,968.8,40
21759,Metal Wall Shelf Unit With Hooks,968.08,11
84800L,Large White/Pink Rose Art Flower,964.4300000000001,37
85008,Set Of 3 Coney Island Oval Boxes,961.8,89
84687,Beach Hut Shelf W 3 Drawers,961.4,52
85126,Large Round Cutglass Candlestick,960.6,32
23121,Pack Of 6 Cocktail Parasol Straws,958.32,87
22266,Easter Decoration Hanging Bunny,958.3,123
72484,Roses In White Heart Candle,958.21,54
22860,Easter Tin Chicks Pink Daisy,957.0,88
22529,Magic Drawing Slate Go To The Fair,956.7,138
84750B,Black Small Glass Cake Stand,956.64,55
85197,Set Of 12 Mini Bunnies In A Bucket,955.26,73
23518,Embroidered Ribbon Reel Rachel,954.93,41
22701,Pink Dog Bowl,954.7800000000001,86
72800D,S/4 Blue Dinner Candle Silver Flock,954.3000000000001,76
21250,Set Of Skull Wall Stickers,950.5,53
84664,Cherry Blossom Bathroom Cabinet,950.4,50
72753B,S/3 Flwr Fairy Lavender Candles,949.95,13
22717,Card Dog And Ball,949.32,152
23088,Zinc Heart Flower T-Light Holder,947.18,57
23033,Drawer Knob Ceramic Red,943.75,59
22280,Pocket Bag Pink Paisely Brown Spot,943.03,87
78124,Magazine Rack Gebra Assorted,942.5,26
47504H,English Rose Spirit Level,940.83,105
85019B,Blossom  Images Notebook Set,940.0,36
22105,Mirror Mosaic Goblet Candle Holder,937.25,26
37492B,Blue Yellow Flower Piggy Bank,937.1999999999999,43
35648,Vintage Bead Pink Purse,937.0100000000001,68
23533,Wall Art Garden Haven,936.34,31
35958,Folkart Zinc Star Christmas Dec,935.0,69
85160B,Black Bird Garden Design Mug,934.87,30
21636,Madras Notebook Medium,934.05,88
22995,Travel Card Wallet Suki,932.88,183
72814,Set/3 Christmas Briar Candles,932.85,49
23331,Decorative Wicker Heart Small,932.28,81
20932,Pink Pot Plant Candle,932.0500000000001,56
21690,Silver  Candlepot Jardin,929.2,75
21425,Skulls Storage Box Large,928.1400000000001,58
21562,Hawaiian Grass Skirt,926.71,63
22116,Metal Sign His Dinner Is Served,924.69,127
21814,Heart T-Light Holder,924.15,71
23153,Zinc Sweetheart Wire Letter Rack,923.63,78
72586,"S/6 Halloween Ghost T Lights, 5Cm H",922.3199999999999,108
23512,Embroidered Ribbon Reel Rosie,921.46,49
20758,Abstract Circles Pocket Book,920.9,74
84817,Danish Rose Decorative Plate,920.64,77
23107,White Wire Plant Pot Holder,919.8000000000001,61
23566,Egg Cup Milkmaid Heidi,919.52,46
21061,Party Invites Football,919.27,124
21702,Set 5 Mini Gateaux  Fridge Magnets,918.6800000000001,8
22069,Brown  Pirate Treasure Chest,917.7299999999999,89
84929,Asstd Fruit+Flowers Fridge Magnets,915.12,90
20622,Vippassport Cover,914.1800000000001,82
20707,Crazy Daisy Heart Decoration,914.12,63
21131,Gold Standing Gnome,910.25,28
84358,Floor Lamp Shade Wood Base,909.63,22
23514,Embroidered Ribbon Reel Sally,909.14,62
85189,Hanging Butterfly  Egg,908.89,58
21630,Floor Cushion Elephant Carnival,908.8,47
72045D,Roses On Blue Teacup Candle,905.84,3
22707,Wrap Monster Fun,903.0,81
23510,Mini Playing Cards Gymkhana,901.74,95
85018D,Yuletide Images S/6 Paper Boxes,901.5,63
21269,Antique Cream Cutlery Shelf,901.0,58
46000P,Polyester Filler Pad 65Cmx65Cm,901.0,48
22322,Bird Decoration Green  Spot,900.9999999999999,92
84405A,S/3 Pink Col Metal Basket W Handle,900.3000000000001,45
20671,Blue Teatime Print Bowl,900.07,106
84625A,Pink New Baroquecandlestick Candle,898.7,61
21691,Silver Vanilla Flower Candle Pot,898.56,66
84760L,Large Hanging Glass+Zinc Lantern,896.0,1
23419,Home Sweet Home Bottle,895.0400000000001,61
17109B,Flower Fairy Incense Lavender,892.91,16
84666,Square Cherry Blossom Cabinet,892.7,33
20778,Garden Path Notebook,891.75,80
84360,Table Lamp White Shade Wood Base,891.5500000000001,35
37475,Set/4 Colourful Mixing Bowls,891.5,51
23540,Wall Art The Magic Forest,890.54,10
21725,Sweeties  Stickers,889.9499999999999,109
20773,Blue Paisley Notebook,889.9499999999999,95
85104,Silver Glass T-Light Set,888.9300000000001,51
22512,Doorstop Racing Car Design,888.23,63
47593B,Scotties Design Baby Bib,886.39,124
22096,Pink Paisley Square Tissue Box,886.28,163
21815,Star  T-Light Holder,884.9999999999999,64
22643,Set Of 4 Napkin Charms Leaves,882.99,76
22994,Travel Card Wallet Retrospot,882.24,160
22598,Christmas Musical Zinc Tree,881.72,93
46775D,Sunset Colour Chunky Knitted Throw,881.4,32
85111,Silver Glitter Flower Votive Holder,879.92,63
84974,S/2 Zinc Heart Design Planters,879.55,57
72799A,Black Pillar Candle Silver Flock,877.8000000000001,18
20934,Set/3 Pot Plant Candles,877.1500000000001,47
85019A,Romantic Images Notebook Set,876.75,41
21805,White Christmas Tree Decoration,874.8,82
84247E,Pack/12 Xmas Fun Card,874.6500000000001,69
37330,Spots Mug,872.6399999999999,22
47504E,English Rose Scissors,871.4,37
84625C,Blue New Baroque Candlestick Candle,870.95,57
20798,Clear Milkshake Glass,869.7,41
21726,Multi Hearts  Stickers,869.3,127
17033,"Brocade Purse,Small Arch Button",867.55,68
22953,Birthday Party Cordon Barrier Tape,867.52,99
84637,Kitchen Flower Pots Wall Plaque,867.25,33
21189,White Honeycomb Paper Garland,866.7499999999999,61
35923,Candy Heart Hanging Decoration,866.71,66
35599D,Pink And White Christmas Tree 120Cm,866.58,39
84826,Asstd Design 3D Paper Stickers,866.53,50
22647,Ceramic Love Heart Money Bank,866.5,68
22264,Felt Farm Animal White Bunny,865.7099999999999,88
21060,Party Invites Balloon Girl,864.1999999999999,123
20617,First Class Passport Cover,863.88,74
84791,Gingham Heart Decoration,863.6000000000001,75
20759,Chrysanthemum Pocket Book,863.5,44
23517,Embroidered Ribbon Reel Rebecca,860.88,51
23002,Travel Card Wallet Skulls,860.4,140
21945,Strawberries  Design Flannel,859.64,73
23099,French Carriage Lantern,858.9000000000001,54
22814,Card Party Games,858.36,135
84925F,Psychedelic Wall Thermometer,857.9300000000001,31
20780,Black Ear Muff Headphones,857.6,58
84796A,Pink Hawaiian Picnic Hamper For 2,856.5,25
20757,Red Daisy Pocket Book,856.23,55
21720,Cake Shop  Sticker Sheet,854.99,87
72800C,S/4 Pink Dinner Candle Silver Flock,854.38,66
23532,Wall Art Work Rest And Play,853.47,26
21007,Etched Glass Droplet Decoration,851.23,39
21721,Candy Shop  Sticker Sheet,851.13,89
20991,Jazz Hearts Magnetic Memo Pad,850.9000000000001,16
85129D,Beaded Crystal Heart Pink Small,850.35,85
84596E,Small Licorice Des Pink Bowl,850.2,124
85226A,White/Blue Pull Back Racing Car,849.5,114
21303,Filigree Wall Mirror  Antique White,848.8,26
21338,Marakesh Lantern Small,848.35,11
22255,Felt Toadstool  Small,848.3,87
85032B,Blossom Images Gift Wrap Set,846.0,106
20801,Large Pink Glass Sundae Dish,845.86,69
22821,Gift Bag Psychedelic Apples,845.36,103
85124A,Pink Juicy Fruit Photo Frame,843.75,70
21836,Gingham Oven Glove Red Heart,843.75,80
20774,Green Fern Notebook,841.35,76
84782A,Pink 3 Tier Glass Plate Stand,840.45,26
23502,Playing Cards Vintage Doiley,838.98,87
21127,Colourful Fishing Gnome,838.6,36
23178,Jam Clock Magnet,838.47,55
21299,Edwardian Toilet Roll Unit,838.35,29
84985A,Set Of 72 Green Paper Doilies,838.0999999999999,119
23179,Clock Magnet Mum'S Kitchen,837.88,40
85025B,Eau De Nile Heart Shape Photo Frame,837.4499999999999,65
21635,Madras Notebook Large,836.25,39
22250,Decoration  Butterfly  Magic Garden,836.18,109
21780,Ma Campagne 4 Drawer Wall Shelf,835.55,17
21261,Green Goose Feather Christmas Tree,834.7500000000001,43
22143,Christmas Craft Heart Decorations,834.0,53
20878,Set/9 Christmas T-Lights Scented,833.89,67
90200D,Pink Sweetheart Bracelet,833.75,55
21062,Party Invites Spaceman,833.53,120
20786,Black Retro Bar Stool,830.9,9
72529W,White Advent Candle,829.08,39
35599B,Black Christmas Tree 120Cm,828.5699999999999,38
84820,Danish Rose Trinket Trays,828.15,49
85124B,Blue Juicy Fruit Photo Frame,827.85,84
21650,Assorted Tutti Frutti Bracelet,826.99,101
21664,Ridged Glass Storage Jar Cream Lid,825.3299999999999,54
84341B,Small Pink Magic Christmas Tree,825.03,94
85130D,Beaded Crystal Heart Pink Large,824.28,80
23338,Egg Frying Pan Red,820.32,91
84907,Pink/Yellow Patch Cushion Cover,820.05,14
23479,Wire Egg Basket,819.65,40
22893,Mini Cake Stand T-Light Holder,819.48,93
23186,French Style Storage Jar Cafe,819.4599999999999,70
85135C,Red Dragonfly Helicopter,818.85,65
20756,Green Fern Pocket Book,816.7499999999999,44
72598,Set/12 Taper Candles,815.14,89
84660A,White Stitched Wall Clock,814.4,42
84750A,Pink Small Glass Cake Stand,814.05,49
17039,Inlaid Wood Incense Holder,813.0899999999999,30
22164,String Of Stars Card Holder,812.2500000000001,42
20833,Shaker Throw  Quilted,811.8,5
23380,Pack Of 12 Vintage Doily Tissues,811.77,94
85159A,"Black Tea,Coffee,Sugar Jars",811.1999999999999,48
21944,Kittens Design Flannel,811.0999999999999,75
85231L,Lavender Scented Set/9 T-Lights,810.6999999999999,101
85145,Jardin Etched Glass Large Bell Jar,809.05,30
47589,Congratulations Bunting,806.6,70
35957,Smallfolkart Bauble Christmas Dec,806.3399999999999,62
21552,Ceramic Birdhouse Black Rose  Large,805.6500000000001,32
85130B,Beaded Crystal Heart Green Large,805.05,59
84660B,Black Stitched Wall Clock,804.65,44
16011,Animal Stickers,799.3199999999999,112
84632,Decorative Hanging Shelving Unit,799.3000000000001,10
85166B,Black Metal Baroque Photo Frame,798.75,31
23022,Small Bonne Jam Jar  T-Light Holder,795.6800000000001,21
82616B,Frappucino Scarf Knitting Kit,794.9300000000001,75
21580,Rabbit  Design  Cotton Tote Bag,794.25,89
21331,Moroccan Beaten Metal Dish Large,793.74,24
21629,Square Floor Cushion Vintage Pink,792.95,49
35598B,Black Christmas Tree 60Cm,792.85,48
22247,Bunny Decoration Magic Garden,792.0699999999999,102
20867,Pink Rose Fabric Mirror,791.72,75
82616C,Midnight Glamour Scarf Knitting Kit,791.22,78
21676,Flowers  Stickers,787.3599999999999,98
20913,Set/5 Blue Spotty Lid Glass Bowls,787.05,30
84685,Beach Hut Key Cabinet,786.25,54
21555,Ceramic Strawberry Trinket Tray,784.2,51
85196,Easter Bunnies On A Stick,783.96,66
85194S,Hanging Spring Flower Egg Small,783.8,95
84767,Zinc Police Box Lantern,783.7,4
21264,White Goose Feather Tree 60Cm,782.4,57
22134,Ladle Love Heart Red,782.22,126
20669,Red Heart Luggage Tag,781.47,132
21801,Christmas Tree Decoration With Bell,781.1999999999999,80
17107D,"Flower Fairy,5 Summer B'Draw Liners",780.3000000000001,82
21318,Glass Chalice Blue Small,780.3,77
23004,Travel Card Wallet Pantry,779.9,123
21414,Scallop Shell Soap Dish,779.4,20
85135B,Blue Dragonfly Helicopter,779.1,76
21724,Panda And Bunnies Sticker Sheet,778.5999999999999,126
84660C,Pink Stitched Wall Clock,778.07,55
23472,Nine Drawer Office Tidy,777.9,30
22216,T-Light Holder White Lace,775.5699999999999,57
23220,Reindeer Heart Decoration Gold,774.4300000000001,77
21551,Ceramic Birdhouse Butterfly Large,772.95,19
85163A,White Baroque Wall Clock,772.65,41
21632,Vintage Pink Decorative Parasol,772.5,32
85170D,Set/6 Pink Bird T-Light Candles,772.1899999999999,77
85032C,Curious Images Gift Wrap Set,772.1,100
23409,Photo Frame Linen And Lace Large,771.72,41
23324,Rustic Strawberry Jampot Large,770.4000000000001,39
84908A,Pink 5 Patch Flower Cushion Cover,769.65,7
23106,Zinc Hearts Plant Pot Holder,769.27,50
22936,Baking Mould Rose White Chocolate,766.88,33
72750A,"F.Fairy S/3 Candle/Glass,Lily/Vally",766.85,16
22510,Doorstop Russian Doll Gingham,766.36,82
16259,Piece Of Camo Stationery Set,766.09,55
84659A,White Travel Alarm Clock,765.66,71
85188A,Green Metal Swinging Bunny,765.28,81
21444,Blue Chalet Birdfeeder,763.75,20
23458,Dolly Cabinet 3 Drawers,762.4499999999999,30
22820,Gift Bag Birthday,761.98,76
23550,Wrap Alphabet Poster,761.0,63
37327,Asstd Multicolour Circles Mug,759.59,52
22420,Lipstick Pen Baby Pink,758.87,149
23423,Pantry 3 Hook Rolling Pin Hanger,757.5,51
72801G,S/4 Burgundy Wine Dinner Candles,756.02,52
21298,Edwardian 2 Drawer Wall Cabinet,755.8,14
84908B,Blue 5 Patch Flower Cushion Cover,755.75,5
23519,Embroidered Ribbon Reel Claire,755.01,19
21335,Library Lamp,754.1999999999999,22
23487,Sweet Heart Cake Carrier,754.0,42
35646,Vintage Bead Pink Evening Bag,753.88,51
22547,Mini Jigsaw Dinosaur,752.43,109
23017,Apothecary Measuring Jar,751.4000000000001,21
22825,Decorative Plant Pot With Frieze,751.2,34
17165B,Ass Col Large Sand Gecko P'Weight,750.63,56
72755C,Flower Fairy Oil Burner Set Rose,750.0,13
20775,Daisy Notebook,749.85,53
82613D,Metal Sign Cupcake Single Hook,749.6,126
22058,Ceramic Love Hearts Design Mug,749.47,92
84922,Pink Butterfly Washbag,748.75,10
17012C,Origami Lavender Incense/Candl Set,747.25,56
20989,Urban Chic Chopsticks Set/5,744.15,48
23413,Vintage Coffee Grinder Box,743.4,43
21185,Home Sweet Home  Blackboard,741.3599999999999,36
22408,Money Box Confectionery Design,741.35,76
21641,Assorted Tutti Frutti Keyring Ball,741.1299999999999,48
21503,Toybox  Wrap,740.42,64
22289,"Decoration , Hanging Metal Chicken",738.75,49
21014,Swiss Chalet Tree Decoration,737.66,107
21300,Antique Edwardian Dresser,737.4,11
21851,Lilac Diamante Pen In Gift Box,736.67,46
84625D,White Newbaroque Candlestick Candle,734.25,46
21458,2 Picture Book Eggs Easter Bunny,732.5,57
21456,2 Picture Book Eggs Easter Chicks,732.5,51
ADJUST2,Adjustment By Peter On Jun 25 2010,731.0500000000001,3
22230,Jigsaw Tree With Watering Can,731.02,123
71279,Pink Glass Candleholder,730.8500000000001,52
47503F,Ass Floral Print Torch,729.9499999999999,11
21554,Ceramic Birdhouse Red Roof Large,729.85,19
21320,Glass Chalice Green  Large,726.6600000000001,36
85180B,Pink Hearts Light Chain,726.63,32
90147,Chunky Silver Necklace Pastel Flowe,726.3499999999999,38
85230F,Jasmine Votive Candle,725.1199999999999,61
85187,S/12 Mini Rabbit Easter,724.9499999999999,88
23335,Egg Frying Pan Ivory,722.5600000000001,81
84821,Danish Rose Deluxe Coaster,722.5,67
85121C,Retro Laundry Tub Pistachio,722.5,42
84596L,Biscuits Small Bowl Light Blue,720.9399999999999,130
20941,Frog Candle,719.62,69
84600,New Baroque Jewellery Box,717.3000000000001,39
21376,Large  Tall Camphor Wood Toadstool,717.15,38
37423,White With Black Cats Plate,716.23,25
84631,Fruit Tree And Birds Wall Plaque,715.35,24
84638,Small Kitchen Flower Pots Plaque,714.2,31
20850,Zinc Heart Lattice Planter Bowl,713.8000000000001,23
84963A,Pink Painted Kashmiri Chair,713.4000000000001,8
35965,Folkart Heart Napkin Rings,713.3700000000001,82
16015,Medium Chinese Style Scissor,711.38,65
90200E,Green Sweetheart Bracelet,710.5,53
21208,Pastel Colour Honeycomb Fan,709.89,75
23006,Travel Card Wallet Flower Meadow,709.62,130
21129,Silver Fishing Gnome,709.3000000000001,42
20769,Daisy Journal,708.47,61
85130C,Beaded Crystal Heart Blue  Large,707.86,61
21344,Moroccan Beaten Metal Dish,707.8000000000001,24
85136A,Yellow Shark Helicopter,707.55,67
23123,Cocktail Swords 50 Pieces,705.25,68
20936,Forked Cactus Candle,704.33,55
23564,Egg Cup Milkmaid Ingrid,703.51,42
21417,Cockle Shell Dish,702.88,58
10134,Colouring Pencils Brown Tube,702.3,48
85208,Set/12 Funky Felt Flower Peg In Bag,701.94,59
23325,Rustic Strawberry Jampot Small,701.4,30
84849A,Hello Sailor Blue Soap Holder,700.78,68
21374,Mirrored Wall Art Skulls,700.0,61
84509C,Dotty Placemats,699.9000000000001,54
20892,Set/3 Tall Glass Candle Holder Pink,699.7,23
22486,Plasmatronic Lamp,698.89,25
21719,Lovely Bonbon Sticker Sheet,698.8399999999999,92
20776,Abstract Circles Notebook,698.55,53
37461,Funky Monkey Mug,697.9,66
21654,Ridged Glass Finger Bowl,696.2099999999999,62
23187,French Style Storage Jar Bonbons,695.06,74
21427,Skulls Storage Box Small,694.5,73
22104,Mirror Mosaic Candle Plate,694.26,41
72755D,Flower Fairy Oil Burner Set Summer,693.25,13
85093,Candy Spot Egg Warmer Hare,692.74,59
20652,Blue Spotty Luggage Tag,692.01,89
85214,Tub 24 Pink Flower Pegs,691.3499999999999,135
21133,Painted Bird Assorted Christmas,691.21,41
21942,Skulls Design Flannel,691.2,64
23183,Mother'S Kitchen Spoon Rest,690.71,58
23222,Christmas Tree Hanging Gold,690.64,64
84707A,Silver Jewelled Mirror Trinket Tray,689.49,40
79342B,Brown Flower Lights,688.95,24
72131,Columbian Candle Rectangle,688.38,55
21723,Alphabet Hearts Sticker Sheet,685.9499999999999,93
82607A,Glass Bonbon Jar Parfume Aux Fleure,684.73,88
84715,Set Of 6 Ice Cream Skittles,684.4000000000001,39
23114,Vintage Leaf Chopping Board,684.0,41
23115,Red Apples Chopping Board,684.0,38
85127,Small Square Cut Glass Candlestick,683.1,37
17165D,Ass Col Large Sand Frog P'Weight,682.32,89
21443,Olive Chalet Birdfeeder,681.25,20
20803,Small Pink Glass Sundae Dish,680.91,61
21674,Ridged Glass Pendant Lampshade,680.8499999999999,9
84971L,Large Heart Flowers Hook,680.36,43
85023B,Eau De Nile Jewelled Photoframe,679.8000000000001,37
21480,Pink Stripe Hot Water Bottle,679.5500000000001,38
23562,Set Of 6 Ribbons Perfectly Pretty,678.27,37
84925D,La Palmiera Wall Thermometer,677.45,26
21255,"French Bottle , Lavender",677.0999999999999,55
72800A,S/4 Black Dinner Candle Silver Floc,676.71,34
21850,Blue  Diamante Pen In Gift Box,675.75,43
84842,Hello Sailor Bathroom Set,675.05,26
47310M,"Small Pop Box,Funky Monkey",673.33,81
21222,Set/4 Badges Beetles,672.18,84
84689,S/2 Beach Hut Treasure Chests,671.65,34
35951,Folkart Bauble Christmas Decoration,671.51,40
72799C,Pink Pillar Candle Silver Flock,670.28,39
21265,Pink Goose Feather Tree 60Cm,670.25,28
23223,Christmas Tree Hanging Silver,670.11,67
85071C,"Charlie+Lola""Extremely Busy"" Sign",669.8199999999999,98
23025,Drawer Knob Vintage Glass Ball,669.61,46
85213,Mini  Zinc Garden Decorations,669.5799999999999,49
22036,Dinosaur Birthday Card,668.76,110
84615,Pink Round Butterfly Mirror,667.8299999999999,18
72753A,S/3 Flwr Fairy Lilly Candles,666.9000000000001,11
84029C,Brown Furry Hot Water Bottle,665.05,38
23568,Egg Cup Henrietta Hen Cream,664.52,28
37492D,Purple Green Flower Piggy Bank,664.3499999999999,24
21457,2 Picture Book Eggs Easter Ducks,663.75,48
21478,Silver Skull Hot Water Bottle,662.61,76
20661,Blue Spotty Purse,662.1700000000001,42
23024,Large Bonne Jam Jar  T-Light Holder,662.0600000000001,10
23597,Paper Bunting Paisley Park,661.7,28
85231E,Strawberry Scented Set/9 T-Lights,661.55,93
23547,Wrap Flower Shop,661.5,62
17109C,Flower Fairy Incense Rose,661.23,15
84620,Blue Gingham Rose Cushion Cover,660.45,46
35095B,Red Victorian Fabric Oval Box,659.87,92
21764,Vintage Wooden Plate Rack,659.1500000000001,11
23454,Set Of 3 Mini Hanging Portraits,658.5500000000001,46
23140,Triple Wire Hook Ivory Heart,658.54,35
23042,Paper Lantern 7 Point Snow Star,658.35,25
21220,Set/4 Badges Dogs,658.31,82
20783,Heart Ear Muff Headphones,658.26,34
84976,Rectangular Shaped Mirror,656.9,42
84686,Beach Hut Mirror,654.54,37
21308,Louvre Vanity Mirror,653.85,3
84595E,Large Tortilla Design Red Bowl,653.0999999999999,27
20862,Pink Patch Pencil Case Blue Heart,652.53,28
35647,Vintage Bead Pink Shade,652.5,43
23522,Dog And Ball Wall Art,652.17,21
23482,Pearlised Ivory Heart Large,651.15,36
20894,Hanging Bauble T-Light Holder Large,650.45,60
21084,Set/6 Collage Paper Cups,650.4000000000001,136
22248,Decoration  Pink Chick Magic Garden,648.73,85
23521,Cat And Bird Wall Art,648.62,22
16169K,Wrap Folk Art,648.25,59
21758,Vintage Shells Print,647.45,45
85028S,French Chateau Small Fruitbowl,646.65,32
23408,Photo Frame Linen And Lace Small,644.8000000000001,59
21350,Gingham Heart Wreath,644.8000000000001,41
22033,Botanical Rose Greeting Card,644.64,107
23120,Pack Of 6 Small Fruit Straws,644.58,79
22229,Bunny Wooden Painted With Flower,644.52,114
16169M,Wrap Daisy Carpet,640.95,59
21319,Glass Chalice Green  Small,640.26,48
22638,Set Of 4 Napkin Charms Crowns,640.12,59
85163B,Black Baroque Wall Clock,639.6,37
84766,Silver Rococo Candle Stick,638.0,27
20998,Rose Du Sud Oven Glove,637.35,58
22034,Robin Christmas Card,635.22,83
85019C,Curious  Images Notebook Set,634.25,23
85031A,Romantic Images Scrap Book Set,634.2,38
23456,Medium Parlour Picture Frame,634.1,36
17164B,Ass Col Small Sand Gecko P'Weight,633.24,80
84869,Candy Button Photo Album,631.25,21
40018E,Tea Time Paper Lanterns,630.5,48
84964A,Pink Painted Kashmiri Table,630.0,2
22640,Set Of 4 Napkin Charms 3 Keys,629.82,69
23551,Pack Of 12 Paisley Park Tissues,629.4599999999999,95
84709B,Pink Oval Jewelled Mirror,629.25,41
23019,Small Apothecary Measuring Jar,629.05,28
84033,Flag Of St George,628.65,44
72023F,Red Organic Candle In Glass,627.05,38
17129F,Deep Blue Glass Gems In Bag,626.5,41
16169N,Wrap Blue Russian Folkart,626.25,56
71101E,Standing Fairy Pole Support,626.13,47
22344,Party Pizza Dish Pink+White Spot,626.04,84
85218,S/5 Mini Ice Cream Fridge Magnets,625.1999999999999,2
35954,Small Folkart Star Christmas Dec,621.81,66
85028L,French Chateau Large Fruit Bowl,621.75,25
37482P,Cubic Mug Pink Polka Dot,621.72,61
85230E,Strawbry Scented Votive Candle,621.4499999999999,65
23224,Cherub Heart Decoration Gold,620.45,59
20898,Vintage Notebook Travelogue,620.0500000000001,37
22056,Ceramic Plate Love Heart Design,619.84,25
84708B,Pink Jewelled Photo Frame,618.1,45
85170C,Set/6 Eau De Nil Bird T-Lights,615.83,48
84932C,Small Oriental Blue Folding Stool,615.4,34
84761,Ivory Hanging Bird Planter,613.9499999999999,46
20897,Vintage Notebook Paris Days,613.9000000000001,37
21415,Clam Shell Small,613.69,56
23216,Laurel Heart Antique Gold,613.51,40
16244B,Maxwell 2 Tone Blue 60 Page Photo A,612.85,8
84534B,Fairy Cake Notebook A5 Size,612.8499999999999,107
35651,Vintage Bead Pink Scarf,612.7499999999999,37
23282,Folding Butterfly Mirror Ivory,612.72,102
23453,Oval  Mini Portrait Frame,611.85,46
90175A,White Glass Chunky Charm Bracelet,611.1,28
23492,Vintage Jingle Bells Wreath,610.5,26
47594B,Scotties Design Washbag,610.3499999999999,83
23070,Edwardian Heart Photo Frame,610.0500000000001,33
16156N,"Wrap, Friendship On Green",609.0,55
90209C,Pink Enamel+Glass Hair Comb,609.0,24
84601A,New Baroque Ivory Cushion Cover,607.7,12
20763,Daisy Sketchbook,606.86,59
22641,Set Of 4 Napkin Charms Instrument,606.77,53
35915B,Blue Knitted Hen,606.66,31
23435,3 Raffia Ribbons Vintage Christmas,606.28,44
85044,Red Reindeer String Of 20 Lights,605.75,26
35095A,Blue Victorian Fabric Oval Box,605.57,78
85135A,Yellow Dragonfly Helicopter,604.2,50
16012,Food/Drink Spunge Stickers,602.97,82
84932A,Small Green Peony Folding Stool,602.6,24
21366,Mirrored Wall Art Photo Frames,602.25,26
22981,Pantry Apple Corer,601.9499999999999,72
84986B,Set Of 36 Silver Paper Doilies,601.75,67
84952C,Mirror Love Bird T-Light Holder,601.65,24
21197,Multicolour  Confetti In Tube,601.56,31
21378,Small Tall Camphor Wood Toadstool,601.5,57
21750,Large Skull Windmill,601.2,51
85017A,Envelope 50 Romantic Images,599.64,53
90200B,Black Sweetheart Bracelet,599.25,45
21775,Decorative Flore Bathroom Bottle,598.91,79
85031B,Blossom Images Scrap Book Set,598.8,26
21253,Set Of Picture Frame  Stickers,598.59,51
22345,Party Pizza Dish Blue+White Spot,598.41,82
23027,Drawer Knob Vintage Glass Hexagon,596.96,27
21386,Ivory Hanging Decoration  Egg,596.6899999999999,82
21247,Set Of Red Salad Servers,596.0,61
23471,Six Drawer Office Tidy,596.0,26
84578,Elephant Toy With Blue T-Shirt,595.68,78
23124,18Pc Wooden Cutlery Set Disposable,595.15,24
20831,Gold Photo Frame,594.84,51
84507C,Blue Circles Design Monkey Doll,594.15,62
72772,Set/4 Scented Candles In Ramekins,592.5,8
84963B,Blue Painted Kashmiri Chair,591.5,6
17012B,Origami Jasmine Incense/Candle Set,590.8499999999999,48
85017C,Envelope 50 Curious Images,590.11,56
84663A,Grass Hopper Wooden Wall Clock,589.79,39
20735,Black Mini Tape Measure,588.0,63
21816,Christmas Tree T-Light Holder,587.25,41
23018,Large Apothecary Measuring Jar,587.2,20
17012A,Origami Vanilla Incense/Candle Set,586.6,34
20714,Posy Shopper Bag,586.25,12
23520,Embroidered Ribbon Reel Ruby,585.63,30
20615,Blue Spotty Passport Cover,585.04,78
17109D,Flower Fairy Incense Bouquet,584.87,36
21076,Set/20 Collage Paper Napkin,584.67,73
84684,Beach Hut Photo Frame,583.1,21
22043,Christmas Card Screen Print,583.08,92
21263,Green Goose Feather Tree 60Cm,581.7,44
35811A,Enamel Pink Sugar Container,581.58,47
84934,Asstd Design Pop Art Slim Pen,581.4,12
21440,12 Mini Toadstool Pegs,581.25,88
20854,Blue Patch Purse Pink Heart,581.15,83
22538,Mini Jigsaw Go To The Fair,580.74,62
21134,Victorian Metal Postcard Christmas,579.15,42
22447,Pin Cushion Russian Doll Blue,579.0500000000001,48
21221,Set/4 Badges Cute Creatures,578.39,61
22042,Christmas Card Singing Angel,577.62,96
82616A,Bubble Gum Scarf Knitting Kit,576.3000000000001,46
84858C,Pink Riviera Handbag,575.7,27
84762B,Pink Picnic Barbecue Bucket,574.3000000000001,21
22100,Skulls Square Tissue Box,574.17,81
20839,French Paisley Cushion Cover,574.09,60
21416,Clam Shell Large,572.7,17
21307,Set/4 Butterfly Mirror Magnets,572.3,54
37351,Orange Flower Mug,571.7099999999999,7
75013B,"String Of 8 Butterflies,Pink",571.05,58
85078,Scandinavian 3 Hearts Napkin Ring,570.2,84
85188B,Pink Metal Swinging Bunny,568.65,51
16169C,Wrap Blue Reindeer,567.0,43
23455,Small Parlour Picture Frame,566.5400000000001,34
20619,Tropical Passport Cover,566.33,68
85113,Polka Dot Pistachio Pail,566.22,43
20849,Zinc Heart Lattice Double Planter,566.1,20
90200C,Blue Sweetheart Bracelet,565.25,40
82613B,"Metal Sign,Cupcake Single Hook",565.1,94
21223,Set/4 Badges Woodland Animal,564.5,35
85146,Jardin Etched Glass Small Bell Jar,564.25,27
85119,Watering Can Single Hook Pistachio,564.12,38
84993A,75 Green Petit Four Cases,564.06,126
85088,Candy Spot Hand Bag,563.77,44
84569A,Pack 3 Iron On Dog Patches,563.71,64
79315W,Flying Saucer Table Light In White,563.45,7
20863,Blue Patch Pencil Case Pink Heart,563.19,42
90160C,Turq+Red Boudicca Large Bracelet,562.95,32
21322,Glass Sphere Candle Stand Large,562.45,13
47583A,Set Of 3 Wicker Basket Rose,561.8,5
47421,Assorted Colour Lizard Suction Hook,561.78,72
21442,Green Birdhouse Decoration,561.67,80
21365,Mirrored Wall Art Stars,561.6,60
84859A,Silver Disco Handbag,560.76,50
84086C,Pink/Purple Retro Radio,560.5,34
82613A,"Metal Sign,Cupcake Single Hook",560.0,81
37474,Set/4 2 Tone Egg Shape Mixing Bowls,559.5799999999999,39
23428,Ivory Retro Kitchen Wall Clock,559.5,26
21147,Jingle Bells Tree Decoration,559.14,46
20782,Camouflage Ear Muff Headphones,556.25,51
85084,Holly Top Christmas Stocking,554.5699999999999,62
84247G,"Decoupage,Greeting Card,",554.4,87
90199C,5 Strand Glass Necklace Crystal,553.9,26
16162L,The King Gift Bag,553.79,17
85230B,Cinnamon Scented Votive Candle,553.79,66
84931B,Blue Scottie Dog W Flower Pattern,553.0500000000001,52
84773,Red Rose And Lace C/Cover,551.6500000000001,46
85205B,Pink Felt Easter Rabbit Garland,548.25,43
22092,Blue Paisley Tissue Box,548.05,133
22703,Pink Cat Bowl,547.92,74
20856,Denim Patch Purse Pink Butterfly,547.8,88
84805B,Blue Climbing Hydranga Art Flower,547.6500000000001,8
84876D,Blue Heart Compact Mirror,547.5,28
85186A,Easter Bunny Garland Of Flowers,546.84,81
23549,Wrap Bird Garden,546.0,51
47594A,Carousel Design Washbag,546.0,74
37333,"Retro ""Tea For One""",545.4,34
22391,Paperweight Home Sweet Home,545.3100000000001,50
23381,Pack Of 12 Vintage Leaf Tissues,544.62,64
21339,Marakesh Lantern Large,544.5,12
23069,Edwardian Photo Frame,543.75,31
20819,Silver Teddy Bear,543.71,50
85031C,Curious Images Scrap Book Set,543.45,28
84806B,White Candystuft Artificial Flower,543.37,30
16049,Teatime Gel Pens Asst,542.88,25
84859C,Pink Disco Handbag,542.64,37
84051,Ass Colour Glowing Tiaras,542.05,52
45008C,Decorative Net Canopy Cream,541.6,20
84984B,Red Peony Des C/Cover,541.3,16
84932D,Small Oriental Red Folding Stool,540.75,19
21304,Arched Grey Mirror,540.6,16
21441,Blue Birdhouse Decoration,540.2099999999999,83
35653,Vintage Bead Notebook,539.85,56
21293,Mirrored Dove Wall Decoration,539.63,42
21016,Light Bird House Tree Decoration,538.92,65
79030D,"Tumbler, Baroque",538.89,41
85027L,French Chateau Large Platter,538.5,40
22108,Ping! Microwave Plate,537.89,49
84920,Pink Flower Fabric Pony,537.35,54
22044,Christmas Card Stack Of Presents,536.82,85
37345,Asstd Hearts Design Mugs,536.1,6
21419,Conch Shell,535.8,13
20935,Round Cactus Candle,535.5500000000001,39
85129A,"White Pearl Beaded Heart, Small",535.0,62
85092,Candy Spot Tea Cosy,534.7,14
20657,Tropical Luggage Tag,534.14,71
16169P,Wrap Green Russian Folkart,533.75,48
85096,Hilda Candy Spot Rabbit,532.5,50
85030,French Chateau Oval Platter,531.4499999999999,29
84762C,Green Picnic Barbecue Bucket,531.3,18
23473,Woodland Small Red Felt Heart,530.83,43
35915C,Peach Knitted Hen,530.76,23
84712B,Pink Jewelled Photo Frame,529.47,36
84682,Classical Rose Dish,528.85,38
21373,Mirrored Wall Art Snowflakes,528.15,57
47367B,Pair Padded Hangers Pink Check,527.85,38
84584,Pink Gingham Cat With Scarf,527.85,50
21173,Loo Roll  Metal Sign,527.25,60
90082D,Diamante Bow Brooch Black Colour,527.05,35
21454,Painted Pink Rabbit,526.15,85
20730,Strawberry Candy Bag,524.25,41
79190B,Retro Plastic Polka Tray,523.38,96
37494A,Fairy Cake Ceramic Butter Dish,523.2,25
21893,Potting Shed Seed Tin,523.0,13
23272,Tree T-Light Holder Willie Winkie,522.7399999999999,35
23499,Set 12 Vintage Doily Chalk,522.48,93
21879,Hearts Gift Tape,522.38,93
22054,Mini Cake Stand Hanging Hearts,520.05,51
20699,Mousey Long Legs Soft Toy,519.6,45
23451,Square Mini Portrait Frame,519.0,44
17013D,Origami Rose Incense In Tube,515.46,21
84799,Sprig Lavender Artificial Flower,515.03,29
84916,Hand Towel Pale Blue W Flowers,514.5,30
84313B,Blue Tv Tray Table,513.74,45
84824,Danish Rose Umbrella Stand,513.55,27
20823,Gold Wine Goblet,513.2,17
23016,Glass Twist Bon Bon Jar,512.85,19
47469,Assorted Shapes Photo Clip Silver,512.38,27
84913A,Soft Pink Rose Towel,511.5,32
21015,Dark Bird House Tree Decoration,511.38999999999993,90
85121B,Retro Laundry Tub Pink,510.0,27
84782C,Green 3 Tier Glass Plate Stand,509.9,18
22346,Party Pizza Dish Green+White Spot,509.71,61
84569B,Pack 3 Fire Engine/Car Patches,508.75,63
90058B,Crystal Stud Earrings Assorted Col,508.7,28
23060,Heart Beaded Trellis Decoration,507.52000000000004,39
84520D,Pack Of 20 Fairy Cake Paper Napkins,505.98999999999995,61
23219,Laurel Star Antique Silver,504.6,49
37352,Bird In Tree Mug,504.55,8
72122,Coffee Scent Pillar Candle,504.45,93
16236,Kitty Pencil Erasers,503.65,143
23139,Single Wire Hook Pink Heart,502.38,22
21117,Blond Doll Doorstop,502.08000000000004,26
84804B,Blue Delphinium Artificial Flower,501.9700000000001,19
20830,Silver Photo Frame,501.59999999999997,46
90200A,Purple Sweetheart Bracelet,501.5,43
20888,Set 3 Jardin De Femme Scent Candles,499.81,11
22394,Paperweight Kings Choice,499.35,47
16048,Teatime Round Pencil Sharpener,498.65999999999997,69
21194,Pink  Honeycomb Paper Fan,498.64000000000004,60
23457,Large Parlour Picture Frame,498.6,29
72728,Rose Scent Candles In Glass,498.5,50
85161,Acrylic Geometric Lamp,497.65,20
21270,Antique Cream Cutlery Cupboard,497.25,27
84414B,Fuschia/Green Stripe Woolly Blanket,497.15,8
85230A,Opium Scented Votive Candle,497.03999999999996,48
84657,Green Rose Cushion Cover,496.25,19
22407,Money Box First Ade Design,496.08,65
23398,Hanging Heart Bonheur,495.83,57
85186C,Bunny Egg Garland,495.18,79
21377,Small Camphor Wood Field  Mushroom,494.76,43
72801C,S/4 Rose Pink Dinner Candles,494.01,47
21026,Space Owl,493.62,55
85117,Nightingale Coathook White,493.45,40
79337,Blue Flock Glass Candleholder,491.95,19
90161C,Ant Copper Lime Boudicca Bracelet,490.05,34
20910,Vintage Photo Album Paris Days,488.79999999999995,28
84951A,S/4 Pistachio Lovebird Coasters,488.72,46
84827,Ass Des Phone Sponge Craft Sticker,488.49,28
51020B,Stripy Design Shower Cap,488.11999999999995,60
35964,Folkart Clip On Stars,487.53,56
85091,Candy Spot Bread Baskets,487.35,14
84846A,Scented Candle In Digitalis Tin,487.20000000000005,42
35972,Daisy Folkart Heart Decoration,486.25,51
17084N,Fairy Dreams Incense,485.86,67
20865,Patchwork Pencil Case Butterfly,485.49,30
84952B,Black Love Bird T-Light Holder,485.36,21
21160,Keep Out Girls Door Hanger,485.22999999999996,49
85215,Assorted Cheese Fridge Magnets,484.99,46
22263,Felt Egg Cosy Ladybird,484.34,43
21740,Cosy Slipper Shoes Large Red,483.80000000000007,48
84875D,Blue Square Compact Mirror,483.75,37
23484,Heart Trellistriple T-Light Holder,483.66,25
85185D,Frog Sock Puppet,483.6000000000001,45
84913B,Mint Green Rose Towel,483.6,30
23660,Henrietta Hen Mug,483.44999999999993,31
20864,Denim Patch Pencil Case Butterfly,483.33,26
84798B,Purple Foxglove Artiifcial Flower,482.70000000000005,9
85071D,Charlie+Lola My Room Door Sign,482.34,87
22861,Easter Tin Chicks In Garden,481.79999999999995,38
23691,Keep Calm Birthday Wrap,481.5,38
23045,Paper Lantern 5 Point Star Moon 30,481.40000000000003,23
22038,Botanical Lavender Gift Wrap,481.0,45
20794,Blue  Tile Hook,480.9,30
84592,Crochet Rose Purse With Suede Back,480.8500000000001,38
84218,Box/12 Chick & Egg In Basket,479.7,89
90160D,Pink Boudicca Large Bracelet,479.55,21
84989B,75 Black Fairy Cake Cases,479.34999999999997,46
72267,Premium Church Candle,479.34000000000003,40
22135,Ladle Love Heart Pink,479.1,103
84917,White Hand Towel With Butterfly,477.85,17
84706D,Cherry Blossom Table Clock,477.2,14
72750C,"F.Fairy S/3 Candle/Glass, Rose",476.4,15
84875B,Green Square Compact Mirror,476.25,35
21311,Set/4 Bird Mirror Magnets,476.11,75
35600D,Pink And White Christmas Tree 180Cm,476.00000000000006,12
23021,Glass Bonne Jam Jar,475.95000000000005,25
21665,Triangular Ridged Glass Posy Holder,475.1,40
84762A,White Picnic Barbecue Bucket,474.9,24
37492C,Green Blue Flower Piggy Bank,472.65,23
23180,Mum'S Kitchen Clock,471.90000000000003,36
22541,Mini Jigsaw Leap Frog,471.56,40
85020,Round Pink Heart Mirror,470.4,44
16238,Party Time Pencil Erasers,469.42,135
16202B,Pastel Blue Photo Album,469.21,18
23043,Paper Lantern 9 Point Holly Star 40,468.75,19
16239,Ballerina Heart Decoration.,468.4,13
23377,Pack Of 12 Dolly Girl Tissues,468.0,80
84675,Frog King Watering Can,467.65000000000003,44
21002,Rose Du Sud Drawstring Bag,467.5,26
23136,Ivory Wire Sweetheart Letter Tray,467.05,44
21459,Yellow Easter Egg Hunt Start Post,465.9,37
23218,Laurel Star Antique Gold,465.81,33
21128,Gold Fishing Gnome,464.71000000000004,28
84596J,Mixed Nuts Light Green Bowl,464.03000000000003,68
85129C,Beaded Crystal Heart Blue Small,463.85,48
20845,Zinc Heart Lattice 2 Wall Planter,463.54999999999995,21
85109,Pink Boudoir T-Light Holder,462.15000000000003,18
51020A,Summer Fun Design Shower Cap,462.05999999999995,49
84926E,Flowers Tile Coaster,461.63,48
20696,Floral Soft Car Toy,461.25,34
85226C,Blue Pull Back Racing Car,461.2,66
72132,Columbian Cube Candle,460.2,27
23561,Set Of 6 Ribbons Party,458.63,13
82605,Old Doc.Russel Metal Sign,457.8,87
21884,Cakes And Bows Gift  Tape,457.36,68
84247L,Fawn And Mushroom Greeting Card,456.96,82
21379,Camphor Wood Portobello Mushroom,455.27,52
85203,Hanging Wood And Felt Butterfly,454.5,111
72225C,Lavender Scent Cake Candle,454.09,35
72789,Basket/8 Scented Love Token Candles,453.75,44
90209B,Green Enamel+Glass Hair Comb,453.6,18
84653,Green Rose Quilt,453.5,8
23548,Wrap Magic Forest,451.5,43
21536,Dairy Maid  Small  Milk Jug,451.5,55
17012F,Origami Sandlewood Incense/Cand Set,451.45,47
21881,Cute Cats Tape,450.75,65
84984A,Green Peony Des C/Cover,450.25,16
BANK CHARGES,Bank Charges,450.001,30
90203,Silver Charm Necklace 70Cm,450.0,24
84924A,Wake Up Cockerel Calendar Sign,449.88,46
84865,New Baroque Black Photo Album,449.65,37
84683,Classical Rose Candlestand,449.05,27
21847,Green  Diamante Pen In Gift Box,448.2,22
23560,Set Of 6 Ribbons Country Style,447.07,20
23537,I Love London Wall Art,446.70000000000005,21
21004,Rose Du Sud Childs Apron,446.25,48
21256,"French Bottle, Brasserie Des Artist",446.09999999999997,35
35810B,Enamel Blue Rim Coffee Container,446.03000000000003,50
17164D,Ass Col Small Sand Frog P'Weight,444.48,27
23074,Embossed Heart Trinket Box,444.02000000000004,35
23125,6Pc Wood Plate Set Disposable,443.25,16
84972L,Giant Pink Heart Memo Holder,442.40000000000003,44
84948,Silver Hanging T-Light Holder Dome,442.2,33
47574A,English Rose Scented Hanging Flower,442.0,60
82613C,"Metal Sign,Cupcake Single Hook",441.7,71
21403,Blue Egg  Spoon,440.58,108
62096A,Pink/Yellow Flowers Handbag,439.45,51
84809A,White Chrysanthemums Art Flower,439.14,18
16161M,Wrap  Pink Flock,439.0,39
84569C,Pack 4 Flower/Butterfly Patches,438.75,50
20804,Glass Chicken Butter Dish,438.15,24
20868,Silver Fabric Mirror,437.66,46
20689,Retro Sisters Expresso Cups,436.00000000000006,27
20787,Blue Retro Bar Stool,435.45000000000005,8
23425,Storage Tin Home Sweet Home,435.43,35
23565,Egg Cup Milkmaid Helga,435.0,31
23509,Mini Playing Cards Fun Fair,433.2,54
37444A,Yellow Breakfast Cup And Saucer,433.16,26
84858B,Blue Riviera Handbag,431.0,9
90154,Lazer Cut Necklace W Pastel Beads,430.7,6
90161B,Ant Copper Turq Boudicca Bracelet,430.65,26
85169C,Eau De Nil Love Bird Candle,429.97,38
72127,Columbian Candle Round,429.64,59
90184C,Black Chunky Bead Bracelet W Strap,429.59999999999997,26
20653,Cherry Blossom Luggage Tag,428.89,31
23379,Pack Of 12 Red Apple Tissues,428.01,50
16045,Popart Wooden Pencils Asst,428.0,72
84966B,Blue Kashmiri Boxed Mirror,428.0,4
84801A,Pink Hydrangea Art Flower,427.44000000000005,15
17012D,Origami Rose Incense/Candle Set,426.7,51
21455,Painted Yellow Wooden Daisy,426.7,63
85230G,Orange Votive Candle,425.75999999999993,46
84918,Cream C/Cover W Yellow/Green Flower,425.35,17
16168M,Funky Monkey Gift Bag Medium,425.16,53
21167,White Sage Incense,424.68,50
20715,Little Flower Shopper Bag,424.0,1
84876B,Green Heart Compact Mirror,423.75,27
22124,Set Of 2 Tea Towels Ping Microwave,422.97,39
16008,Small Folding Scissor(Pointed Edge),422.96,85
23058,Christmas Hanging Snowflake,421.02000000000004,44
84597C,Retro Pink Ball Ashtray,420.8,36
47581B,Fairy Cake Wicker Picnic Basket,420.75,26
23117,Poppy Fields Chopping Board,420.75,39
37476,Condiment Tray 4 Bowls And 4 Spoons,420.28,27
84596K,Jelly Babies Yellow Small Bowl,420.14,64
20700,Green Cat Floral Cushion Cover,420.0,12
84967C,Green Kashmiri Occasional Table,419.85,4
84770,Round Georgian Silver Mirror,419.25000000000006,16
90120D,White Murano Twist Bracelet,418.25,20
20621,Economy Passport Cover,417.90000000000003,29
20851,Zinc Heart Lattice Tray Oval,417.7,27
84859B,Blue Disco Handbag,417.43,15
72780,Black Silouette Candle Plate,417.33,43
21518,Bank Account  Greeting  Card,416.64,70
23336,Egg Frying Pan Pink,415.97,63
47422,Assorted Monkey Suction Cup Hook,415.92,61
23044,Paper Lantern 9 Point Holly Star S,415.0,24
84510F,Set Of 4 New England Coasters,415.0,31
20943,Set/6 Gingerbread Star T-Lights,415.0,48
20654,First Class Luggage Tag,414.63,84
85169D,Pink Love Bird Candle,413.98,45
72799B,Purple Pillar Candle Black Flock,413.35,9
90160B,Red Boudicca Large Bracelet,412.55,23
23459,Dolly Cabinet 2 Drawers,412.5,19
90184B,Amethyst Chunky Bead Bracelet W Str,411.7,26
23023,Ridged Bonne Jam Jar T-Light Holder,411.44,23
84798A,Pink Foxglove Artiifcial Flower,409.50000000000006,9
16169F,Wrap Blizzard,409.5,34
20857,Blue Rose Patch Purse Pink Butterfl,409.2,72
22031,Botanical Lavender Birthday Card,409.17,80
20694,Floral Pink Monster,408.48,25
90195A,Purple Gemstone Bracelet,408.45,26
23422,Pantry Hook Balloon Whisk,407.68,31
35240,Enamel Blue Rim Oval Tray Set/2,407.52,38
47592A,Carousel Des Child'S Overall,407.4,36
23415,Home Sweet Home Hook,405.59999999999997,45
84508B,Stripes Design Teddy,405.45,65
84595B,Large Trifle Design L Blue Bowl,405.15,15
62094B,Turq Ice Cream Bum Bag,405.05,27
21663,Vintage Glass Sugar Caddy,404.55,25
20793,Blue Tiled Tray,402.75,15
90010B,Black/White Glass/Silver Bracelet,402.75,17
84857C,Pink Monte Carlo Handbag,402.54999999999995,14
72801E,S/4 Festive Green Dinner Candles,402.24,23
21336,Gold Washbag,401.64,24
84932B,Small Pink Peony Folding Stool,401.3,17
71270,Photo Clip Line,401.21,54
79071B,English Rose Metal Waste Bin,401.20000000000005,60
20997,Rose Du Sud Cushion Cover,400.95,28
20618,Queen Of The Skies Passport Cover,400.38,74
84951B,S/4 Black Lovebird Coasters,400.04,40
90143,Silver Bracelet W Pastel Flower,400.0,18
16243B,Brown Cozy Square Photo Album,399.75,1
16156L,"Wrap, Carousel",399.0,36
21882,Skulls Tape,398.73,70
21001,Rose Du Sud Washbag,398.65000000000003,31
23466,Tuscan Villa Dovecote,398.25,21
D,Discount,397.89,5
85142,Jardin Etched Glass Ginger Jar,397.5,27
20701,Pink Cat Floral Cushion Cover,397.5,13
72128,Columbian Candle Round,397.46,78
90195B,Black Gemstone Bracelet,396.75,20
90149,Silver Flowr Pink Shell Necklace,395.28000000000003,7
84726,Lillies Canvas Picture,394.85,5
84563A,Pink & White Breakfast Tray,394.40000000000003,33
20662,First Class Holiday Purse,394.27000000000004,25
21553,Ceramic Birdhouse Finch Blue  Large,393.6,27
84905,Pink Butterfly C/Cover,392.25,20
20889,Jardin De Femme Scented Candle,392.0,12
20753,Retro Pink Spot Washing Up Gloves,391.1,38
47562,English Rose Ironing Board Cover,390.0,41
84016,Flag Of St George Car Flag,389.76,46
85136B,Blue Shark Helicopter,389.55,39
21371,Mirrored Wall Art Poppies,389.4,41
16044,Pop-Art Fluorescent Pens,388.8,2
35004S,Set Of 3 Silver Flying Ducks,388.4,16
84007,Magic Garden Mount Fuji,387.6,37
40046A,Red Daisy Paper Lampshade,387.57,34
84804A,Cream Delphinium Artificial Flower,387.53000000000003,17
20838,French Lattice Cushion Cover,387.29,39
84306,S/3 Pink Square Planters Roses,383.24999999999994,19
46776B,Woven Berries Cushion Cover,383.1,20
85090,Candy Spot Apron,381.3,35
90035B,"Pearl & Shell 42""Neckl. Pink",380.89,4
20659,Economy Luggage Tag,380.81,89
84802B,Purple Anemone Artificial Flower,379.65000000000003,16
85167A,White Grand Baroque Photo Frame,379.5,12
85097B,Blue Rocking Singing Canary,378.75,36
22032,Botanical Lily Greeting Card,378.42,74
85211,S/4 Groovy Cat Magnets,377.96999999999997,51
35969,Folkart Crown Table Decorations,376.73999999999995,40
18094C,White/Blue Rect Ceramic Oil Burner,376.6,43
85007,Set Of 3 Vintage Tea Time Boxes,376.35,19
21252,Set Of Meadow  Flower Stickers,375.65000000000003,16
16218,Cartoon  Pencil Sharpeners,375.6,70
21418,Starfish Soap Dish,375.35,35
71403,"Pink/White ""Keep Clean"" Bullet Bin",374.65000000000003,27
84422,Pink/Blue Disc/Mirror String,374.31,25
84661B,Black Square Table Clock,374.29,26
72803B,Ocean Scent Candle Jewelled Drawer,374.0,34
20781,Gold Ear Muff Headphones,373.17,41
84680,Classical Rose Urn,372.3,17
47021G,Set/6 Bead Coasters Gauze Bag Gold,371.65,45
46126A,Elvis Wallhanging / Curtain,371.25,34
16219,House Shape Pencil Sharpener,371.01,66
23039,T-Light Holder Silver Heart Handle,370.79999999999995,22
84563B,Blue & White Breakfast Tray,370.20000000000005,37
84931A,Pink Scottie Dog W Flower Pattern,369.6,47
21375,Large Camphor Wood Field Mushroom,368.25,28
21520,Booze & Women Greeting Card,368.04,68
72801D,S/4 Sky Blue Dinner Candles,366.56,47
35915A,Cream Knitted Hen,365.76,1
84901,Black Face Lamb With Pants,365.34,56
85204,Hanging Wood And Felt Flower,364.62,78
90161D,Ant Copper Pink Boudicca Bracelet,363.85,24
46776A,Woven Bubble Gum Cushion Cover,363.3,20
46776F,Woven Rose Garden Cushion Cover,363.0,17
35922,Easter Bunny Wreath,362.2,21
90082B,Diamante Bow Brooch Red Colour,361.95,24
90198B,Vintage Rose Bead Bracelet Black,361.25,32
21678,Paisley Pattern  Stickers,358.78999999999996,46
23429,Red Retro Kitchen Wall Clock,358.6,20
22259,Felt Farm Animal Hen,358.46,33
21017,Red Bird House Tree Decoration,358.28,39
16216,Letter Shape Pencil Sharpener,358.18,78
84707B,Pink Jewelled Mirror Trinket Tray,357.65999999999997,22
47579,Tea Time Breakfast Basket,357.0,43
84800M,Medium White/Pink Rose Art Flower,355.53000000000003,26
35004P,Set Of 3 Pink Flying Ducks,354.6,21
21729,Small Marakesh Metal  Lantern,354.5,23
22039,Botanical Lily Gift Wrap,353.0,30
78033,Flag Of St George Chair,352.75,14
79191B,Retro Plastic Polka Tray,351.66999999999996,53
72487,Roses White Round Candle,351.62,13
84809B,Pink Chrysanthemums Art Flower,351.6,8
23337,Egg Frying Pan Mint,351.52000000000004,60
84741C,Citrus Garland Felt Flowers,351.0,47
35471A,Set Of 3 Bird L.Blue Feather,349.2,54
85168B,Black Baroque Carriage Clock,348.66999999999996,23
47563A,Retro Longboard Ironing Board Cover,347.5,62
16258A,Swirly Circular Rubbers In Bag,347.19,74
84402D,Pink Dress Jewellery Stand,346.85,11
46000R,Polyester Filler Pad 45X30Cm,346.55,59
23576,Snack Tray Red Vintage Doily,346.34999999999997,29
23150,Ivory Sweetheart Soap Dish,346.11,40
17129D,Clear Colour Glass Gems In Bag,344.53999999999996,19
21736,Gold Scroll Glass T-Light Holder,343.02,22
79336,Light Pink Flock Glass Candleholder,342.83,16
17181,Circle Of Friends Candle Holder,341.7,28
84984C,Oriental Blue C/Cover,341.55,12
21757,Lighthouse Printed Metal Sign,341.55,31
37444C,Pink Breakfast Cup And Saucer,341.48,17
20666,Economy Holiday Purse,340.65000000000003,22
75149N,String Crystals Natural,340.0,25
21027,Ninja Rabbit Pink,339.3,46
82076,Beech Wood Photo Frame,338.75,6
37444B,Blue Breakfast Cup And Saucer,338.44,17
84926D,La Palmiera Tile Coaster,337.89,38
84081,White Ceramic Party Set (5Pcs),337.58,15
84497,Buttons And Stripes Notebook,337.5,32
20903,Vintage Keepsake Box Travelogue,337.25,19
20976,12 Pencils Small Tube Posy,336.7,64
85086A,Candy Spot Heart Decoration,336.59999999999997,49
23661,Milk Maids Mug,336.59999999999997,23
82081,Pink Hearts Photo Album,336.25,12
84915,Hand Towel Pink Flower And Daisy,335.5,18
84249D,Fairy Cake Greetings Card,335.46,55
84292,Rose Pink Metal Folding Chair,333.90000000000003,12
17109A,Flower Fairy Incense Lily,333.61,13
23047,Paper Lantern 5 Point Sequin Star,333.5,25
47583B,Set Of 3 Wicker Basket Tea And Cake,332.6,6
20695,Floral Blue Monster,332.0,26
79051A,Smokey Grey Colour D.O.F. Glass,331.83,46
85024B,Eau De Nile Jewelled Photoframe,330.9,20
23420,Pantry Hook Tea Strainer,330.72,28
37464,Robot Mug In Display Box,330.07,46
84925A,Wake Up Cockerel Wall Thermometer,328.95,15
72811,Small Zinc/Glass Candleholder,328.77,20
84984D,Oriental Red C/Cover,328.0,15
35912B,White/Pink Chick Decoration,326.39,26
21309,Louvre Chalkboard,325.6,5
90209A,Purple Enamel+Glass Hair Comb,325.5,10
90120B,Blue Murano Twist Bracelet,325.5,21
85087,Candy Spot Cushion Cover,325.11000000000007,21
82011C,Bathroom Scales Footprints In Sand,324.25,42
84898F,Yellow Flowers Felt Handbag Kit,323.40000000000003,47
20655,Queen Of Skies Luggage Tag,321.02,91
85112,S/3 Tear Drop Cut Glass Decoration,320.25,23
85070,Ant White Sweetheart Table W 3 Draw,320.0,3
21038,Set/4 Modern Vintage Cotton Napkins,319.8,49
84801B,White Hydrangea Art Flower,319.8,16
90148,Long Silver Necklace Pastel Flower,318.75,16
23116,Vegetable Garden Chopping Board,317.70000000000005,17
84881,Blue Wire Spiral Candle Holder,317.5,22
84933C,Large Blue Oriental Folding Stool,317.0,6
90002D,Flower Burst Silver Ring Crystal,316.25,21
47597,New England Teatowels,316.2,41
23421,Pantry Hook Spatula,316.16,26
16207B,Pink Heart Red Handbag,315.96000000000004,13
90201B,Black Enamel Flower Ring,315.65000000000003,18
47504G,English Rose Tape Measure,315.44,47
23037,Candle Holder Silver Madeline,315.28999999999996,18
17011F,Origami Sandlewood Incense+Flower,315.15,15
90198A,Vintage Rose Bead Bracelet Raspberr,314.5,26
84933A,Large Green Peony Folding Stool,314.34999999999997,6
22395,Paperweight Vintage Paisley,313.86,33
46000U,Polyester Filler Pad 30Cmx30Cm,313.75,51
20902,Vintage Keepsake Box Paris Days,313.34999999999997,15
85170B,Set/6 Black Bird T-Light Candles,312.78000000000003,33
20940,Set/6 Garden Gnome T-Light Candles,312.55,18
23339,Egg Frying Pan Blue,312.0,58
85202,Hanging Wood And Felt Heart,311.46,90
35967,Folk Art Metal Star T-Light Holder,310.08,59
35911A,Multicolour Rabbit Egg Warmer,309.65,41
84933B,Large Pink Peony Folding Stool,309.15,6
84711A,Silver Oval Shape Trinket Box,308.45,14
21946,Party Time Design Flannel,307.81,30
84706A,English Rose Table Clock,307.2,6
23478,Woodland Large Pink Felt Heart,307.18,10
20688,Beauty Speed Expresso Cups,306.9,9
90180A,Black+White Necklace W Tassel,306.25,19
90160A,Purple Boudicca Large Bracelet,305.8,20
23575,Snack Tray Paisley Park,305.4,22
21943,Cakes And Rabbits Design Flannel,304.83,41
90175C,Blue Glass Chunky Charm Bracelet,304.3,17
62095B,Turqoise Ice Cream Sunhat,304.09000000000003,19
84838,Ant White High Rise Bird Box,304.0,3
79303B,Blue Star Block Table Lamp,303.85,4
44235,Ass Col Circle Mobile,303.84,22
21306,Set/4 Daisy Mirror Magnets,302.9,57
72753D,S/3 Flwr Fairy Summer Candles,302.40000000000003,9
90014A,Silver/Mop Orbit Necklace,302.2,22
85147,Jardin Etched Glass Candlehldr Long,301.95,16
90035C,"Pearl & Shell 42""Neckl. Ivory",301.0,5
84535A,English Rose Notebook A6 Size,300.15000000000003,48
21132,Silver Standing Gnome,300.0,29
84673B,Blue Fly Swat,299.46,79
23440,Paint Your Own Eggs In Crate,299.36,5
17001,Heavens Scent Fragrance Oils Asstd,299.34999999999997,23
79190A,Retro Plastic 70'S Tray,298.62,73
84522,Pink Party Sunglasses,298.5,20
82095,Heart Buttons Jewellery Box,298.35,22
21028,Ninja Rabbit Black,297.64,40
90145,Silver Hoop Earrings With Flower,297.5,23
84627,Candy Stripe Rose C/Cover,297.5,19
23015,Cordial Glass Jug,297.0,15
20670,Vip Holiday Purse,296.48,22
84877B,Green Round Compact Mirror,296.25,15
21420,Oyster Trinket Box,295.62,25
21697,Set 5 Mini Doughnut Fridge Magnet,295.08000000000004,7
84533B,Fairy Cakes Round Nesting Boxes,293.8,19
16244A,Maxwell 2 Tone Pink 60 Page Photo A,293.0,6
72801F,S/4 Festive Red Dinner Candles,292.5,25
84800S,Small White/Pink Rose Art Flower,292.03999999999996,19
72130,Columbian Candle Round,291.57,50
21401,Blue Pudding Spoon,291.06,91
20826,Silver Aperitif Glass,290.72,14
85169B,Black Love Bird Candle,290.24,45
23410,Curio Cabinet Linen And Lace,290.1,18
85131D,Beaded Crystal Heart Pink\On Stick,289.69,32
47503G,Ass Floral Print Tape Measure,289.19,24
90120A,Pink Murano Twist Bracelet,289.0,21
84802A,White Anemone Artificial Flower,288.99,21
82011B,Bathroom Scales Rubber Ducks,287.8,39
90192,Jade Drop Earrings W Filigree,287.1,19
17091B,Jasmine Tea Incense In Tin,286.8,43
23695,Doily Thank You Card,286.62,44
84760S,Small Hanging Glass+Zinc Lantern,285.65,24
23430,Blue Retro Kitchen Wall Clock,285.25,17
37413,Icon Mug Revolutionary,283.71,79
84247N,Pack/12 Blue Folkart Cards,283.20000000000005,39
20950,Set/6  Angel T-Lights White/Gold,282.96999999999997,65
85179A,Green Bitty Light Chain,281.31,26
21402,Red  Egg  Spoon,280.98,102
90010E,Amber Glass/Silver Bracelet,279.95,18
84625B,Blck New Baroque Candlestick Candle,279.0,17
62096B,Purple/Turq Flowers Handbag,278.75,46
84510C,Set Of 4 Polkadots Coasters,278.62,67
21025,Space Frog,278.5,36
20663,Queen Of The Skies Holiday Purse,277.19,15
84906,Pink B'Fly C/Cover W Bobbles,277.1,18
23579,Snack Tray I Love London,276.15,24
84966C,Green Kashmiri Boxed Mirror,276.0,2
46118,Funky Monkey Cushion Cover,275.4,35
35920,Four Rabbit Easter Decorations,275.25,20
84977,Wire Flower T-Light Holder,275.0,41
84673A,Pink Fly Swat,274.01,70
35637C,Pink String Curtain With Pole,273.34999999999997,16
21030,Space Cadet Red,272.37,39
84429A,Medium Pink Buddha Head,271.40000000000003,27
84192,Assorted Colour Metal Cat,271.1,38
90010A,Midnight Blue Glass/Silver Bracelet,271.0,14
90036D,"Flower Glass Garland Neckl.36""Black",270.3,12
47351B,Blue  Voile Lampshade,269.90000000000003,14
72793,Black Box Mirror Lantern,268.75,10
90201A,Purple Enamel Flower Ring,268.45000000000005,20
21698,Mock Lobster Fridge Magnet,268.34,48
35638B,Pink/Blue String Curtain,268.25,8
85039C,S/4 Black Mini Rose Candle In Bowl,267.96999999999997,39
90082A,Diamante Bow Brooch Green Colour,266.7,20
16202A,Pastel Pink Photo Album,266.45,19
84482,Buttons Design Jewellery Box,266.25,28
20847,Zinc Heart Lattice Charger Large,266.25,20
23481,Pearlised Ivory Heart Small,266.21,27
35981C,White Snow Scandinavian Stocking,266.14,60
84926A,Wake Up Cockerel Tile Coaster,265.59,42
85195,Hanging Heart Basket,265.14,16
35968,Folk Art Metal Heart T-Light Holder,264.04,56
84576,Blue Cat Biscuit Barrel Pink Heart,264.0,21
47586A,Pink Fairy Cake Cushion Cover,262.65,28
90201C,Red Enamel Flower Ring,262.55,19
84806A,Pink Candystuft Artificial Flower,261.90999999999997,20
84623,Pink Gingham Rose Floor Cushion,261.35,12
21196,Round White Confetti In Tube,260.7,17
90184A,Amber Chunky Bead Bracelet W Strap,259.55,12
22869,"Number Tile Cottage Garden, 1",259.34999999999997,27
90120C,Green Murano Twist Bracelet,259.25,17
84924F,Psychedelic Metal Sign Calendar,259.15,8
90124A,Pink Murano Twist Necklace,258.7,16
16254,Transparent Acrylic Tape Dispenser,258.36,19
20800,Large Glass Sundae Dish Clear,258.2,2
85129B,Beaded Crystal Heart Green Small,258.08,36
84613C,Blue New Baroque Flock Candlestick,258.06,12
77081,Flower Windmill,255.51000000000002,18
46775E,Candy Pop Chunky Knitted Throw,254.25,10
23137,Zinc Wire Sweetheart Letter Tray,253.24,20
90032,Ivory Shell Heart Necklace,253.17000000000002,21
90085,Crystal Stiletto Phone Charm,252.45,17
85033S,Set/6 Silver Reindeer T-Lights,252.2,39
90178A,Amber Chunky Glass+Bead Necklace,250.95,15
21341,Kasbah Lantern With Glass,250.8,15
90175D,Tigris Eye Chunky Charm Bracelet,250.6,15
20836,French Paisley Cushion Cover,250.00000000000003,22
22954,Hen Party Cordon Barrier Tape,250.0,37
84671B,Crochet Bear With Blue Stripes,249.9,24
85089,Candy Spot Bunny,249.45000000000005,18
16052,Teatime Push Down Rubber,249.35,21
79030A,"Tumbler, English Rose",249.15,20
84952A,Clear Love Bird T-Light Holder,249.11,14
45016,Decorative Net Canopy Leopard,248.75,8
23476,Woodland Large Red Felt Heart,247.5,18
23474,Woodland Small Blue Felt Heart,246.51000000000002,27
35914,Pink Chick Egg Warmer + Egg Cup,246.25,28
84924D,La Palmiera Metal Sign Calendar,246.0,12
21321,Glass Chalice Blue  Large,245.25,13
35979,Six String Scandinavian Heart Decs,244.85000000000002,19
90201D,Green Enamel Flower Ring,244.85000000000002,16
84508C,Blue Circles Design Teddy,244.8,36
72739B,White Chocolate Scent Candle,244.35,10
47481,50Cm Metal String With  7 Clips,244.11999999999998,35
21388,Ivory Hanging Decoration  Chicken,243.95,27
22870,"Number Tile Cottage Garden, 2",243.74999999999997,19
22257,Felt Farm Animal Sheep,243.14,25
35833P,4 Pink Flock Christmas Balls,241.75,43
23149,Antique Ivory Wire Bowl Small,241.53,19
18096C,White Round Porcelain Tlight Holder,241.5,13
79190D,Retro Plastic Daisy Tray,241.5,73
90191,Silver Lariat 40Cm,241.4,14
23495,Set Of 3 Pantry Wooden Spoons,240.0,24
21722,Sweet Pudding Sticker Sheet,239.7,40
46776C,Woven Frost Cushion Cover,238.5,17
47578A,English Rose Small Scented Flower,238.0,49
84629,White 3 Frame Birds And Tree,237.8,13
90081A,Lily Brooch Amethyst Colour,237.6,23
44217M,Multicolour Feathers Curtain,236.40000000000003,3
17012E,Origami Opium Incense/Candle Set,236.39999999999998,12
20616,Cherry Blossom Passport Cover,236.18,44
79328,Blue Flock Glass Candleholder,235.38,11
75178,Asstd Col Butterfly/Crystal W/Chime,235.19,16
20855,Pink Patch Purse Blue Heart,234.29999999999998,47
84597B,Retro Brown Ball Ashtray,234.15,19
23567,Egg Cup Henrietta Hen Pink,233.75,18
37483,English Rose Mug In Gift Box,232.89,10
23475,Woodland Small Pink Felt Heart,232.4,26
16212,Funky Girlz Asst Magnetic Memo Pad,232.04999999999998,30
79338,Dark Pink Flock Glass Candleholder,231.99,10
23447,Pink Bunny Easter Egg Basket,231.9,4
23465,Tuscan Villa Feeding Station,231.0,15
84926F,Psychedelic Tile Coaster,230.5,30
23446,Blue Bunny Easter Egg Basket,230.25,3
22877,"Number Tile Cottage Garden, 9",230.1,20
20736,Pink Mini Tape Measure,230.1,18
84461,12 Pink Hen+Chicks In Basket,229.5,34
20795,Large Blue Provencal Ceramic Ball,228.84,17
90146,Fine Silver Necklace W Pastel Flowe,228.75,13
84661A,White Square Table Clock,228.54,25
35096A,Blue Victorian Fabric Heart Box,228.39,19
20987,Geisha Girl Chopsticks Set/5,228.15,12
23036,T-Light Holder Silver Petit Four,227.5,15
72781,Black Silouette Candle Plate,227.4,14
84927F,Psychedelic Tile Hook,227.25,51
20906,Vintage Notebook Beauty Girl,227.15000000000003,28
10123C,Hearts Wrapping Tape,226.76000000000002,46
72750D,F.Fairy S/3 Candle/Glass,226.5,11
47471,Rainbow Pegs Photo Clip String,226.23000000000002,41
84532B,Fairy Cakes Rectangluar Boxes,226.1,23
23003,Travel Card Wallet Vintage Rose,225.78,52
85033G,Set/6 Gold Reindeer T-Light Candles,225.55,17
20869,Gold Fabric Mirror,225.49,31
17038,Porcelain Budah Incense Holder,225.4,30
TEST001,This Is A Test Product.,225.0,9
22872,"Number Tile Cottage Garden, 4",224.25,18
84529C,Yellow Knitted Kids Rucksack,222.75,11
22874,"Number Tile Cottage Garden, 6",222.29999999999998,17
44234,Assorted Circular Mobile,221.88,39
90014C,Silver/Black Orbit Necklace,221.85,14
37508,New England Ceramic Cake Server,221.85,44
84219,Box/12 Mother & Chick In Basket/Bow,220.8,26
21144,Pink Poodle Hanging Decoration,220.79,42
90070,Ruby Glass Cluster Bracelet,220.15,11
72739C,Dark Chocolate Scentcandle,219.75,11
84499,Black Flower Candle Plate,219.66,20
16258B,Daisy Erasers In Bag,219.34,13
90090,Pink Crystal Heart Phone Charm,219.3,17
85168A,White Baroque Carriage Clock,218.89999999999998,15
72225D,Vanilla Scent Cake Candle,218.88,10
90058A,Crystal Stud Earrings Clear Display,218.88,13
84993B,75 Black Petit Four Cases,218.82,77
90208,Pair Of Enamel Flower Cluster Slide,218.4,12
90157,Riviera Necklace,217.8,16
17013B,Origami Jasmine Incense In Tube,217.6,2
17011C,Origami Lavender Incense+Flower,217.1,1
90196A,Purple Gemstone Necklace 45Cm,216.75,9
35645,Vintage Bead Pink Jewel Box,216.75,24
90185C,Black Diamante Expandable Ring,216.75,19
22868,"Number Tile Cottage Garden, 0",216.45,14
84807,Red Poppy Artificial Flower,215.93,7
20799,Pink Milkshake Glass,215.5,13
84902,Pink Knitted Cow Stuffed Toy,215.34,33
23141,Triple Wire Hook Pink Heart,215.0,18
84621,Blue Gingham Rose Floor Cushion,214.65,13
23580,Snack Tray Happy Forest,214.5,21
62086A,Pink Retro Big Flower Bag,214.5,22
22875,"Number Tile Cottage Garden, 7",214.49999999999997,18
90114,Summer Daisies Bag Charm,214.2,19
84457,Set/3 Rabbits Flower Skippping Rope,214.2,40
20980,36 Pencils Tube Posy,213.75,39
84371,Big Pink Poodle,213.7,4
84705C,Pink Flock Photo Frame,213.6,6
51012C,"Feather Duster, Coal Black",212.5,26
84247C,Pack/12 Blue Reindeer Card,212.40000000000003,22
84725,Freestyle Canvas Art Picture,212.24999999999997,28
21639,Assorted Tutti Frutti Keyring,211.64999999999998,13
85094,Candy Spot Egg Warmer Rabbit,211.43,42
20818,Gold Teddy Bear,211.25,22
90210B,Clear Acrylic Faceted Bangle,211.25,17
47593A,Carousel Design Baby Bib,210.62,42
22876,"Number Tile Cottage Garden, 8",210.6,13
22871,"Number Tile Cottage Garden, 3",210.6,12
21032,Space Cadet White,210.48,32
85131B,Beaded Crystal Heart Green On Stick,210.17999999999998,24
21493,Vintage Design Gift Tags,209.95,22
21268,Vintage Blue Tinsel Reel,209.58,38
20901,Vintage Keepsake Box Pink Flower,209.54999999999998,16
20827,Gold Aperitif Glass,209.36,8
22889,"Number Tile Vintage Font, No",208.98000000000002,10
22873,"Number Tile Cottage Garden, 5",208.64999999999998,18
35818P,"Acrylic Jewel Icicle, Pink",208.62,20
47574B,English Rose Scented Hanging Heart,208.25,27
90123A,Pink Heart Of Glass Bracelet,208.25,18
37485,English Rose Tea Set In Gift Box,207.69,15
85131C,Beaded Crystal Heart Blue On Stick,207.34,26
16256B,Flower Pencil/Rubber+5 Mini Pencils,207.06,20
84690,S/2 Beach Hut Stools,206.70000000000002,13
35817P,"Acrylic Jewel Snowflake,Pink",206.58,10
37492A,Yellow Red Flower Piggy Bank,206.54999999999998,10
84247K,"Folk Art Greeting Card,Pack/12",206.5,24
20814,Silver Finch Decoration,206.39000000000001,12
47343A,Fuschia Flower Purse With Beads,206.26,23
84882,Green Wire Standing Candle Holder,206.25,27
21734,Small Marakesh Lantern On Stick,206.25,14
22878,"Number Tile Cottage Garden, No",205.8,16
21095,Set/6 Posies Paper Plates,205.7,27
84805A,Cream Climbing Hydranga Art Flower,205.35,7
90210D,Purple Acrylic Faceted Bangle,204.65,12
90185D,Crystal Diamante Expandable Ring,204.0,16
84927E,Flowers Tile Hook,203.34,24
21367,Mirrored Wall Art Gents,202.85999999999999,45
84870B,Blue Geisha Girl,202.5,23
84870C,Green Geisha Girl,202.5,21
35991,Set/6 Black Snowflake T-Lights,201.91,47
48103,Door Mat Kiss My.......,201.73,10
84723,Cherry Blossom Canvas Art Picture,201.3,12
16202C,Beige Photo Album,201.29999999999998,10
72754A,Flower Fairy Potpourri Cushion Lily,201.24,5
35824B,"Hanging Flowers+Mirror,Blue",200.26000000000002,5
16201A,Pastel Pink Photo Album,199.8,8
84706F,Red Peony Table Clock,199.35,16
84711B,Pink Oval Shape Trinket Box,199.0,12
90124B,Blue Murano Twist Necklace,199.0,11
35833G,4 Gold Flock Christmas Balls,198.0,29
21950,Set Of 6 Dots Chopsticks,197.05,2
21369,Mirrored Wall Art Splodges,195.0,17
84927D,La Palmiera Tile Hook,194.61,24
17014D,Origami Rose Incense Cones,194.28,5
46776E,Woven Candy Cushion Cover,193.95000000000002,11
21372,Mirrored Wall Art Table Lamp,193.23000000000002,36
47504F,English Rose Torch,193.1,13
90161A,Ant Copper Red Boudicca Bracelet,193.05,14
21582,Kings Choice Small Tube Matches,193.04999999999998,16
35921,Easter Bunny Hanging Garland,192.5,26
90087,Crystal Sea Horse Phone Charm,191.76,21
90129B,Turquoise Glass Tassle Bag Charm,191.75000000000003,18
47503H,Ass Floral Print Spirit Level,191.53,48
90030B,Red Kukui Coconut Seed Necklace,191.3,19
90196B,Black Gemstone Necklace 45Cm,191.25,10
71028B,Silver Blue Egg T-Light Holder,189.89,8
21400,Red Pudding Spoon,189.54,63
79303D,Lilac Flower Block Table Lamp,188.8,7
90122C,Turquoise Crystal+Glass Bracelet,188.1,15
20837,French Floral Cushion Cover,188.07000000000002,18
84509E,Carousel Placemats,187.31,12
21460,Green Easter Egg Hunt Start Post,187.2,20
90185B,Amethyst Diamante Expandable Ring,187.0,13
90016B,Gold/M.O.P Pendant Orbit Necklace,187.0,17
21543,Butterfly Water Transfer Tattoos,186.95,13
84893,Ant White Iron Basket,186.35000000000002,15
84803A,Pink Allium  Artificial Flower,184.21,16
84744,S/6 Sew On Crochet Flowers,183.75,29
90035A,"Pearl & Shell 42""Neckl. Green",182.75,9
17090A,Lavender Incense 40 Cones In Tin,182.65,26
16053,Popart Col Ballpoint Pen Asst,182.58,8
35819B,"Acrylic Hanging Jewel,Blue",182.19,29
72799D,Blue Pillar Candle Silver Flock,182.15,13
85128,Plantpot Single Hook Pistachio,182.09,2
37379B,Blue Cherry Blossom Cup & Saucer,181.5,3
84962,Set/3 Colour Painted Kashmiri Stool,179.85000000000002,2
90210A,Grey Acrylic Faceted Bangle,179.70000000000002,12
23697,A Pretty Thank You Card,179.64000000000001,26
84464,S/60 Pink Fluffy Chicks In Box,179.1,11
16043,Pop Art Push Down Rubber,179.04,12
90029,New Baroque Small Necklace Black,178.5,10
90122A,Pink Crystal+Glass Bracelet,178.20000000000002,14
84985B,Set Of 72 Black Paper Doilies,176.89999999999998,19
35838A,S/6 Multicolour Ornamenetal Candle,176.75,18
84966A,Pink Kashmiri Boxed Mirror,176.0,3
72812,Large Zinc/Glass Candleholder,175.98,16
21018,Bird Box Christmas Tree Decoration,175.95,37
21370,Mirrored Wall Art Foxy,175.35,16
90014B,Gold M Pearl  Orbit Necklace,175.04999999999998,15
90036C,"Flower Glass Garland Neckl.36""Blue",174.9,8
35793,S/3 Puppies Christmas Decorations,174.05,8
84877D,Blue Round Compact Mirror,173.75,15
17084P,Dragons Blood Incense,173.54,26
75011,Blue Daisy Mobile,172.51,15
90210C,Red   Acrylic Faceted Bangle,171.95000000000002,9
21368,Mirrored Wall Art Ladies,171.75,39
84706C,Pink Flock Table Clock,170.8,4
84706B,Fairy Cakes Table Clock,170.04999999999998,8
47347B,Blue Flower T-Light Holder,169.72,7
35818B,"Acrylic Jewel Icicle, Blue",168.38,8
90122B,Jade Crystal+Glass Bracelet,168.3,14
85205A,Ivory Felt Easter Rabbit Garland,168.3,21
79403,Frosted White Base,167.45,23
90178B,Purple Chunky Glass+Bead Necklace,167.29999999999998,9
90036A,Flower Garland Necklace Red,166.95000000000002,14
22330,72 Round Pink Doilies,166.75,15
37506,New England Milk Jug W Gift Box,166.6,22
90119,Metalic Leaves Bag Charms,166.17,18
21102,"Candle In Jar Collage , Vanilla",165.75,12
84526,Giant Black Sunglasses,163.79999999999998,31
85024C,Pink Small Jewelled Photoframe,163.35,42
90159,Cote D'Azure Necklace,163.35,15
35809B,Enamel Blue Rim Tea Container,162.48,22
16207A,Pink Strawberry Handbag,162.25000000000003,19
84529A,Pink Knitted Kids Rucksack,162.0,10
47591A,Carousel Des Child'S Apron,161.7,36
90040B,Murano Style Glass Bracelet Black,161.0,17
23305,Set 4 Picnic Cutlery Blueberry,159.9,9
90162B,Ant Silver Lime Green Boudicca Ring,159.3,19
85185C,Cow  Sock Puppet,159.3,26
85165,Candy Pink French Boudoir Clock,159.2,11
90125A,Pink Bertie Glass Bead Bag Charm,159.0,12
22864,Mug And Coaster Set Red Circles,158.76,2
90019A,Silver M.O.P Orbit Bracelet,158.4,17
21193,White Honeycomb Paper Fan,158.36,14
90155,Resin Necklace W Pastel Beads,157.5,12
10123G,Army Camo Wrapping Tape,157.18,12
16054,Popart Rect Pencil Sharpener Asst,156.9,37
23143,Zinc Wire Kitchen Organiser,156.8,12
23468,Tuscan Villa Bird Table,156.75,11
17178,Flat Palm T-Light Holder,156.65,24
84926C,Fairy Cakes Tile Coaster,156.25,19
84531B,Blue Knitted Egg Cosy,155.60999999999999,38
23416,Chambre Hook,155.07,18
21031,Space Cadet Black,154.91,25
82585,Sweet Valencia Candle+Cup,154.63,21
90013A,Midnight Blue Vintage Earrings,153.75,10
84855,Blokey Silver Tool Set,153.45000000000002,11
72140E,Best Dad Candle Letters,153.35999999999999,27
84029D,Leopard Print Hot Water Bottle,153.3,12
90185A,Amber Diamante Expandable Ring,153.0,9
90063A,White Vint Art Deco Crystal Necklac,153.0,10
21226,Pocket Mirror Woodland,152.5,20
48175,Door Mat Camouflage,152.0,1
84531A,Pink Knitted Egg Cosy,151.70999999999998,38
16202E,Black Photo Album,150.6,13
79161A,St George Set Of 10 Party Lights,150.45000000000002,16
90098,Necklace+Bracelet Pink Butterfly,150.45,23
90093,Clear Crystal Star Phone Charm,150.44,18
37471,Multicolour Dots Plate,150.4,4
21461,Blue Easter Egg Hunt Start Post,150.15,19
17011A,Origami Vanilla Incense+Flower,150.0,6
82093,Heart Shape Button Frame,150.0,7
21310,Capiz Chandelier,149.75,3
84452,Metal Rabbit Ladder Easter,149.6,26
17108D,Flower Fairy Summer Bouquet Sachet,149.1,23
90016A,Silver/M.O.P Pendant Orbit Necklace,148.75,9
90000D,Copper/Olive Green Flower Necklace,148.75,13
90000A,Raspberry Ant Copper Flower Necklac,148.75,14
90129C,Green Glass Tassle Bag Charm,147.5,17
84720,Dot Matrix Canvas Art Picture,147.05,3
20796,Small Blue Provencal Ceramic Ball,145.2,13
20672,Pink Teatime Print Bowl,145.0,22
84313A,Pink Tv Tray Table,144.5,16
47518F,Icon Placemat Pop Art Elvis,144.3,31
35610B,Black Christmas Flock Droplet,144.07,13
85095,Three Canvas Luggage Tags,143.85999999999999,11
90048,Green With Metal Bag Charm,143.55,6
22882,Number Tile Vintage Font 3,143.25,26
90036E,"Flower Glass Garld Neckl36""Amethyst",143.1,11
84564,6 Segment Coloured Snack Bowl,143.1,9
21353,Silver Sleighbell  Wreath,143.1,8
82587,Texrio Tomatoes Candle+Cup,142.94,32
90123B,Turquoise Heart Of Glass Bracelet,142.8,11
90123C,Green Heart Of Glass Bracelet,142.8,9
35980C,Redwhite Stripe Scandinavian Heart,142.5,28
84877A,Pink Round Compact Mirror,142.5,14
82553,Pop'S Greasy Spoon Metal Sign,141.89999999999998,20
23694,Paisley Park Card,141.84,24
37422,White With Black Cats Bowl,141.68,27
90186A,Amethyst Hoop Earring Floral Leaf,141.60000000000002,15
90018A,Silver M.O.P Orbit Drop Earrings,140.25,16
84617,New Baroque Black Boxes,140.25,7
21003,Rose Du Sud Cushion Cover,139.7,11
90124C,Green Murano Twist Necklace,139.29999999999998,8
90180B,Purple Amethyst Necklace W Tassel,139.29999999999998,10
20968,Green Floral Feltcraft Shoulder Bag,138.75,14
23304,Set 4 Picnic Cutlery Cherry,138.45,9
90086,Crystal Frog Phone Charm,138.32999999999998,19
81952V,Round Purple Clock W/Sucker,138.25,34
23417,Bathroom Hook,137.76,21
72754B,F Fairy Potpourri Cushions Lavender,137.54,8
90123D,White Heart Of Glass Bracelet,136.85000000000002,8
85026B,Eau De Nile Jewelled T-Light Holder,136.85,20
35824P,"Hanging Flowers+Mirror,Pink",136.44,3
10120,Doggy Rubber,136.07999999999998,62
90214A,"Letter ""A"" Bling Key Ring",135.71,45
90036B,"Flower Glass Garland Neckl.36""Green",135.15,9
90002A,Flower Burst Silver Ring Opal,135.0,14
20952,Porcelain Cherub Bell Small,134.82,20
90081C,Lily Brooch Olive Colour,133.65,13
84231,Easter Bunny With Basket On Back,132.6,34
79192A,Retro Plastic 70'S Tray,132.5,30
45013,Folding Shoe Tidy,132.0,8
22885,Number Tile Vintage Font 6,131.55,17
77079,Dolphin Windmill,131.44,11
37467,Pig Mug In Two Colour Designs,131.44,28
84527,Flames Sunglasses Pink Lenses,131.25,19
90013C,Green Vintage Earrings,131.25,10
90003D,Crystal Pair Heart Hair Slides,131.25,15
48179,Door Mat Sweet Home,131.25,6
82011A,"Bathroom Scales, Tropical Beach",131.25,23
84555A,Yellow Vw Beetle Ceramic Money Box,130.9,15
84925E,Flowers Wall Thermometer,130.05,3
20899,Vintage Notebook Red Rose,129.8,12
17011D,Origami Rose Incense+Flower,129.3,2
84228,Hen House W Chick Standing,129.24,23
20821,Goldie Looking Mirror,128.70000000000002,10
84874B,Blue Travel First Aid Kit,128.7,28
16119,Funky Girl Address Book,128.21,7
90175B,Pink Glass Chunky Charm Bracelet,127.8,7
84782B,Black 3 Tier Glass Plate Stand,127.5,6
90063B,Black Vint Art Dec Crystal Necklace,127.5,9
90013D,Purple Vintage Earrings,127.5,8
85018C,S/6 Paper Boxes Curious Images,127.2,4
46137D,Green Chenille Shaggy Rug,126.85,3
85179C,Pink Bitty Light Chain,126.85,10
23303,Set 4 Picnic Cutlery Fondant,126.75,6
82607E,Glass Bonbon Jar. D'Amandes,126.25,25
84255B,Orange Cocktail Glass Lamp,126.00000000000001,14
84622,Pink Gingham Rose Cushion Cover,124.95,7
84709A,Silver Oval Jewelled Mirror,124.95,11
35816P,"Acrylic Jewel Angel,Pink",124.88,7
10080,Groovy Cactus Inflatable,124.60999999999999,26
84661C,Pink Square Table Clock,124.55000000000001,12
71496A,A4 Wall Tidy Blue Office,124.44000000000001,8
90125D,Purple Bertie Glass Bead Bag Charm,124.2,11
84927A,Wake Up Cockerel Tile Hook,124.17,25
90162C,Ant Silver Fuschia Boudicca Ring,123.90000000000002,16
35015,Jacobs Ladder Small,123.84,38
22881,"Number Tile Vintage Font, 2",123.75,15
17191A,Rose Flower Candle+Incense 16X16Cm,123.75,12
20816,Gold Flower Cushion Cover,123.6,7
22850,Bread Bin Diner Style Black,123.6,1
84559D,3D Sheet Of Sea World Stickers,123.25,29
21087,Set/6 Posies Paper Cups,123.22,20
84367,La Strega Canvas Picture,122.54999999999998,7
79308B,Mosaic Candle Dish Blue Purple,122.4,2
16168S,Funky Monkey Gift Bag Small,121.85999999999999,7
79532,Mosaic Glass Ball Candleholder,121.25,18
85166A,White Metal Baroque Photo Frame,120.0,8
35911B,Pink/Flower Rabbit Egg Warmer,119.7,13
23463,Vintage Zinc Watering Can,119.39999999999999,7
90151,Silver/Natural Shell Necklace,119.0,7
84656,White Rose C/Cover,119.0,12
21228,"Pocket Mirror ""Glamorous""",118.75,29
84872A,Teatime Funky Flower Backpack For 2,118.65,6
35933,Pink Stocking Christmas Decoration,118.56,23
22883,"Number Tile Vintage Font, 4",117.89999999999999,12
22884,Number Tile Vintage Font 5,117.89999999999999,19
44242B,Pink Feathers Curtain,117.78,8
90214C,"Letter ""C"" Bling Key Ring",117.53999999999999,35
35824C,"Hanging Flowers+Mirror,Clear",117.05,8
84858A,Natural Riviera Handbag,116.7,7
72038P,Price'S Candle Peach,116.5,9
16206B,Red Purse With Pink Heart,116.4,16
90144,Silver Drop Earrings With Flower,116.25,11
84751B,Black Medium Glass Cake Stand,115.86,19
90030C,Brown Kukui Coconut Seed Necklace,115.65,10
20848,Zinc Heart Lattice Charger Small,115.05000000000001,12
23185,French Style Storage Jar Jam,114.85,30
90065A,White Vintage Crystal Bracelet,114.75,7
90214S,"Letter ""S"" Bling Key Ring",114.75,35
46776D,Woven Sunset Cushion Cover,113.85,9
85190,Pink Flower Hanging Heart,113.05,14
82607C,Glass Bonbon Jar. Superfines,112.5,21
84462,3 Pink Hen+Chicks In Basket,112.35,13
44236,Pink/Purple Circle Curtain,112.32000000000001,12
90214K,"Letter ""K"" Bling Key Ring",112.25,45
20896,Vintage Notebook Pink Flower,112.10000000000001,13
71510,Square Metal Candleholder Base,112.05,17
17014A,Origami Vanilla Incense Cones,111.81,9
21412,Vintage Gold Tinsel Reel,111.3,42
84288B,Set/2 Blue  Noodle Baskets,111.14999999999999,21
84493,Blue/Pink Nest Stripe Box,111.12,5
90170,Daisy Hair Band,110.55,10
90024D,New Baroque B'Fly Necklace Pink,110.5,11
20693,Floral Dinosaur Green,110.5,12
22886,"Number Tile Vintage Font, 7",110.1,14
78026,Seagrass S/3 Squ Laundry Box,110.0,1
23496,Pantry Kitchen Thermometer,110.0,22
84886,Blue Metal Wall Shelf,109.44999999999999,8
23578,Snack Tray Red Gingham,109.2,11
72134,Columbian  Cube Candle,109.16,20
90129D,Amber Glass Tassle Bag Charm,109.15000000000002,12
90129E,Purple Glass Tassle Bag Charm,109.15,10
90073,Vintage Enamel & Crystal Earrings,108.9,7
90158,St Tropez Necklace,108.9,11
90173,Pair Butterfly Hair Clips,108.75,7
22880,"Number Tile Vintage Font, 1",108.14999999999999,14
90199B,5 Strand Glass Necklace Amethyst,107.94999999999999,12
90214L,"Letter ""L"" Bling Key Ring",107.94,29
84899F,Yellow Purple Daisy Felt Purse Kit,107.5,23
71495B,Cd Wall Tidy Red Flowers,106.56,12
23477,Woodland Large Blue Felt Heart,106.25,8
90194,Silver Lariat Black Stone Earrings,106.25,14
90186B,Crystal Hoop Earring Floral Leaf,106.20000000000002,13
90108,Blue Blossom Hair Clip,106.05,13
17090D,Vanilla Incense 40 Cones In Tin,105.2,28
79144B,Painted Lightbulb Star+ Moon,105.17999999999999,40
23574,Packing Charge,105.0,14
16169D,Wrap Winter Forest,105.0,9
22987,"Wrap , Summer Rose Design",105.0,10
84199,Glow In Dark Dolphins,104.79,62
84458,S/3 Rabbit Flower/Egg/Carrot Rope,104.55,19
23151,Zinc Sweetheart Soap Dish,104.41,19
20698,Little Pink Monster Soft Toy,104.25,18
21118,Shopping Bag Doorstop,104.25,7
90049,Ivory Gold Metal Bag Charm,104.07,5
90206C,Crystal Diamante Star Brooch,103.95,11
84705B,Fairy Cakes Photo Frame,103.75,2
10138,Assorted Colour Jumbo Pen,103.74,16
35607A,Pink Fluffy Christmas Decoration,103.55,28
90036F,"Flower Glass Garld Neckl36""Turquois",103.35000000000001,4
84679,Classical Rose Table Lamp,103.3,4
85185F,Lion Sock Puppet,103.25000000000001,17
90129F,Red Glass Tassle Bag Charm,103.25000000000001,14
84247H,Pack/12 Decoupage Card,103.25000000000001,14
90129A,Pink Glass Tassle Bag Charm,103.25,15
72133,Columbian Candle Rectangle,102.87,27
35096B,Red Victorian Fabric Heart Box,102.63,21
22887,"Number Tile Vintage Font, 8",102.3,14
84613A,Pink New Baroque Flock Candlestick,102.3,10
90024E,New Baroque B'Fly Necklace Montana,102.0,7
90030A,Spotted White Natural Seed Necklace,101.75,8
84873A,Funky Flower Picnic Bag For 4,101.69999999999999,5
81950B,Flower Blue Clock W/Sucker,101.64,23
84249A,"Greeting Card,Square, Doughnuts",101.6,20
90040C,Murano Style Glass Bracelet Gold,101.5,10
35910A,Multicolour Easter Rabbit,101.39999999999999,12
16248B,Blue Hole Punch,101.25,12
84921,Cream And Pink Flowers Pony,101.25,14
90060F,Fire Polished Glass Neckl Green,101.15,7
21089,Set/6 Green Spring Paper Cups,100.98,36
84549,Crochet White Rabbit Keyring,100.8,9
85050,French Enamel Soap Dish With Lid,100.8,1
72821,Cupid Scented Candle In Glass,100.64999999999999,14
75172,Painted Sea Shell Metal Windchime,100.31,11
90190B,Gold/Amber Drop Earrings W Leaf,100.30000000000001,6
72753C,S/3 Flwr Fairy Rose Candles,99.9,5
84575A,Pink Dog Cannister,98.8,13
47592B,Scotties Design Child'S Overall,98.7,18
16161G,Wrap Bad Hair Day,97.5,33
20957,Porcelain Hanging Bell Small,97.15,12
17084J,Love Potion Masala Incense,95.34,19
90199A,5 Strand Glass Necklace Black,95.25,9
90199D,5 Strand Glass Necklace Amber,95.25,9
90211B,Jet Black Las Vegas Necklace 45Cm,95.2,8
84967A,Pink Kashmiri Occasional Table,94.95,2
72606A,Brown Antique Cube Candle,94.92,18
90125C,Turquoise Bertie Glass Bead Charm,94.8,6
90214E,"Letter ""E"" Bling Key Ring",94.75,33
72740A,Large Strawberry Chocolate Candle,94.7,5
20861,Gold Cosmetic Bag Pink Star,94.5,15
90137,Pink Combo Mini Crystals Necklace,94.05000000000001,8
90003C,Midnight Blue Pair Heart Hair Slide,93.75,10
90002C,Flower Burst Silver Ring Midn'T Blu,93.75,11
17084A,Tranquility Masala Incense,92.82,18
35610A,Pink Christmas Flock Droplet,92.82,8
35966,Folkart Christmas Tree T-Light Hold,92.72,20
84867A,Pink Baby Girls Photo Album,92.25,3
21343,Gold Jewelery Box,92.0,3
20697,Little Green Monster Soft Toy,91.5,19
20664,Tropical Holiday Purse,91.45000000000002,16
90177D,Drop Diamante Earrings Purple,91.45000000000002,10
90040D,Murano Style Glass Bracelet Pink,91.0,10
90150,Blue Shell+Silver Necklace,90.0,7
90163A,Pink Rosebud & Pearl Necklace,90.0,5
90003B,Rose Colour Pair Heart Hair Slides,90.0,9
90214J,"Letter ""J"" Bling Key Ring",89.73,30
17013C,Origami Lavender Incense In Tube,89.46000000000001,2
79191D,Retro Plastic Daisy Tray,89.25,31
84437A,S/6 Pink Easter Decs In Box,89.25,17
90023,Filigree Diamante Earrings,89.25,11
90042C,Freshwater Pearl Bracelet Ivory,89.25,8
84765,Silver Rococo Candelabra,89.25,4
90156,Resin Bracelet W Pastel Beads,89.10000000000001,7
90133,Teal/Fuschia Col Bead Necklace,89.1,7
84388,Wise Man Star Shape Egg Pan,89.03999999999999,22
20660,Vip Luggage Tag,88.75,26
22879,"Number Tile Vintage Font, 0",88.65,10
21337,Silver Washbag,88.50000000000001,9
35638A,Pink And Black String Curtain,88.04999999999998,6
84721,Manhattan Canvas Art Picture,87.8,2
90214M,"Letter ""M"" Bling Key Ring",87.23,29
35822B,"Acrylic Bead Chain, Blue",87.02,1
90094,Necklace+Bracelet Set Fruit Salad,86.69999999999999,21
71406C,Black Orange Squeezer,86.52,31
84424A,Four Picture White Glass Frame,86.25,10
84465,15 Pink Fluffy Chicks In Box,85.55000000000001,20
90190C,Silver/Amethyst Drop Earrings Leaf,85.55000000000001,10
90162A,Ant Silver Turquoise Boudicca Ring,85.55000000000001,10
90164A,Pink Rosebud Pearl Bracelet,85.35,7
90026D,Glass Bead Hoop Necklace Amethyst,85.0,8
17027A,Incense Bazaar Cannabis,84.84,2
46775A,Bubble Gum Chunky Knitted Throw,84.75,4
46775B,Berries Chunky Knitted Throw,84.75,4
35271S,Gold Print Paper Bag,84.17999999999999,18
90088,Crystal Key+Lock Phone Charm,84.14999999999999,12
72783,Black Sil'T Squ Candle Plate,84.0,7
90000B,Midnight Blue Copper Flower Necklac,83.30000000000001,9
23442,12 Hanging Eggs Hand Painted,83.2,7
90039D,Fire Polished Glass Bracelet Green,82.5,5
90069,Ruby Glass Cluster Necklace,82.5,5
35838B,S/6 Silver Ornamenetal Candle,82.45,22
35913B,White/Pink Chick Easter Decoration,82.45,19
21699,Set 5 Mini Chocolate Fridge Magnets,82.44,3
16051,Teatime Pencil W Stamp Asst,82.2,3
35609A,Pink Feather Christmas Decoration,82.19,18
72779,Set/6 Black Rose T-Light Candles,81.12,15
90121B,Vintage Rose Bead Bracelet Blue,80.75,9
90164B,White  Rosebud Pearl Bracelet,80.7,8
17011E,Origami Opium Scent Incense+Flower,80.60000000000001,1
90040A,Murano Style Glass Bracelet Red,80.5,10
90166,Pink & White Rosebud Ring,80.15,11
84795E,Rio Pink Stripe Hammock,79.5,5
23464,Vintage Zinc Watering Can Small,79.2,6
90096,Necklace+Bracelet Set Blue Blossom,79.05,11
90115,Summer Butterflies Bag Charm,79.05,11
35931,Pink Star Christmas Decoration,78.11999999999999,15
84596I,Wrap Sweets Light Pink Small Bowl,78.11,9
35265,Colourful Flower Fruit Bowl,78.05,15
71495A,Cd Wall Tidy Blue Office,77.94000000000001,9
84914A,Pink Rose Picnic Rug,77.85,2
84614A,Pink Baroque Flock Candle Holder,77.35000000000001,7
21450,Distressed Candle Stick White,77.35,3
90092,Blue Crystal Boot Phone Charm,77.35,7
22888,Number Tile Vintage Font 9,77.14,10
90183A,Amber Drop Earrings W Long Beads,76.70000000000002,6
90202D,Pink Enamel Flower Hair Tie,76.70000000000002,5
90162D,Ant Silver Purple Boudicca Ring,76.7,11
90028,New Baroque Large Necklace Blk/Whit,76.5,5
84923,Pink Butterfly Handbag W Bobbles,76.5,5
90024B,New Baroque B'Fly Necklace Red,76.5,6
35815P,"Acrylic Jewel Snowflake, Pink",75.88,7
23467,Vintage Zinc Planter,75.66999999999999,5
62043B,Blue Check Bag W Handle 34X20Cm,75.16,10
90176D,Diamante Necklace Purple,75.0,6
16161E,Wrap Boudoir,75.0,9
37399,"Ass Retrospoof Mugs,Sports",75.0,6
90013B,Black Vintage Earrings,75.0,5
84030C,Knitted Rainbow Hot Water Bottle,75.0,5
84757,Enchanted Garden Wrought Iron Table,74.75,4
81952B,Round Blue Clock W/Sucker,74.6,16
90116,Fruit Salad Bag Charm,74.36,11
46138B,Blue Chenille Shaggy Cushion Cover,74.35,19
90099,Necklace+Bracelet Set Blue Hibiscus,73.95,17
35610C,White Christmas Flock Droplet,73.91,6
90067A,Pink Vintage Victorian Earrings,73.75000000000001,8
84593,Crochet Rose Des Clothes Hanger,73.75,7
15030,Fan Black Frame,73.66,26
79331,Pink Flock Glass Candleholder,73.6,9
90112,Pink Dolly Hair Clips,73.5,15
16151A,Flower Des Blue Handbag/Orang Handl,72.5,5
84454,Wobbling Metal Chicken Easter,72.25,13
84427B,Black Glass Tv Double P/Frame 15X10,72.25,5
35916C,Pink Felt Hanging Heart W Flower,72.25,9
84753A,Pink Eau De Cologne Bottle,72.25,15
35937,Cerise+Gold Christmas Stocking Dec,71.44,17
17007B,S/3 Pot Pouri Cushions Blue Colours,71.4,6
37509,New England Mug W Gift Box,71.39999999999999,14
84925C,Fairy Cakes  Wall Thermometer,71.39999999999999,10
16256C,Hearts Pencil/Rubber+5 Mini Pencils,70.98,10
84086B,Yellow/Blue Retro Radio,70.80000000000001,12
37479P,Cubic Mug Flock Pink On Brown,70.35,22
90005A,Jade Green Enamel Hair Comb,70.2,7
16020C,Clear Stationery Box Set,69.69999999999999,24
72140F,Happy Anniversary Candle Letters,69.18,14
90042A,Freshwater Pearl Bracelet Gold,68.85,7
90205C,Large Crystal Diamante Hairslide,68.7,5
84251G,"Greeting Card, Overcrowded Pool.",68.39999999999999,34
79144C,Painted Lightbulb Rainbow Design,68.22,23
71215,Metal Base For Candles,68.1,12
90018B,Gold M.O.P Orbit Drop Earrings,68.0,10
90026A,Glass Bead Hoop Necklace Black,68.0,6
84425A,White Glass Tv Triple Frame,68.0,8
90001D,Antique Olive Green Flower Earrings,68.0,7
84857A,Silver Monte Carlo Handbag,68.0,3
84510E,Set Of 4 Green Carousel Coasters,67.8,13
47369B,Blue Green Embroidery Cosmetic Bag,67.74000000000001,10
84548,Crochet Bear Red/Blue  Keyring,67.64999999999999,12
84803B,White Allium  Artificial Flower,67.6,10
90002B,Flower Burst Silver Ring Rose,67.5,7
90038A,Glass And Painted Beads Bracelet To,67.5,4
47341B,Blue Table Run Flower,67.5,14
90072,Ruby Drop Chandelier Earrings,67.5,5
84926B,Scotts Roses Tile Coaster,67.5,10
47420,Assorted Colour Suction Cup Hook,67.26,29
35819P,"Acrylic Hanging Jewel,Pink",66.55,7
40002,White Bamboo Ribs Lampshade,66.3,1
71143,Silver Book Mark With Beads,66.3,13
84455,Set Of 3 Rabbit Carrots Easter,66.3,16
72369A,Pink Clear Glass Candle Plate,66.25,8
90089,Pink Crystal Skull Phone Charm,66.22,11
47598,New England Egg Warmer,66.0,23
85072,Occasions Gift Card Assortment,66.0,1
79329,Pink Flock Glass Candleholder,65.94,7
90060D,Fire Polished Glass Neckl Bronze,65.45,7
84705A,English Rose Photo Frame,65.10000000000001,7
47016,Light Decoration Battery Operated,65.10000000000001,5
20835,French Lattice Cushion Cover,64.98,8
47369A,Pink Green Embroidery Cosmetic Bag,64.9,10
90056,Chunky Cracked Glaze Necklace Ivory,64.5,1
90046,White With Metal Bag Charm,64.35,7
79534,Multicolour Glass Plate,63.800000000000004,16
20791,Blue Tiled Set Of 3 Drawers,63.75,1
85018A,S/6 Paper Boxes Romantic Images,63.75,10
85018B,S/6 Paper Boxes Blossom Images,63.75,10
90064B,Black Vintage  Crystal Earrings,63.75,9
21489,Blue White Scarf Hot Water Bottle,63.2,6
72709,Ivory Sculpted Rnd Candle,62.9,13
90131,Pink/Amethyst/Gold Necklace,62.55,4
90214G,"Letter ""G"" Bling Key Ring",62.25,21
47348A,Fuschia Voile Pointy Shoe Dec,62.01,16
20667,Cherry Blossom Purse,61.95,9
17136A,Blue Stones On Wire For Candle,61.78,34
90204,Pair Of Enamel Butterfly Hairclip,60.300000000000004,9
90212B,Jet Black Las Vegas Bracelet Round,60.0,7
90176C,Diamante Necklace,60.0,4
90189A,Silver 2 Strand Necklace-Leaf Charm,60.0,5
90078,Pink/White Glass Demi Choker,60.0,4
90021,Laser Cut Multi Strand Necklace,59.75,4
90026C,Glass Bead Hoop Necklace Green,59.5,5
90018C,Silver Black Orbit Drop Earrings,59.5,7
90179C,Black Fine Bead Necklace W Tassel,59.5,7
90026B,Glass Bead Hoop Necklace Montana,59.5,6
35654,Vintage Bead Filled Pink Cushion,59.400000000000006,5
84251F,"Greeting Card, Rita",59.279999999999994,31
72051S,Bag Of Silver Stones,59.22,19
35909A,Rabbit Easter Decoration,59.00000000000001,5
35607B,Black Feather Christmas Decoration,58.900000000000006,16
35973,Geranium Folkart Heart Decoration,58.75,12
90037B,Tiny Crystal Bracelet Green,58.650000000000006,5
81985A,"Icon Alarm Clock,Fuschia  Pin Up",58.65,7
85023C,Pink Large Jeweled Photoframe,58.65,11
90214D,"Letter ""D"" Bling Key Ring",58.21,19
35594,Wooden Christmas Tree 3 Hanging,57.96,21
44241C,Blue Butterfly On Spring,57.8,7
84899E,Yellow + Brown Bear Felt Purse Kit,57.5,14
35821B,"Jewelled Decoration,Blue",57.0,3
84226,Hen House W Family In Barn & Nest,56.61,17
17129C,Sky Blue Colour Glass Gems In Bag,56.28,10
90002E,Flower Burst Silver Ring Green,56.25,8
84875A,Pink Square Compact Mirror,56.25,11
47344B,Blue Flower Des Purse,56.16,10
35817B,"Acrylic Jewel Snowflake,Blue",56.129999999999995,2
90100,Necklace+Bracelet Set Pink Daisy,56.1,9
85023A,Crystal Large Jewelled Photo Frame,56.1,10
35001B,Hand Open Shape Black,55.84,5
85080,Padded Red Heart Decoration,55.76,22
84562B,Blue/White Ribbed Melamine Jug,55.650000000000006,5
84891B,Green Wire Goblet Candleholder,55.65,5
85151,Welcome Metal Sign,55.0,8
90043,Copper And Brass Bag Charm,54.510000000000005,6
90019B,Gold M.O.P Orbit Bracelet,54.45,7
20820,Silver Looking Mirror,54.45,8
90138,White/Pink Mini Crystals Necklace,54.45,5
84539,Knitted Rabbit Doll,54.449999999999996,9
90084,Pink Crystal Guitar Phone Charm,54.4,9
46115B,Green Pop Art Mao Cushion Cover,54.34,22
90065B,Black Vint Art Dec Crystal Bracelet,54.0,6
79406,Frosted White Base,53.900000000000006,15
90211A,Diamond Las Vegas Necklace 45Cm,53.550000000000004,5
90190A,Silver/Crystal Drop Earrings W Leaf,53.10000000000001,8
90130A,White Stone/Crystal Earrings,53.10000000000001,6
90168,2 Daisies Hair Comb,53.10000000000001,3
35816B,"Acrylic Jewel Angel,Blue",52.93,2
35910B,Pink Flowers Rabbit Easter,52.65,6
90214R,"Letter ""R"" Bling Key Ring",52.519999999999996,19
90039C,Fire Polished Glass Bracelet Black,52.5,3
84845C,Carnation Square Handy Tin,52.5,14
78027,Seagrass S/2 Corner Laundry,51.9,3
84845D,Geranium Square Handy Tin,51.25,11
84402B,Purple Dress Jewellery Stand,51.14,4
35840,Flat Glass  Bauble White Flock,51.0,5
90165B,White Rosebud  Pearl Earrings,51.0,6
90020,Filigree Diamante Chain,51.0,2
90016C,Silver/Black Pendant Orbit Necklace,51.0,4
20964,Polyester Filler Pad 60X40Cm,51.0,6
84612B,Set/4 Black  Baroque Flock Coaster,51.0,4
90024C,New Baroque B'Fly Necklace Green,51.0,5
85069,Cream Sweetheart Double Shelf,50.849999999999994,1
20958,Porcelain Hanging Bell Large,50.7,9
72083A,Strawbery Swirl Flare Candle,50.400000000000006,7
22657,Hen & 2 Chicks In Basket,50.15,7
90125B,Aqua Bertie Glass Bead Bag Charm,50.099999999999994,6
90214H,"Letter ""H"" Bling Key Ring",50.019999999999996,23
37462B,"Pet Mug, Budgie",49.980000000000004,5
90019C,Silver Black Orbit Bracelet,49.5,7
90079,Vintage Enamel & Crystal Necklace,49.5,5
90142D,Mop Pendant Shell Necklace,49.5,4
90206A,Gold Diamante Star Brooch,49.5,6
84537B,Fairy Cakes Gift Bag,49.14,11
90214N,"Letter ""N"" Bling Key Ring",48.769999999999996,18
90212C,Purple Las Vegas Bracelet Round,48.75,5
90039B,Fire Polished Glass Bracelet Montan,48.75,3
90038C,Glass And Beads Bracelet Ivory,48.75,3
90051,Cracked Glaze Necklace Red,48.65,4
90214P,"Letter ""P"" Bling Key Ring",48.5,18
90104,Purple Frangipani Hairclip,48.449999999999996,11
72771B,Burg Flock Gold Cup/Candle,48.3,6
90031,Bili Nut And Wood Necklace,48.0,5
84608,Ornate Edwardian Candle Holder,47.7,4
84599,Candy Stripe Rose Floor Cushion,47.7,2
21347,Gothic Carriage Lantern,47.6,4
90179A,Amber Fine Bead Necklace W Tassel,47.6,5
72129,Columbian Candle Round,47.45,17
90214B,"Letter ""B"" Bling Key Ring",47.23,16
20895,Vintage Notebook French Letter,47.20000000000001,4
35909B,Pink Flowers Rabbit Easter,47.2,6
90177C,Drop Diamante Earrings Crystal,47.2,6
84227,Hen House W Chick In Nest,47.04,13
35603C,Set/16 White Shiny & Matt Baubles,47.04,22
16201B,Pastel Blue Photo Album,46.8,2
20988,Trellis Flower Chopsticks Set/5,46.8,9
84857B,Blue Monte Carlo Handbag,46.8,1
84582,Pink Crochet Cat With Scarf,46.75,9
84705D,Cherry Blossom Photo Frame,46.5,3
47341A,Fuschia Table Run Flower,46.25,7
84626,Candy Stripe Rose Quilt,45.95,1
90037A,Tiny Crystal Bracelet Red,45.9,4
72024U,Lilac Votive Candle,45.78,10
90012B,Black Drop Crystal Necklace,45.35000000000001,3
84746,Pink Easter Hens+Flower,45.0,8
16161C,Wrap Speed Demons,45.0,2
21685,Medina Stamped Metal Tray,44.849999999999994,2
90074,Black Diamond Cluster Necklace,44.75,4
90135A,Orange/Fuschia Stones Necklace,44.550000000000004,2
90197D,Amber Glass Bracelet Heart Charms,44.550000000000004,4
85081,Padded Holly Christmas Decoration,44.49,20
90130B,Turq Stone/Crystal Earrings,44.25000000000001,4
84586L,"Pink Roses/Gingham Patch Rabbit 8""",44.25000000000001,9
35085E,Ivory Rose Lampshade,44.25,9
90177B,Drop Diamante Earrings Black Diamon,44.25,5
84447,6 Rabbit Chain Easter,44.199999999999996,7
84251B,"Greeting Card, Sticky Gordon",43.88999999999999,22
84292B,Blue Col Metal Folding Chair,43.85,4
79063C,"Retro Pill Box Key Chain,The King",43.65,14
90101,White Frangipani Necklace,43.35,5
90037C,Tiny Crystal Bracelet Blue,43.35,4
18097A,Pink Tall Porcelain T-Light Holder,43.349999999999994,12
35916A,Yellow Felt Hanging Heart W Flower,43.349999999999994,7
35822P,"Acrylic Bead Chain, Pink",43.32,1
79026B,"S/4 Icon Coaster,Elvis Lives",43.11,22
90059D,Diamante Hair Grip Pack/2 Peridot,42.900000000000006,5
72796B,S/3 French Vanilla Squ Candle,42.9,11
90214I,"Letter ""I"" Bling Key Ring",42.519999999999996,12
72724,Set/6 Christmas Icicle T-Lights,42.5,9
90024A,New Baroque B'Fly Necklace Black,42.5,4
90214T,"Letter ""T"" Bling Key Ring",42.23,12
90050,Cracked Glaze Necklace Ivory,41.7,2
90152C,Blue/Nat Shell Necklace W Pendant,41.650000000000006,4
90060C,Fire Polished Glass Neckl Silver,41.65,3
90179B,Purple Fine Bead Necklace W Tassel,41.65,5
84611B,Black New Baroque Flock Box,41.65,4
85184B,Set 4 Easter Decoupage Oval Boxes,41.300000000000004,7
37477B,"Flower Fairy Mug+Coaster,Lavender",41.25,8
90064A,White Vintage Crystal Earrings,41.25,4
23448,Cream Bunny Easter Egg Basket,41.24999999999999,3
35644,Pair Pink/Black Coathangers,40.95,7
90174,Butterfly Hair Band,40.800000000000004,4
44228,Cannabis Leaf Bead Curtain,40.8,3
84798C,White Foxglove Artiifcial Flower,40.8,3
35071,Assorted Santa Christmas Decoration,40.8,5
17014C,Origami Lavender Incense Cones,40.32,1
20994,Jazz Hearts Spiral Notepad,39.95,12
20860,Gold Cosmetics Bag With Butterfly,39.900000000000006,10
47013A,Wine Bottle Dressing Lt.Blue,39.87,25
79065A,Teatime Round Cake Tins,39.8,1
90059C,Diamante Hair Grip Pack/2 Montana,39.6,7
72798C,Set/4 Garden Rose Dinner Candle,39.599999999999994,11
84551,Crochet Dog Keyring,39.599999999999994,6
20870,Opulent Velvet Candle In Box,39.300000000000004,4
82545A,Cognac Aux Oeufs Metal 1 Hook,38.75,11
35963,Folkart Zinc Clip On Angel Wings,38.379999999999995,11
90042B,Freshwater Pearl Bracelet Pink,38.25,5
20905,Vintage Keepsake Box Beauty Girl,38.1,3
23038,T-Light Holder Silver Saucer,38.03,6
90038B,Glass And Painted Beads Bracelet Ol,37.5,2
35233,Pasta Enamel/Brass Container,37.5,8
90176A,Classic Diamante Necklace Jet,37.5,3
90003E,Green Pair Heart Hair Slides,37.5,3
37379A,Pink Cherry Blossom Cup & Saucer,37.5,5
90140,Pink Sweetie Necklace,37.5,3
79413,Glass Wine Glass Decorations,37.5,9
84705F,Red Peony Photo Frame,37.2,5
82069,Beech Wood P/Frame,36.25,2
16162M,The King Gift Bag 25X24X12Cm,36.12,12
90075,Montana Diamond Cluster Necklace,35.8,3
90169,Daisy Hair Comb,35.7,3
90060B,Fire Polished Glass Neckl Gold,35.7,4
90067B,Brown Vintage Victorian Earrings,35.400000000000006,2
90134,Old Rose Combo Bead Necklace,35.400000000000006,2
90027D,Glass Bead Hoop Earrings Amethyst,35.400000000000006,6
35815B,"Acrylic Jewel Snowflake,Blue",35.34,2
90083,Crystal Czech Cross Phone Charm,34.94,8
84745B,Blue Hanging Gingham Easter Hen,34.86,17
84868B,Blue Baby Boy'S Memory Box,34.75,4
79063D,"Retro Pill Box , Revolutionary",34.72,10
90141E,Orange Pendant Triple Shell Necklac,34.65,3
84546,Crochet Poodle Keyring,34.65,3
90141C,Turq Pendant Triple Shell Necklace,34.65,4
90059F,Diamante Hair Grip Pack/2 Lt Rose,34.65,5
90059E,Diamante Hair Grip Pack/2 Ruby,34.65,7
90141A,Green Pendant Triple Shell Necklace,34.65,4
35955,Small Folkart Christmas Tree Dec,34.62,4
72715,Spherical Ivory Candle,34.44,12
44265,M/Colour Pom-Pom Curtain,34.0,4
37489A,Yellow/Pink Flower Design Big Mug,33.93,21
90066A,Pink Vintage Victorian Choker,33.75,2
37112,Yellow Birds Felt Des Foodcover,33.75,4
17014E,Origami Opium Incense Cones,33.3,4
37348,Set Of 4 Pastel Stacking Mugs,33.15,6
47013C,Wine Bottle Dressing Dark Blue,33.05,22
20879,Tree Of Noah Festive Scented Candle,32.5,8
35916B,Blue Felt Hanging Heart W Flower,31.449999999999996,5
20953,Porcelain Cherub Bell Large,31.349999999999998,7
90103,Purple Frangipani Necklace,30.6,5
90165A,Pink Rosebud Pearl Earrings,30.6,2
16050,Teatime Pencil With Rubber,30.5,4
90126A,Pink Bertie Mobile Phone Charm,30.42,3
37489B,Blue/Yellow Flower Design Big Mug,30.419999999999998,17
84745A,Pink Hanging Gingham Easter Hen,30.240000000000002,15
90163B,White Rosebud & Pearl Necklace,30.0,2
47563B,Waveline Surf Ironing Board Cover,30.0,6
90022,Edwardian Drop Earrings Jet Black,30.0,4
21767,French Style Wire Door Cabinet,29.95,1
90136,Pale Pink/Amethyst Stone Necklace,29.849999999999998,2
90001B,Antique Mid Blue Flower Earrings,29.75,4
90152B,Blue/Green Shell Necklace W Pendant,29.75,4
90059A,Diamante Hair Grip Pack/2 Crystal,29.700000000000003,3
90135,Orange/Wht/Fuschia Stones Necklace,29.700000000000003,1
90081B,Lily Brooch White/Silver Colour,29.7,2
90197B,Black Glass Bracelet W Heart Charms,29.7,2
90141B,Ivory Pendant Triple Shell Necklace,29.7,2
35598A,Dusty Pink Christmas Tree 60Cm,29.500000000000004,3
84450B,Yellow Rabbit Sat Easter,29.4,7
78034B,Blue Netting Storage Hanger,29.25,9
37489D,Pink/Green Flower Design Big Mug,28.86,20
90126C,Amber Bertie Mobile Phone Charm,28.73,2
44089C,Lilac Gauze Butterfly Lampshade,28.56,18
37462E,"Pet Mug, Goldfish",28.27,9
40005B,Blue Organdy Round Lampshade W Bea,28.05,13
84456,Set Of 3 Rabbit Egg Easter,28.049999999999997,12
85079,Embroidered Reindeer Decoration,28.0,6
21267,Vintage Pink Tinsel Reel,27.3,4
90214O,"Letter ""O"" Bling Key Ring",27.23,13
21097,Set/6 Green Spring  Paper Plate,27.2,7
23702,High Resolution Image,27.0,3
84864A,Pink Paisley Photo Album,27.0,3
90181A,Amber Glass/Shell/Pearl Necklace,26.849999999999998,3
90011B,Black Crystal Drop Earrings,26.550000000000004,4
90202B,White Enamel Flower Hair Tie,26.550000000000004,3
90202C,Green Enamel Flower Hair Tie,26.550000000000004,4
37491C,Green/Blue Ceramic Candle Holder,26.4,7
90205A,Large Mint Diamante Hairslide,26.4,6
84876C,Silver Heart Compact Mirror,26.25,4
90039A,Fire Polished Glass Bracelet Red,26.25,2
90024F,New Baroque B'Fly Necklace Crystal,25.5,2
90001C,Antique Opal White Flower Earrings,25.5,5
35597D,Pink/White Christmas Tree 30Cm,25.28,7
84251J,"Greeting Card, The Black Cat",25.2,4
84251C,"Greeting Card, Two Sisters.",25.08,14
17013F,Origami Sandlewood Incense In Tube,25.05,4
90139,Flower Brooch 4 Assorted Colours,24.75,3
90059B,Diamante Hair Grip Pack/2 Black Dia,24.75,4
35633B,Blue Tinsel Garland,24.7,12
35596,Wood Xmas Tree 9 Fig Shelves,24.65,4
37468,Hardman Mug 3 Assorted,24.57,12
10124A,Spots On Red Bookcover Tape,24.36,18
47504J,English Rose Set/3 Garden Tools,23.85,2
90152A,Silver/Nat Shell Necklace W Pendant,23.8,4
84575B,Brown Dog Cannister W Bone,23.8,3
90214F,"Letter ""F"" Bling Key Ring",23.77,13
17014F,Origami Sandlewood Incense Cones,23.699999999999996,4
90177E,Drop Diamante Earrings Green,23.6,3
90012A,Midnight Blue Drop Crystal Necklace,23.6,2
90182C,Black 3 Bead Drop Earrings,23.6,2
90202A,Purple Enamel Flower Hair Tie,23.6,3
18010,Assorted Fragrance Bath Confetti,23.52,6
47552A,Dots Ironing Board Cover,23.4,11
37491D,Purple/Blue Ceramic Candle Holder,23.099999999999998,5
90176B,Diamante Necklace Black,22.5,2
90176E,Diamante Necklace Green,22.5,2
37477C,"Flower Fairy Mug+Coaster,Rose",22.5,1
90189B,Gold 2 Strand Necklace-Leaf Charms,22.5,2
35597B,Blackchristmas Tree 30Cm,22.5,6
84415A,Pink Flock Suede Cushion Cover,22.5,3
85225,Bling Key Ring Stand,22.5,11
35611B,Black Assorted Droplet Decoration,22.419999999999998,2
35652,Vintage Bead Chaise Long Jewel Box,21.5,2
84387A,Bird On Branch Canvas Screen,21.45,1
90128B,Blue Leaves And Beads Phone Charm,21.25,5
90128A,Pink Leaves And Beads Phone Charm,21.25,5
21387,Ivory Hanging Decoration  Rabbit,21.25,4
35591T,Turquoise Christmas Tree,21.25,9
90214Y,"Letter ""Y"" Bling Key Ring",21.15,5
23692,Wrap A Pretty Thank You,21.0,2
90052,Cracked Glaze Necklace Brown,20.85,1
90177A,Classic Diamante Earrings Jet,20.650000000000002,2
90027B,Glass Bead Hoop Earrings Montana,20.650000000000002,4
72771C,Black Flock Gold Candle,20.580000000000002,4
79172D,Purple Tint Acrylic Flower Vase,20.4,4
90118,Pink Daisy Bag Charm,20.4,3
84529B,Blue Knitted Kid'S Rucksack,20.25,2
44091C,Multicolour Crusoe Check Lampshade,20.16,10
35603B,S/16 Black Shiny/Mat Baubles,20.16,1
90187B,Green Drop Earrings W Bead Cluster,20.1,2
84415B,Blue Flock Cushion Cover,20.0,3
17091F,Sandalwood Incense In Tin,20.0,6
78056,Camouflage Backpack On Wheels,19.9,1
90034,White Silver Necklace Shell Glass,19.9,2
84570B,White Satin Dress Jewel Stand,19.8,2
46307,Roses Blue Base Cushion Cover,19.8,4
84550,Crochet Lilac/Red Bear Keyring,19.8,4
22351,Dotcomgiftshop Tea Towel,19.799999999999997,1
37488A,Yellow Pink Flower Design Big Bowl,19.770000000000003,5
37487B,Yellow/Orange Flower Design Plate,19.72,2
20680,Pink Flowers Childs Umbrella,19.5,4
79062D,"Retro Tin Ashtray,Revolutionary",19.4,4
84450A,Pink Rabbit Sitting Easter,19.32,4
84340,Large Fibre Optic Christmas Tree,19.08,6
81950V,Flower Purple Clock W/Sucker,18.799999999999997,10
84030B,Knitted Pom Pom Hot Water Bottle,18.75,3
84732B,Cute Bird Ceature Screen,18.48,6
84311,Camoflage Cushion Cover,18.15,1
72796A,S/3 English Lavender Squ Candle,18.15,5
84614C,Blue Baroque Flock Candle Holder,17.85,1
18097B,Blue Tall Porcelain T-Light Holder,17.85,3
90095,Necklace+Bracelet Set Pink Blossom,17.85,2
44092C,Purple/Copper Hanging Lampshade,17.849999999999998,8
71050,Small Single Flame Candle Holder,17.849999999999998,8
90011C,Green Crystal Drop Earrings,17.700000000000003,1
90027A,Glass Bead Hoop Earrings Black,17.700000000000003,3
90130D,Red Stone/Crystal Earrings,17.700000000000003,1
37489C,Green/Blue Flower Design Big Mug,17.55,10
90128C,Green Leaves And Beads Phone Charm,17.5,3
20887,Box Of 6 Pebble Candles,17.25,4
90001A,Antique Raspberry Flower Earrings,17.0,3
72805,Vanilla Candle In Embossed Zinc Pot,16.9,3
72785A,S/4 Contempory Pink Rosebud Candles,16.8,4
21511,Vintage Collage  Greeting  Card,16.8,2
37491B,Blue/Yellow Ceramic Candle Holder,16.5,5
44089A,Pink Gauze Butterfly Lampshade,16.38,12
84630,Flowers And Birds Wall Plaque,15.9,1
20891,Large Glass Rose Scented Candle,15.9,1
35932,Pink Christmas Tree Decoration,15.629999999999999,10
90037D,Tiny Crystals Bracelet Black,15.3,1
90076,Montana Diamond Cluster Earrings,15.3,1
37481,Cubic Mug Teatime Cakes,15.3,1
17174,Asstd Rasta Key-Chains,15.120000000000001,7
84206A,3 Black Cats W Hearts Blank Card,15.01,9
23449,Set Of 6 Easter Rainbow Chicks,15.0,1
90127A,Pink Beads+Hand Phone Charm,15.0,1
20890,Small Glass Rose Scented Candle,15.0,1
21475,Sweetheart Cream Steel Foldin Chair,14.95,1
35650,Vintage Bead Pink Jewel Stand,14.850000000000001,3
84567,Frosted Glass With Silver Surround,14.85,1
90141D,Rose Pendant Triple Shell Necklace,14.85,1
SP1002,Kid'S Chalkboard/Easel,14.75,2
90214V,"Letter ""V"" Bling Key Ring",14.73,9
90102,White Frangipani Hair Clip,14.45,3
62074B,Elephant Clip W Suction Cup,14.28,11
84868A,Pink Baby Girl'S Memory Box,13.9,2
16245A,Pink Mini Stationery Set W Case,13.75,7
90171,Daisy Ring,13.75,2
35936,Cerise+Gold Christmas Tree Dec,13.68,9
21525,Beware Of The Cat Doormat,13.5,2
10124G,Army Camo Bookcover Tape,13.44,9
62097B,Blue Stripes Shoulder Bag,13.37,4
72752B,"F.Fairy,Candle In Glass,Lavender",12.75,2
84648,New Baroque Wall Mirror,12.75,1
44092B,Blue White Plastic Rings Lampshade,12.75,6
21772,Vintage Metal Cake Stand Cream,12.75,1
90033,Ivory Shell Heart Earrings,12.75,2
85115B,S/4 Black Disco Partition Panel,12.75,1
35443,Rasta In Bath W Spliff Ashtray,12.75,9
85083,Kiss Reindeer Scandinavian Stocking,12.75,2
20812,Embossed Flower Trellis Photo Frame,12.75,3
35751C,Purple Current Candle Ring,12.61,2
51012L,"Feather Duster, Light Pink",12.5,6
35918B,Blue Floribunda Egg Warmer,12.5,5
35597A,Dusty Pink Christmas Tree 30Cm,12.5,4
79149B,Silicon Star Bulb  Blue,12.18,12
44242A,Lilac Feathers Curtain,11.98,2
85185E,Duck Sock Puppet,11.8,2
90027C,Glass Bead Hoop Earrings Green,11.8,2
84814B,Rhombus Crystal Perfume Bottle,11.7,2
37491A,Yellow/Pink Ceramic Candle Holder,11.549999999999999,5
84743C,Orange Felt Vase + Flowers,11.25,5
90025E,Baroque Butterfly Earrings Montana,11.25,3
17011B,Origami Jasmine Incense+Flower,11.100000000000001,2
72785B,S/4 Contempory Red Rosebud Candles,10.9,3
84732D,Cute Rabbit Ceature Screen,10.89,6
16169G,Wrap Romantic Decoupage,10.5,1
17084G,Moon Incense,10.5,2
21496,Woodland Creatures  Wrap,10.5,1
90041,Pearl And Cherry Quartz Braclet,10.5,2
16169A,Wrap Christmas Decoupage,10.5,1
20939,Orange Candle,10.2,1
90214Z,"Letter ""Z"" Bling Key Ring",9.73,5
81953P,Round Articulated Pink Clock W/Suck,9.57,6
20822,Silver Wine Goblet,9.3,1
23441,Hand Painted Hanging Easter Egg,9.24,3
72708,Sculpted Round Ivory Candle,9.24,5
18098B,Blue Porcelain B'Fly Oil Burner,8.850000000000001,3
35598C,White Christmas Tree 60Cm,8.850000000000001,3
71496B,A4 Wall Tidy Red Flowers,8.67,6
84572,6 Hook Jewel Stand Lilac Dress,8.49,1
90188,Drop Earrings W Flower & Leaf,7.6499999999999995,3
44091A,Blue Crusoe Check Lampshade,7.56,6
90025C,Baroque Butterfly Earrings Green,7.5,2
46037A,Pink Canvas Des Cushion Cover,7.5,2
84366,Vendetta Canvas Picture,7.5,2
90025D,Baroque Butterfly Earrings Pink,7.5,2
90025F,Baroque Butterfly Earrings Crystal,7.5,2
90025A,Baroque Butterfly Earrings Black,7.5,2
20942,Set/6 Gingerbread Tree T-Lights,7.5,4
82011E,"Bathroom Scales, Fag Break",7.5,2
90111,Blue Hibiscus  Hair Clip,7.35,6
35001P,Hand Open Shape Pink,6.98,2
85230D,Vanilla Scented Votive Candle,6.959999999999999,1
85230C,Rose Scented Votive Candle,6.959999999999999,1
21852,Empire Teddy,6.95,1
48173A,Door Mat Blue Flock,6.75,1
37484,English Rose Tea For One Gift Box,6.75,1
90187A,Blue Drop Earrings W Bead Cluster,6.7,1
20678,Large Black Diamante Hairslide,6.6,1
20858,Silver Purse Gold Pink Butterfly,6.6,1
90082C,Diamante Bow Brooch White Colour,6.35,1
79140,Ass Windproof Marijuana Lighters,6.3,2
37408,Assorted Design Geisha Girl Mugs,6.25,1
82072,White Wood Single P/Frame,6.25,3
20673,Strawberries Print Bowl,6.25,2
90214W,"Letter ""W"" Bling Key Ring",5.9799999999999995,3
90000C,Opal White/Silver Flower Necklace,5.95,1
72751C,"F.Fairy S/3 Sml Candle, Rose",5.95,1
72751B,"F.Fairy S/3 Sml Candle, Lavender",5.95,1
72751A,"F.Fairy S/3 Sml Candle,Lily/Valley",5.95,1
37409,Assorted Design Flower Mugs,5.949999999999999,3
35821P,"Jewelled Decoration,Pink",5.9,2
35823P,"Acrylic Bead Garland,Pink",5.9,2
90011A,Midnight Blue Crystal Drop Earrings,5.9,2
79303A,White Rohmbic Block Table Lamp,5.9,1
20882,Modern Christmas Tree Candle,5.9,1
90183C,Black Drop Earrings W Long Beads,5.9,2
84247J,Pack/12 Russian Doll Cards,5.9,2
90130C,Green Stone/Crystal Earrings,5.9,2
18098A,Pink Porcelain B'Fly Oil Burner,5.9,2
85186B,Bunny Bunch Of Flowers,5.88,2
35051B,Pink Beaded Cone Christmas,5.88,2
35537,Candle Ring W/Clear Beads,5.46,3
21838,Daddy Mouse Red Gingham Bow Tie,5.45,1
84201B,Happy Birthday Card Stripey Teddy,5.32,6
35751D,Pink Current Candle Ring,5.32,1
16215,Funky Girlz Magnetic To Do List,5.2,3
90054,Cracked Glaze Earrings Red,5.1,2
71101A,Angel On Knees Metal Pole 100Cm H,5.1,1
84942,Kashmir Folkart Heart Dishes,5.07,3
85232C,Russian Folkart Stacking Tins,4.95,1
37451,Ceramic Cake Teapot With Cherry,4.95,1
85043,Red Heart Candy Pop Lights,4.95,1
90214U,"Letter ""U"" Bling Key Ring",4.7299999999999995,2
45014,Folding Shirt Tidy,4.65,1
81953B,Round Articulated Blue Clock W/Suck,4.64,6
79151B,"Silicon Cube 25W, Blue",4.62,2
79157B,Ubo-Light Triobase Blue,4.25,3
21409,Spotty Cockerel Doorstop,4.25,1
79157V,Ubo-Light Triobase Purple,4.25,3
72752A,"F.Fairy,Candle In Glass,Lily/Valley",4.25,1
90125E,Amber Bertie Glass Bead Bag Charm,4.2,2
84255A,Pink Glass Cocktail Lamp,4.2,2
20877,Modern Christmas Bauble Candle,4.2,3
20884,Modern Christmas Tree Candle,4.2,2
37432,Mug Pink And Purple Arabic Design,3.9,1
72084B,Chocolate Ice Cream Candle,3.9,1
16010,Folding Camping Scissor W/Knif & S,3.84,4
35974,S/6 Christmas Tree Place Setting,3.75,1
90128D,Purple Leaves And Beads Phone Char,3.75,2
90004A,Jade Green Pair Enamel Hair Slides,3.75,1
90025B,Baroque Butterfly Earrings Red,3.75,1
40046C,Pink Butterfly Paper Lampshade,3.75,3
37438,Funky Flower Coffee Pot,3.75,1
84731,3 Birds Canvas Screen,3.69,3
21081,Set/20 Posies Paper Napkins,3.4,4
35995,Set/6 Black Glitter Reindeer Candle,3.36,4
20683,Rain Girl Childs Umbrella,3.25,1
23630,Set 10 Cards Hanging Baubles 17080,2.99,1
62097A,Pink Stripes Shoulder Bag,2.95,1
90011E,Amber Crystal Drop Earrings,2.95,1
79301,Feather Heart Lights,2.95,1
20885,Box Of 3 Pebble Candles,2.95,1
85171,S/2 Hyacinth Bulb Candles,2.55,1
47569,English Rose Design Shopping Bag,2.55,1
21036,Set/2 Tea Towels Modern Vintage,2.55,1
35999,S/6 Scandinavian Heart T-Light,2.55,1
47556,Set/2 Spotty + Rose Tea Towels,2.55,1
47554,S/3 Colours Flock Tea Towels,2.55,1
71434B,"Black Rnd Bullet""Keep Clean"" Bin",2.55,1
90091,Crystal Dragonfly Phone Charm,2.55,2
90077,Black Diamond Cluster Earrings,2.55,1
90055,Cracked Glaze Earrings Brown,2.55,1
17028J,Incense Bazaar Peach,2.52,1
90071,Ruby Glass Cluster Earrings,2.5,2
90127B,Blue Beads+Hand Phone Charm,2.5,2
21225,Pocket Mirror Butterfly,2.5,2
84250M,"Greeting Card, Blackpool Rock",2.28,1
20620,Red Spotty Passport Cover,2.1,1
17061,Assorted Shaped Stencil For Henna,2.08,1
85192S,Hanging Spring Flower Heart Small,1.9500000000000002,2
35945,Gold Christmas Stocking Decoration,1.95,1
84814A,Hexagonal Crystal Perfume Bottle,1.95,1
46138D,Green Chenille Shaggy C/Cover,1.95,1
84206C,Champagne Tray Blank Card,1.9,4
84201C,Happy Birthday Card Teddy/Cake,1.9,3
84206B,Cat W Sunglasses Blank Card,1.71,2
35837,Set Of Six Silver+Red Flock Baubles,1.7,1
20881,Modern Christmas Tree Candle,1.7,1
72754D,F Fairy Potpourri Cushions Summer,1.69,1
10109,Bendy Colour Pencils,1.68,1
23664,Flower Shop Design Mug,1.65,1
85024A,Crystal Small Jewelled Photoframe,1.65,1
21585,Swallow Small Tube Matches,1.65,1
72796C,S/3 Rose Garden Scent Squ Candle,1.65,1
35980B,Red Top Scandinavian Heart,1.52,2
35976B,White Scandinavian Heart Christmas,1.25,1
35950,Folkart Heart Christmas Decorations,1.25,1
84845A,Hollyhock Square Handy Tin,1.25,1
37326,Fairy Design Mugs,1.25,1
TEST002,This Is A Test Product.,1.0,1
20721,Owls Charlotte Bag,0.85,1
84205C,Happy Birthday Ginger Cat Card,0.38,1
35930,Pink Heart Christmas Decoration,0.38,1
PADS,Pads To Match All Cushions,0.017,17
